;Planet_Name;Name;B_G;True_pred
0;109 Psc b;109 Psc;1.3447113107923254;True
1;112 Psc b;112 Psc;1.3266119383763764;True
2;112 Psc c;112 Psc;1.3266119383763764;True
3;11 UMi b;11 UMi;8.222850973835412;True
4;14 And Ab;14 And A;7.289647827503745;True
5;14 Her b;14 Her;3.6333075282532694;True
6;14 Her c;14 Her;3.6333075282532694;True
7;16 Cyg Bb;16 Cyg B;2.6449304904347315;True
8;18 Del Ab;18 Del A;16.5020700978708;True
9;23 Lib b;23 Lib;1.1549940700580177;True
10;23 Lib c;23 Lib;1.1549940700580177;True
11;24 Boo b;"24 Bo&ouml;";29.160834801990053;True
12;24 Sex b;24 Sex;3.970612345456291;True
13;24 Sex c;24 Sex;3.970612345456291;True
14;2M1510 (AB)b;2M1510(AB);1314.4320036234271;True
15;2MASS J0103-5515 (AB)b;2MASS J0103-5515;638.4802758500366;True
16;2MASS J0437+2651 b;2MASS J0437+2651;1832.4205108245312;True
17;2MASS J0534-0530 b;2MASS J0534-0530;1314.4320036234271;True
18;2MASS J0558-4501 b;2MASS J0558-4501;0.9861709475517273;True
19;2MASS J1155-7919 b;2MASS J1155-7919;0.9861709475517273;True
20;2MASS J1252+2735 b;2MASS J1252+2735;12.700378537333869;True
21;2MASS J1253+2734 b;2MASS J1253+2734;3.80687233868787;True
22;2MASS J1258+2630 b;2MASS J1258+2630;232.61202557654624;True
23;2MASS J2236+4751 b;2MASS J2236+4751;582.5323321455486;True
24;38 Vir b;38 Vir;36.86108566005581;True
25;41 Com Ab;41 Com;8.388798852287238;True
26;44 Uma b;44 Uma;7.105518361415412;True
27;47 UMa b;47 UMa;2.2831933579947767;True
28;47 UMa c;47 UMa;2.2831933579947767;True
29;47 UMa d;47 UMa;2.2831933579947767;True
30;51 Eri Ab;51 Eri A;171.31133573513944;True
31;51 Peg b;51 Peg;1.6912228732794197;True
32;54 Psc b;54 Psc;41.761911583959794;True
33;55 Cnc Ab;55 Cnc A;16.518873997277147;True
34;55 Cnc Ac;55 Cnc A;16.518873997277147;True
35;55 Cnc Ad;55 Cnc A;16.518873997277147;True
36;55 Cnc Ae;55 Cnc A;16.518873997277147;True
37;55 Cnc Af;55 Cnc A;16.518873997277147;True
38;55 Cnc Bb;55 Cnc B;432.29398305360814;True
39;55 Cnc Bc;55 Cnc B;432.29398305360814;True
40;61 Vir b;61 Vir;1.5165021271666368;True
41;61 Vir c;61 Vir;1.5165021271666368;True
42;61 Vir d;61 Vir;1.5165021271666368;True
43;6 Lyn b;6 Lyn;8.794927207996098;True
44;70 Vir Ab;70 Vir A;23.441154879711377;True
45;75 Cet Ab;75 Cet A;19.53277378066385;True
46;75 Cet Ac;75 Cet A;19.53277378066385;True
47;79 Cet Ab;79 Cet A;7.359146950514418;True
48;81 Cet b;81 Cet;9.26963772903667;True
49;82 Eri b;82 Eri;12.762671413358367;True
50;82 Eri c;82 Eri;12.762671413358367;True
51;82 Eri d;82 Eri;12.762671413358367;True
52;82 Eri e;82 Eri;12.762671413358367;True
53;8 Umi b;8 Umi;17.606948137190688;True
54;94 Cet Ab;94 Cet A;4.075067734999514;True
55;AB Aur b;AB Aur;357.67149460572443;True
56;AB Pic c;AB Pic;32.89092924475975;True
57;AF Lep b;AF Lep;196.52501814083513;True
58;alf Ari b;alf Ari;8.794927207996098;True
59;AS 209 b;AS 209;65.73276576882122;True
60;AT2021uey b;AT2021uey;220.13556301438385;True
61;AU Mic b;AU Mic;183.20912622344565;True
62;AU Mic c;AU Mic;183.20912622344565;True
63;AU Mic d;AU Mic;183.20912622344565;True
64;Barnard's star b;Barnard's star;767.9980754439647;True
65;Barnard's star c;Barnard's star;767.9980754439647;True
66;Barnard's star d;Barnard's star;767.9980754439647;True
67;Barnard's star e;Barnard's star;767.9980754439647;True
68;b Cen (AB)b;b Cen (AB);329.60946464077244;True
69;BD+03 2562 b;BD+03 2562;44.54444048953142;True
70;BD-06 1339 c;BD-06 1339;7.767036875418139;True
71;BD-06 1339 d;BD-06 1339;7.767036875418139;True
72;BD-06 1339 e;BD-06 1339;7.767036875418139;True
73;BD-08 2823 b;BD-08 2823;4.648267371197965;True
74;BD-08 2823 c;BD-08 2823;4.648267371197965;True
75;BD-10 3166 b;BD-10 3166;37.846641820014455;True
76;BD-11 4672 b;BD-11 4672;11.363593045678853;True
77;BD-11 4672 c;BD-11 4672;11.363593045678853;True
78;BD+14 4559 b;BD+14 4559;18.223842165118977;True
79;BD+15 2375 b;BD+15 2375;32.57497301111025;True
80;BD+15 2940 b;BD+15 2940;20.54821760019183;True
81;BD-17 63 b;BD-17 63;5.682970945467606;True
82;BD+20 2457 c;BD+20 2457;21.512458867465497;True
83;BD+20 274 b;BD+20 274;13.083888756757275;True
84;BD+20 594 b;BD+20 594;11.137529371281143;True
85;BD-21 397 c;BD-21 397;114.89527566836765;True
86;BD+37 3172 b;BD+37 3172;9.796315646152282;True
87;BD+42 2315 b;BD+42 2315;14.831376367017084;True
88;BD+45 564 b;BD+45 564;0.9861709475517273;True
89;BD+48 738 b;BD +48 738;3.801708668260484;True
90;BD+48 740 b;BD+48 740;36.42585001538626;True
91;BD+49 828 b;BD+49 828;20.10573577078475;True
92;BD+55 362 b;BD+55 362;0.9861709475517273;True
93;BD+63 1405 Ab;BD+63 1405 A;16.538372956788532;True
94;BEBOP-3 (AB)b;BD+79 230 (AB);3.0263840052309066;True
95;beta Cnc Ab;beta Cnc A;13.433247091491298;True
96;beta Pic b;beta Pic;165.91141141460164;True
97;beta Pic c;beta Pic;165.91141141460164;True
98;beta Umi b;beta Umi;18.226914634256076;True
99;CD-35 2722 b;CD-35 2722;91.42088959760362;True
100;CD Cet b;CD Cet;767.9980754439655;True
101;chi Sco b;chi Sco;5.328031770098704;True
102;chi Vir b;chi Vir;6.9414124372950745;True
103;chi Vir c;chi Vir;6.9414124372950745;True
104;CHXR 73 Ab;CHXR 73 A;296.03509785748736;True
105;CI Tau c;CI Tau;7.51432801580081;True
106;COCONUTS-2 b;COCONUTS-2A;223.7662647979885;True
107;CoRoT-10 b;CoRoT-10;38.05475743190225;True
108;CoRoT-11 b;CoRoT-11;7.664737607097212;True
109;CoRoT-12 b;CoRoT-12;13.51340709227879;True
110;CoRoT-13 b;CoRoT-13;7.725108354169398;True
111;CoRoT-14 b;CoRoT-14;5.278505445729815;True
112;CoRoT-16 b;CoRoT-16;19.544744508160953;True
113;CoRoT-17 b;CoRoT-17;7.7379231419473316;True
114;CoRoT-18 b;CoRoT-18;23.84926785779609;True
115;CoRoT-19 b;CoRoT-19;4.816939204626573;True
116;CoRoT-1 b;CoRoT-1;1.5165021271666368;True
117;CoRoT-20 b;CoRoT-20;18.95563949776005;True
118;CoRoT-21 b;CoRoT-21;13.713754773969786;True
119;CoRoT-22 b;CoRoT-22;7.725108354169395;True
120;CoRoT-23 b;CoRoT-23;18.95563949776005;True
121;CoRoT-24 b;CoRoT-24;7.780402762633943;True
122;CoRoT-24 c;CoRoT-24;7.780402762633943;True
123;CoRoT-25 b;CoRoT-25;4.79544752799751;True
124;CoRoT-26 b;CoRoT-26;21.831208243819617;True
125;CoRoT-27 b;CoRoT-27;4.244313557205995;True
126;CoRoT-28 b;CoRoT-28;1.3947065215413126;True
127;CoRoT-29 b;CoRoT-29;17.504738785964808;True
128;CoRoT-2 Ab;CoRoT-2 A;15.338824938241444;True
129;CoRoT-30 b;CoRoT-30;3.656020841807751;True
130;CoRoT-31 b;CoRoT-31;6.193481616971807;True
131;CoRoT-32 b;CoRoT-32;13.171681072006582;True
132;CoRoT-35 b;CoRoT-35;2.9050749928863904;True
133;CoRoT-36 b;CoRoT-36;36.86108566005581;True
134;CoRoT-4 b;CoRoT-4;4.604096989331093;True
135;CoRoT-5 b;CoRoT-5;1.770912169470917;True
136;CoRoT-6 b;CoRoT-6;3.0885812540236106;True
137;CoRoT-7 Ab;CoRoT-7 A;13.277890970683725;True
138;CoRoT-7 Ac;CoRoT-7 A;13.277890970683725;True
139;CoRoT-7 Ad;CoRoT-7 A;13.277890970683725;True
140;CoRoT-8 b;CoRoT-8;19.470079699993786;True
141;CoRoT-9 Ab;CoRoT-9 A;3.656020841807751;True
142;COUP 710 b;COUP 710;702.4335101796015;True
143;DE CVn b;DE CVn;0.9861709475517273;True
144;DH Tau b;DH Tau;187.5164634247953;True
145;DMPP-4 b;DMPP-4;2.253463594598772;True
146;DM Tau b;DM Tau;226.94221901449737;True
147;DP Leo (AB) b;DP Leo (AB);80.88520498633795;True
148;DS Tuc Ab;DS Tuc A;9.830114155969795;True
149;DW Lyn b;DW Lyn;0.9861709475517273;True
150;Elias 2-27 b;Elias 2-27;261.86242277193367;True
151;EPIC 201390927 b;EPIC 201390927;6.095157800111858;True
152;EPIC 201456770 b;EPIC 201456770;1.8053695116822115;True
153;EPIC 205084841 b;EPIC 205084841;5.225446657870149;True
154;eps CrB Ab;eps CrB A;8.222850973835408;True
155;eps Eridani b;eps Eridani;9.697733910357185;True
156;Eps Ind Ab;eps Ind A;5.682970945467606;True
157;eps Ret Ab;eps Ret A;26.853790762105888;True
158;eps Tau b;eps Tau;9.85598393303122;True
159;eta2 Hyi b;eta2 Hyi;13.946268744238957;True
160;eta Cet b;eta Cet;8.388798852287243;True
161;eta Cet c;eta Cet;8.388798852287243;True
162;FN Lyr b;FN Lyr;11.475507201797324;True
163;G 192-15 b;G 192-15;702.9799187482328;True
164;G 192-15 c;G 192-15;702.9799187482328;True
165;G 261-6 b;G 261-6;446.9141528039238;True
166;G 264-012 b;G 264-012;182.03076188019753;True
167;G 264-012 c;G 264-012;182.03076188019753;True
168;G 268-110 b;G 268-110;1422.9369831370984;True
169;G 9-40 b;G 9-40;184.6897869401111;True
170;Gaia-1 b;Gaia-1;14.806830924778945;True
171;Gaia22dkv b;Gaia22dkv;64.42323856722842;True
172;Gaia-2 b;Gaia-2;3.601350877968173;True
173;Gaia-4 b;Gaia-ASOI-047;65.07575178152155;True
174;Gaia EDR3 2077240046296834304 b;Gaia EDR3 2077240046296834304;4.1714028942577155;True
175;GALEX J0718+3731 b;GALEX 0718+3731;114.68962599231926;True
176;gamma Lib b;gamma Lib;18.496210327615707;True
177;gamma Lib c;gamma Lib;18.496210327615707;True
178;gam Psc b;gam Psc;0.9861709475517273;True
179;GJ 1002 b;GJ 1002;0.9861709475517273;True
180;GJ 1002 c;GJ 1002;0.9861709475517273;True
181;GJ 1018 b;GJ 1018;132.38210141086566;True
182;GJ 1061 b;GJ 1061;708.6308278795407;True
183;GJ 1061 c;GJ 1061;708.6308278795407;True
184;GJ 1061 d;GJ 1061;708.6308278795407;True
185;GJ 1132 b;GJ 1132;351.456887026475;True
186;GJ 1132 c;GJ 1132;351.456887026475;True
187;GJ 1151 c;GJ 1151;1091.2733161422411;True
188;GJ 1214 b;GJ 1214;702.9799187482341;True
189;GJ 1252 b;GJ 1252;244.97733266440488;True
190;GJ 1265 b;GJ 1265;362.59589351496095;True
191;GJ 1289 b;GJ 1289;768.7539671915991;True
192;GJ 143 b;GJ 143;4.927757156105401;True
193;GJ 143 c;GJ 143;4.927757156105401;True
194;GJ 15 Ab;GJ 15 A;117.87255392852803;True
195;GJ 15 Ac;GJ 15 A;117.87255392852803;True
196;GJ 160.2 b;GJ 160.2;6.841013193037563;True
197;GJ 163 b;GJ 163;638.4802758500366;True
198;GJ 163 c;GJ 163;638.4802758500366;True
199;GJ 163 d;GJ 163;638.4802758500366;True
200;GJ 176 b;GJ 176;31.07145517100759;True
201;GJ 176 c;GJ 176;31.07145517100759;True
202;GJ 179 b;GJ 179;187.51646342479543;True
203;GJ 179 c;GJ 179;187.51646342479543;True
204;GJ 180 b;GJ 180;225.609275797968;True
205;GJ 180 c;GJ 180;225.609275797968;True
206;GJ 180 d;GJ 180;225.609275797968;True
207;GJ 2030 Ab;GJ 2030 A;23.84926785779609;True
208;GJ 2030 Ac;GJ 2030 A;23.84926785779609;True
209;GJ 2056 b;GJ 2056;277.78849969669864;True
210;GJ 2056 c;GJ 2056;277.78849969669864;True
211;GJ 2126 b;GJ 2126;73.66002936801222;True
212;GJ 229 c;GJ 229;213.2429305012069;True
213;GJ 229 d;GJ 229;213.2429305012069;True
214;GJ 238 b;GJ 238;146.83748736026607;True
215;GJ 251 b;GJ 251;223.7662647979885;True
216;GJ 27.1 b;GJ 27.1;169.22814175415468;True
217;GJ 3021 Ab;GJ 3021 A;6.095157800111858;True
218;GJ 3082 b;GJ 3082;1087.6394459125636;True
219;GJ 3090 b;GJ 3090;175.55538099912877;True
220;GJ 3138 b;GJ 3138;155.50118468251182;True
221;GJ 3138 c;GJ 3138;155.50118468251182;True
222;GJ 3138 d;GJ 3138;155.50118468251182;True
223;GJ 317 b;GJ 317;133.08445122978276;True
224;GJ 317 c;GJ 317;133.08445122978276;True
225;GJ 3222 Ab;GJ 3222 A;6.844926010836627;True
226;GJ 328 b;GJ 328;210.53773353890645;True
227;GJ 328 c;GJ 328;210.53773353890645;True
228;GJ 3293 b;GJ 3293;207.20650233860215;True
229;GJ 3293 c;GJ 3293;207.20650233860215;True
230;GJ 3293 d;GJ 3293;207.20650233860215;True
231;GJ 3293 e;GJ 3293;207.20650233860215;True
232;GJ 3323 b;GJ 3323;1091.2733161422411;True
233;GJ 3323 c;GJ 3323;1091.2733161422411;True
234;GJ 3341 b;GJ 3341;128.71658760267965;True
235;GJ 338 Bb;GJ 338 B;46.96989265503597;True
236;GJ 341 b;GJ 341;213.2429305012069;True
237;GJ 3470 b;GJ 3470;186.417278834136;True
238;GJ 3473 Ab;GJ 3473 A;216.34397379833837;True
239;GJ 3473 Ac;GJ 3473 A;216.34397379833837;True
240;GJ 3512 b;GJ 3512;446.91415280392425;True
241;GJ 3512 c;GJ 3512;446.91415280392425;True
242;GJ 357 b;GJ 357;171.3799929924961;True
243;GJ 357 c;GJ 357;171.3799929924961;True
244;GJ 357 d;GJ 357;171.3799929924961;True
245;GJ 3634 b;GJ 3634;70.6379023344344;True
246;GJ 367  b;GJ 367;70.6379023344344;True
247;GJ 367 c;GJ 367;70.6379023344344;True
248;GJ 367 d;GJ 367;70.6379023344344;True
249;GJ 3779 b;GJ 3779;466.9152196714152;True
250;GJ 3929 b;GJ 3929;184.6897869401111;True
251;GJ 3929 c;GJ 3929;184.6897869401111;True
252;GJ 393 b;GJ 393;132.1724921048619;True
253;GJ 3942 b;GJ 3942;233.41282156755636;True
254;GJ 3988 b;GJ 3988;379.1756816212086;True
255;GJ 3998 b;GJ 3998;241.2663923601941;True
256;GJ 3998 c;GJ 3998;241.2663923601941;True
257;GJ 3998 d;GJ 3998;241.2663923601941;True
258;GJ 414 Ab;GJ 414 A;222.42194717761163;True
259;GJ 414 Ac;GJ 414 A;222.42194717761163;True
260;GJ 4276 b;GJ 4276;117.87255392852803;True
261;GJ 4276 c;GJ 4276;117.87255392852803;True
262;GJ 433 b;GJ 433;235.4402968345192;True
263;GJ 433 c;GJ 433;235.4402968345192;True
264;GJ 433 d;GJ 433;235.4402968345192;True
265;GJ 436 b;GJ 436;223.76626479798827;True
266;GJ 463 b;GJ 463;186.417278834136;True
267;GJ 480 b;GJ 480;104.88252929872948;True
268;GJ 480 c;GJ 480;104.88252929872948;True
269;GJ 486 b;GJ 486;187.51646342479543;True
270;GJ 504  b;GJ 504;5.026531076858301;True
271;GJ 508.2 b;GJ 508.2;199.6042607837568;True
272;GJ 536 b;GJ 536;151.04262491260482;True
273;GJ 536 c;GJ 536;151.04262491260482;True
274;GJ 581 b;GJ 581;159.5897672620198;True
275;GJ 581 c;GJ 581;159.5897672620198;True
276;GJ 581 e;GJ 581;159.5897672620198;True
277;GJ 625 b;GJ 625;126.02438049140558;True
278;GJ 649 b;GJ 649;281.0528963547378;True
279;GJ 649 c;GJ 649;281.0528963547378;True
280;GJ 667 Cb;GJ 667 C;207.7062291296886;True
281;GJ 667 Cc;GJ 667 C;207.7062291296886;True
282;GJ 667 Ce;GJ 667 C;207.7062291296886;True
283;GJ 667 Cf;GJ 667 C;207.7062291296886;True
284;GJ 667 Cg;GJ 667 C;207.7062291296886;True
285;GJ 674 b;GJ 674;233.37307985570425;True
286;GJ 676 Ab;GJ 676 A;35.56499420128089;True
287;GJ 676 Ad;GJ 676 A;35.56499420128089;True
288;GJ 676 Ae;GJ 676 A;35.56499420128089;True
289;GJ 682 b;GJ 682;466.9152196714152;True
290;GJ 682 c;GJ 682;466.9152196714152;True
291;GJ 685 b;GJ 685;48.671626564051294;True
292;GJ 687 b;GJ 687;190.39707990706717;True
293;GJ 687 c;GJ 687;190.39707990706717;True
294;GJ 720 Ab;GJ 720 A;241.26639236019432;True
295;GJ 724 b;GJ 724;190.1238325498726;True
296;GJ 740 b;GJ 740;0.9861709475517273;True
297;GJ 752 Ab;GJ 752 A;132.1724921048619;True
298;GJ 777 Ab;GJ 777 A;1.4739407868982866;True
299;GJ 777 Ac;GJ 777 A;1.4739407868982866;True
300;GJ 777 Ad;GJ 777 A;1.4739407868982866;True
301;GJ 785 b;GJ 785;13.816369336550068;True
302;GJ 785 c;GJ 785;13.816369336550068;True
303;GJ 832 b;GJ 832;146.83748736026607;True
304;GJ 849 b;GJ 849;31.07145517100759;True
305;GJ 849 c;GJ 849;31.07145517100759;True
306;GJ 86 Ab;GJ 86 A;5.225446657870149;True
307;GJ 876 b;GJ 876;187.51646342479543;True
308;GJ 876 c;GJ 876;187.51646342479543;True
309;GJ 876 d;GJ 876;187.51646342479543;True
310;GJ 876 e;GJ 876;187.51646342479543;True
311;GJ 887 b;GJ 887;242.40449190866948;True
312;GJ 887 c;GJ 887;242.40449190866948;True
313;GJ 896 Ab;GJ 896 A;295.9858585562415;True
314;GJ 900 (ABC)b;GJ 900;46.96989265503597;True
315;GJ 9066 c;GJ 9066;944.216093504172;True
316;GJ 9404 b;GJ 9404;128.36057504560517;True
317;GJ 9689 b;GJ 9689;132.02623890013462;True
318;GJ 9714 Ab;GJ 9714 A;17.670598872816466;True
319;GJ 9773 b;GJ 9773;109.8956983971453;True
320;GJ 9827 b;GJ 9827;111.29173690823175;True
321;GJ 9827 c;GJ 9827;111.29173690823175;True
322;GJ 9827 d;GJ 9827;111.29173690823175;True
323;Gl 378 b;Gl 378;82.954720077375;True
324;Gl 410 b;Gl 410;87.95815870727634;True
325;Gl 514 b;Gl 514;267.25982797115915;True
326;Gl 686 b;Gl 686;42.94414892346228;True
327;Gl 725 Ab;Gl 725 A;0.9861709475517273;True
328;Gliese 12 b;Gliese 12;1021.8288222673472;True
329;Gliese 49 Ab;Gliese 49;277.71061394174365;True
330;GU Psc b;GU Psc;296.03509785748736;True
331;HAT-P-10 Ab;HAT-P-10 A;41.12976699427181;True
332;HAT-P-11 b;HAT-P-11;4.4195127867930415;True
333;HAT-P-11 c;HAT-P-11;4.4195127867930415;True
334;HAT-P-12 b;HAT-P-12;7.70236652406648;True
335;HAT-P-13 b;HAT-P-13;1.9391192754980224;True
336;HAT-P-14 Ab;HAT-P-14 A;3.2941259847175335;True
337;HAT-P-15 b;HAT-P-15;1.1445401598081808;True
338;HAT-P-16 Ab;HAT-P-16 A;8.832930474314207;True
339;HAT-P-17 b;HAT-P-17;3.185494632668544;True
340;HAT-P-17 c;HAT-P-17;3.185494632668544;True
341;HAT-P-18 Ab;HAT-P-18 A;16.59746806524845;True
342;HAT-P-19 b;HAT-P-19;3.687635600821907;True
343;HAT-P-1 Bb;HAT-P-1 B;6.032957997503296;True
344;HAT-P-20 Ab;HAT-P-20 A;5.682970945467606;True
345;HAT-P-21 b;HAT-P-21;2.8991235117544427;True
346;HAT-P-22 Ab;HAT-P-22 A;7.729491793377943;True
347;HAT-P-23 Ab;HAT-P-23 A;18.924255539314625;True
348;HAT-P-24 Ab;HAT-P-24 A;5.904421031317662;True
349;HAT-P-25 b;HAT-P-25;1.0703731359649238;True
350;HAT-P-26 b;HAT-P-26;3.687635600821907;True
351;HAT-P-26 d;HAT-P-26;3.687635600821907;True
352;HAT-P-27 Ab;HAT-P-27 A;20.742683336805367;True
353;HAT-P-27 Ac;HAT-P-27 A;20.742683336805367;True
354;HAT-P-28 b;HAT-P-28;6.600057012895927;True
355;HAT-P-29 b;HAT-P-29;1.0477858298976432;True
356;HAT-P-2 b;HAT-P-2;68.83902485371101;True
357;HAT-P-2 c;HAT-P-2;68.83902485371101;True
358;HAT-P-30 Ab;HAT-P-30 A;6.02269665778003;True
359;HAT-P-31 b;HAT-P-31;2.271773575777092;True
360;HAT-P-32 Ab;HAT-P-32 A;5.100618669667966;True
361;HAT-P-33 Ab;HAT-P-33 A;1.7340004410706735;True
362;HAT-P-34 b;HAT-P-34;2.6716209743581096;True
363;HAT-P-35 Ab;HAT-P-35 A;15.62000384638229;True
364;HAT-P-36 b;HAT-P-36;1.5898481616801852;True
365;HAT-P-37 b;HAT-P-37;23.84926785779609;True
366;HAT-P-38 b;HAT-P-38;7.310432961191648;True
367;HAT-P-39 Ab;HAT-P-39 A;1.7340004410706735;True
368;HAT-P-3 Ab;HAT-P-3 A;14.03439880878128;True
369;HAT-P-40 b;HAT-P-40;59.30105296096596;True
370;HAT-P-41 Ab;HAT-P-41 A;17.381613260183634;True
371;HAT-P-42 b;HAT-P-42;4.3668381740916855;True
372;HAT-P-43 b;HAT-P-43;14.077538229184812;True
373;HAT-P-44 Bb;HAT-P-44 B;13.277890970683725;True
374;HAT-P-44 Bc;HAT-P-44 B;13.277890970683725;True
375;HAT-P-45 Ab;HAT-P-45 A;7.087369395809489;True
376;HAT-P-46 b;HAT-P-46;2.9225422221086883;True
377;HAT-P-46 c;HAT-P-46;2.9225422221086883;True
378;HAT-P-47 b;HAT-P-47;11.475507201797324;True
379;HAT-P-48 b;HAT-P-48;7.725108354169397;True
380;HAT-P-49 b;HAT-P-49;30.013310818418343;True
381;HAT-P-4 b;HAT-P-4;1.8140982915283128;True
382;HAT-P-50 b;HAT-P-50;2.8451042517999197;True
383;HAT-P-51 Ab;HAT-P-51 A;37.846641820014455;True
384;HAT-P-52 b;HAT-P-52;11.806537490785637;True
385;HAT-P-53 b;HAT-P-53;7.725108354169397;True
386;HAT-P-54 b;HAT-P-54;86.3147057501028;True
387;HAT-P-55 b;HAT-P-55;4.207788586161939;True
388;HAT-P-56 b;HAT-P-56;3.882278259360783;True
389;HAT-P-57 Ab;HAT-P-57 A;133.2366855050945;True
390;HAT-P-58 b;HAT-P-58;4.308894755574049;True
391;HAT-P-59 b;HAT-P-59;3.601350877968172;True
392;HAT-P-5 b;HAT-P-5;2.2984074646508637;True
393;HAT-P-60 b;HAT-P-60;2.1349981467542647;True
394;HAT-P-61 b;HAT-P-61;10.86801371893919;True
395;HAT-P-62 b;HAT-P-62;5.718790500457345;True
396;HAT-P-63 b;HAT-P-63;16.480866674093964;True
397;HAT-P-64 b;HAT-P-64;9.331157387355482;True
398;HAT-P-65 b;HAT-P-65;3.963373971508083;True
399;HAT-P-66 b;HAT-P-66;8.394940097418589;True
400;HAT-P-67 Ab;HAT-P-67 A;16.31426928662606;True
401;HAT-P-68 b;HAT-P-68;7.161019035780909;True
402;HAT-P-69 b;HAT-P-69;154.95406919296371;True
403;HAT-P-6 b;HAT-P-6;28.692599406158696;True
404;HAT-P-70 b;HAT-P-70;117.0053664846766;True
405;HAT-P-7 Ab;HAT-P-7 A;2.6716209743581105;True
406;HAT-P-8 Ab;HAT-P-8 A;13.088676946656406;True
407;HAT-P-9 b;HAT-P-9;6.0301646114347065;True
408;HATS-10 b;HATS-10;16.530390705385997;True
409;HATS-11 b;HATS-11;5.621770178859459;True
410;HATS-12 b;HATS-12;2.3351775674912254;True
411;HATS-13 b;HATS-13;15.338824938241444;True
412;HATS-14 b;HATS-14;23.84926785779609;True
413;HATS-15 b;HATS-15;16.538646400321632;True
414;HATS-16 b;HATS-16;3.601350877968173;True
415;HATS-17 b;HATS-17;11.518194281272862;True
416;HATS-18 b;HATS-18;28.375215156263376;True
417;HATS-19 b;HATS-19;4.99041449262936;True
418;HATS-1 Ab;HATS-1 A;3.318348746471478;True
419;HATS-20 b;HATS-20;17.33272561602602;True
420;HATS-21 b;HATS-21;20.62249151422996;True
421;HATS-22 b;HATS-22;14.916820683045731;True
422;HATS-23 b;HATS-23;18.864831937798424;True
423;HATS-24 b;HATS-24;5.026531076858301;True
424;HATS-25 b;HATS-25;1.4632909729122217;True
425;HATS-26 b;HATS-26;2.5758739078815056;True
426;HATS-27 b;HATS-27;12.064790071713087;True
427;HATS-28 b;HATS-28;8.578255163100529;True
428;HATS-29 b;HATS-29;2.5632799383375446;True
429;HATS-2 b;HATS-2;3.309669797812064;True
430;HATS-30 Ab;HATS-30 A;7.725108354169397;True
431;HATS-31 b;HATS-31;6.585993341276075;True
432;HATS-32 b;HATS-32;18.4626211827487;True
433;HATS-33 b;HATS-33;9.503966699181246;True
434;HATS-34 b;HATS-34;23.84926785779609;True
435;HATS-35 b;HATS-35;10.655349846397751;True
436;HATS-36 b;HATS-36;1.6408041023629238;True
437;HATS-37 Ab;HATS-37 A;11.400479062873922;True
438;HATS-38 b;HATS-38;3.2407678895877603;True
439;HATS-39 b;HATS-39;2.283546263825032;True
440;HATS-3 b;HATS-3;0.9538668676984222;True
441;HATS-40 b;HATS-40;14.852247244161418;True
442;HATS-41 b;HATS-41;14.835594750231104;True
443;HATS-42 b;HATS-42;5.45034202310218;True
444;HATS-43 b;HATS-43;16.538372956788532;True
445;HATS-44 b;HATS-44;12.494101067732355;True
446;HATS-45 b;HATS-45;9.282441840999445;True
447;HATS-46 b;HATS-46;42.51901791638067;True
448;HATS-47 Ab;HATS-47 A;7.161019035780909;True
449;HATS-48 Ab;HATS-48 A;3.914092054211561;True
450;HATS-49 b;HATS-49;4.249880722838528;True
451;HATS-4 b;HATS-4;46.203214112857864;True
452;HATS-50 b;HATS-50;1.0477858298976432;True
453;HATS-51 b;HATS-51;2.371512446515341;True
454;HATS-52 b;HATS-52;2.072214220842012;True
455;HATS-53 b;HATS-53;3.9101682568425087;True
456;HATS-54 b;HATS-54;30.096671951174503;True
457;HATS-55 Ab;HATS-55 A;3.3687906458330885;True
458;HATS-56 b;HATS-56;22.46835264614008;True
459;HATS-57 Ab;HATS-57 A;31.083286181596584;True
460;HATS-58 Ab;HATS-58 A;119.40912484963116;True
461;HATS-59 b;HATS-59;16.44440463051612;True
462;HATS-59 c;HATS-59;16.44440463051612;True
463;HATS-5 b;HATS-5;1.3947065215413126;True
464;HATS-60 b;HATS-60;18.4626211827487;True
465;HATS-61 b;HATS-61;20.3187349466504;True
466;HATS-62 Ab;HATS-62 A;16.48086667409397;True
467;HATS-63 b;HATS-63;13.669985527441874;True
468;HATS-64 b;HATS-64;22.46835264614008;True
469;HATS-65 Ab;HATS-65 A;15.607910975852898;True
470;HATS-66 b;HATS-66;3.882278259360783;True
471;HATS-67 b;HATS-67;8.39706321663166;True
472;HATS-68 b;HATS-68;4.2613712450638745;True
473;HATS-69 b;HATS-69;11.920492378827554;True
474;HATS-6 Bb;HATS-6 B;93.14404358822794;True
475;HATS-70 b;HATS-70;961.8794985010422;True
476;HATS-71 b;HATS-71;210.31065159392028;True
477;HATS-72 b;HATS-72;5.682970945467606;True
478;HATS-74 Ab;HATS-74 A;159.16430047067735;True
479;HATS-75 b;HATS-75;159.16430047067735;True
480;HATS-76 b;HATS-76;210.53773353890645;True
481;HATS-77 b;HATS-77;133.01290245098366;True
482;HATS-7 b;HATS-7;79.81015053673062;True
483;HATS-8 b;HATS-8;7.100576298849128;True
484;HATS-9 b;HATS-9;3.898939948349848;True
485;HD 100546 b;HD 100546;329.2816940072464;True
486;HD 100655 Ab;HD 100655 A;15.099282164999606;True
487;HD 100777 b;HD 100777;10.86801371893919;True
488;HD 101581 b;HD 101581;73.05963287422176;True
489;HD 101581 c;HD 101581;73.05963287422176;True
490;HD 10180 c;HD 10180;4.244313557205995;True
491;HD 10180 d;HD 10180;4.244313557205995;True
492;HD 10180 e;HD 10180;4.244313557205995;True
493;HD 10180 f;HD 10180;4.244313557205995;True
494;HD 10180 g;HD 10180;4.244313557205995;True
495;HD 10180 h;HD 10180;4.244313557205995;True
496;HD 101930 Ab;HD 101930 A;21.51336628104559;True
497;HD 102117 b;HD 102117;1.3139343231119989;True
498;HD 102195 b;HD 102195;13.277890970683735;True
499;HD 102272 b;HD 102272;7.759732078081611;True
500;HD 102329 b;HD 102329;9.785669214262247;True
501;HD 102329 c;HD 102329;9.785669214262247;True
502;HD 102365 Ab;HD 102365 A;86.22863973250212;True
503;HD 102843 b;HD 102843;23.84926785779609;True
504;HD 102888 b;HD 102888;25.366842798543416;True
505;HD 102956 Ab;HD 102956 A;15.799113136994688;True
506;HD 103197 b;HD 103197;5.329838168684424;True
507;HD 103720 b;HD 103720;5.285512032455847;True
508;HD 103774 Ab;HD 103774 A;4.6601438682717;True
509;HD 103891 b;HD 103891;1.836827015526608;True
510;HD 103949 b;HD 103949;18.590576465339264;True
511;HD 104067 b;HD 104067;16.92044410683666;True
512;HD 104067 c;HD 104067;16.92044410683666;True
513;HD 104067 d;HD 104067;16.92044410683666;True
514;HD 10442 b;HD 10442;24.892973492248515;True
515;HD 104985 b;HD 104985;8.794927207996098;True
516;HD 105618 b;HD 105618;3.601350877968173;True
517;HD 105779 b;HD 105779;2.692831780126589;True
518;HD 106252 b;HD 106252;28.71939305153889;True
519;HD 106270 b;HD 106270;2.2717735757770914;True
520;HD 106315 b;HD 106315;9.8464974433475;True
521;HD 106315 c;HD 106315;9.8464974433475;True
522;HD 10647 Ab;HD 10647 A;4.535109572925661;True
523;HD 106515 Ab;HD 106515 A;16.518873997277147;True
524;HD 106574 b;HD 106574;33.6859883796958;True
525;HD 106906 (AB) b;HD 106906 (AB);23.694592990264457;True
526;HD 107148 Ab;HD 107148 A;19.02961885958874;True
527;HD 107148 Ac;HD 107148 A;19.02961885958874;True
528;HD 108147 b;HD 108147;5.195785013632331;True
529;HD 108202 b;HD 108202;20.2970100800565;True
530;HD 108236 b;HD108236;57.074176954948854;True
531;HD 108236 c;HD108236;57.074176954948854;True
532;HD 108236 d;HD108236;57.074176954948854;True
533;HD 108236 e;HD108236;57.074176954948854;True
534;HD 108236 f;HD108236;57.074176954948854;True
535;HD 108341 Ab;HD 108341 A;8.381113524641822;True
536;HD 108863 Ab;HD 108863 A;17.606948137190688;True
537;HD 108874 b;HD 108874;1.4153038085940812;True
538;HD 108874 c;HD 108874;1.4153038085940812;True
539;HD 109246 b;HD 109246;3.667916498166737;True
540;HD 109271 Ab;HD 109271 A;3.472359264369542;True
541;HD 109271 Ac;HD 109271 A;3.472359264369542;True
542;HD 109286 b;HD 109286;1.3676229494058674;True
543;HD 109749 Ab;HD 109749 A;5.130613639623829;True
544;HD 10975 b;HD 10975;0.9861709475517273;True
545;HD 110067 b;HD 110067;17.362315715276193;True
546;HD 110067 c;HD 110067;17.362315715276193;True
547;HD 110067 d;HD 110067;17.362315715276193;True
548;HD 110067 e;HD 110067;17.362315715276193;True
549;HD 110067 f;HD 110067;17.362315715276193;True
550;HD 110067 g;HD 110067;17.362315715276193;True
551;HD 110113 b;HD 110113;3.601350877968173;True
552;HD 110113 c;HD 110113;3.601350877968173;True
553;HD 11112 b;HD 11112;6.034862993653335;True
554;HD 111232 b;HD 111232;92.94419883802708;True
555;HD 111591 b;HD 111591;14.529156782294958;True
556;HD 11231 b;HD 11231;5.663414146995177;True
557;HD 112570 b;HD 112570;4.781494837382173;True
558;HD 112640 b;HD 112640;8.552332376510977;True
559;HD 113337 Ab;HD 113337 A;3.882278259360782;True
560;HD 113337 Ac;HD 113337 A;3.882278259360782;True
561;HD 113538 b;HD 113538;120.9218777272214;True
562;HD 113538 c;HD 113538;120.9218777272214;True
563;HD 114082 b;HD 114082;224.37674403554232;True
564;HD 114386 b;HD 114386;3.4867227083730925;True
565;HD 114386 c;HD 114386;3.4867227083730925;True
566;HD 114613 b;HD 114613;2.2717735757770914;True
567;HD 114729 Ab;HD 114729 A;9.606668396464851;True
568;HD 114783 b;HD 114783;6.689292803209044;True
569;HD 114783 c;HD 114783;6.689292803209044;True
570;HD 11505 Ab;HD 11505 A;10.340625695278629;True
571;HD 11506 b;HD 11506;12.88303754507056;True
572;HD 11506 c;HD 11506;12.88303754507056;True
573;HD 11506 d;HD 11506;12.88303754507056;True
574;HD 115404 Ab;HD 115404 A;25.56339950971699;True
575;HD 115404 Ac;HD 115404 A;25.56339950971699;True
576;HD 115587 b;HD 115587;5.134473403955089;True
577;HD 115954 Ab;HD 115954 A;4.6766801605762325;True
578;HD 116029 Ab;HD 116029 A;20.10573577078475;True
579;HD 116029 Ac;HD 116029 A;20.10573577078475;True
580;HD 117207 b;HD 117207;3.898939948349848;True
581;HD 11755 b;HD 11755;42.75272742200248;True
582;HD 117618 b;HD 117618;2.6780367799352516;True
583;HD 118203 b;HD 118203;32.749300777460014;True
584;HD 118203 c;HD 118203;32.749300777460014;True
585;HD 118904 Ab;HD 118904 A;14.831376367017077;True
586;HD 11964 Ab;HD 11964 A;32.681071660387595;True
587;HD 11964 Ac;HD 11964 A;32.681071660387595;True
588;HD 120084 b;HD 120084;8.09658790450333;True
589;HD 121504 Ab;HD 121504 A;5.871326517251437;True
590;HD 122562 c;HD 122562;1.4618212603195757;True
591;HD 124330 Ab;HD 124330 A;4.294446811038887;True
592;HD 12484 b;HD 12484;3.667916498166737;True
593;HD 125271 b;HD 125271;18.074969809835657;True
594;HD 125390 b;HD 125390;5.612958626626576;True
595;HD 125595 b;HD 125595;15.820445863313076;True
596;HD 125612 Ab;HD 125612 A;16.530390705385997;True
597;HD 125612 Ac;HD 125612 A;16.530390705385997;True
598;HD 125612 Ad;HD 125612 A;16.530390705385997;True
599;HD 12648 b;HD 12648;26.853790762105888;True
600;HD 126525 b;HD 126525;0.9861709475517273;True
601;HD 126614 Ab;HD 126614 A;9.355434942799532;True
602;HD 12661 b;HD 12661;1.3266119383763764;True
603;HD 12661 c;HD 12661;1.3266119383763764;True
604;HD 127506 b;HD 127506;4.927757156105401;True
605;HD 128311 b;HD 128311;17.059078348995936;True
606;HD 128311 c;HD 128311;17.059078348995936;True
607;HD 128356 b;HD 128356;111.29173690823175;True
608;HD 128717 b;HD 128717;3.9025370869134695;True
609;HD 129445 b;HD 129445;1.497706565458852;True
610;HD 130322 b;HD 130322;32.57996694944695;True
611;HD 131496 b;HD 131496;8.794927207996098;True
612;HD 13167 Ab;HD 13167 A;7.105293679545579;True
613;HD 132406 b;HD 132406;15.97495902109216;True
614;HD 132563 Bb;HD 132563 B;9.578228254795883;True
615;HD 133131 Ab;HD 133131 A;1.93405762782388;True
616;HD 133131 Ac;HD 133131 A;1.93405762782388;True
617;HD 133131 Bb;HD 133131 B;2.5228429226352698;True
618;HD 134060 b;HD 134060;1.3266119383763764;True
619;HD 134060 c;HD 134060;1.3266119383763764;True
620;HD 134606 Ab;HD 134606 A;3.656020841807751;True
621;HD 134606 Ac;HD 134606 A;3.656020841807751;True
622;HD 134606 Ad;HD 134606 A;3.656020841807751;True
623;HD 134606 Ae;HD 134606 A;3.656020841807751;True
624;HD 134606 Af;HD 134606 A;3.656020841807751;True
625;HD 135344 Ab;HD 135344 A;54.51303378444897;True
626;HD 135625 b;HD 135625;10.228715100237196;True
627;HD 135872 Ab;HD 135872 A;13.5108998045336;True
628;HD 136418 b;HD 136418;6.935031333178289;True
629;HD 136925 b;HD 136925;1.7313144919718586;True
630;HD 13724 c;HD 13724;11.518194281272862;True
631;HD 137388 b;HD 137388;4.196199360310873;True
632;HD 137496 b;HD 137496;0.9861709475517273;True
633;HD 137496 c;HD 137496;0.9861709475517273;True
634;HD 13808 b;HD 13808;0.9861709475517273;True
635;HD 13808 c;HD 13808;0.9861709475517273;True
636;HD 13908 b;HD 13908;4.347992214527263;True
637;HD 13908 c;HD 13908;4.347992214527263;True
638;HD 13931 b;HD 13931;5.099988492294526;True
639;HD 139357 b;HD 139357;14.831376367017084;True
640;HD 1397 b;HD 1397;6.193481616971809;True
641;HD 14082 Bb;HD 14082 B;7.725108354169398;True
642;HD 140901 Ab;HD 140901 A;4.481705126605875;True
643;HD 140901 Ac;HD 140901 A;4.481705126605875;True
644;HD 141399 b;HD 141399;20.3187349466504;True
645;HD 141399 c;HD 141399;20.3187349466504;True
646;HD 141399 d;HD 141399;20.3187349466504;True
647;HD 141399 e;HD 141399;20.3187349466504;True
648;HD 142022 Ab;HD 142022 A;37.846641820014455;True
649;HD 142245 Ab;HD 142245 A;15.715149628398754;True
650;HD 142415 b;HD 142415;2.072214220842012;True
651;HD 142666 b;HD 142666;466.1882295038065;True
652;HD 142 Ab;HD 142 A;6.823634776364634;True
653;HD 142 Ac;HD 142 A;6.823634776364634;True
654;HD 142 Ad;HD 142 A;6.823634776364634;True
655;HD 143105 b;HD 143105;14.835594750231104;True
656;HD 143361 Ab;HD 143361 A;14.801941062567083;True
657;HD 143811 (AB)b;HD 143811 (AB);150.37638894823556;True
658;HD 144899 Ab;HD 144899 A;4.294446811038887;True
659;HD 145377 b;HD 145377;1.4618212603195757;True
660;HD 145457 b;HD 145457;9.521422695992536;True
661;HD 145934 Ab;HD 145934 A;17.606948137190688;True
662;HD 1461 b;HD 1461;10.340625695278629;True
663;HD 1461 c;HD 1461;10.340625695278629;True
664;HD 147018 b;HD 147018;23.84926785779609;True
665;HD 147018 c;HD 147018;23.84926785779609;True
666;HD 147379 Ab;HD 147379 A;130.2238682025238;True
667;HD 147513 Ab;HD 147513;1.8053695116822115;True
668;HD 147873 Ab;HD 147873 A;3.0044090422034886;True
669;HD 147873 Ac;HD 147873 A;3.0044090422034886;True
670;HD 14787 b;HD 14787;14.831376367017084;True
671;HD 148156 b;HD 148156;3.665294060401308;True
672;HD 148164 b;HD 148164;0.9538668676984222;True
673;HD 148164 c;HD 148164;0.9538668676984222;True
674;HD 149026 b;HD 149026;12.064790071713087;True
675;HD 149143 b;HD 149143;18.4626211827487;True
676;HD 149806 Ab;HD 149806 A;14.806830924778945;True
677;HD 150010 Ab;HD 150010 A;30.510447159504498;True
678;HD 1502 b;HD 1502;14.831376367017084;True
679;HD 150433 b;HD 150433;0.9861709475517273;True
680;HD 150706 b;HD 150706;1.6912834501112577;True
681;HD 151450 Ab;HD 151450 A;2.185931684207305;True
682;HD 151450 Ac;HD 151450 A;2.185931684207305;True
683;HD 152079 b;HD 152079;11.40858253287862;True
684;HD 152581 b;HD 152581;16.70991770522236;True
685;HD 152843 b;HD 152843;3.9025370869134695;True
686;HD 152843 c;HD 152843;3.9025370869134695;True
687;HD 153557 Ab;HD 153557 A;5.901169090207566;True
688;HD 153557 Ac;HD 153557 A;5.901169090207566;True
689;HD 153950 b;HD 153950;1.36636355329389;True
690;HD 154088 b;HD 154088;2.9722199168975747;True
691;HD 154345 b;HD 154345;53.33728449134123;True
692;HD 154391 b;HD 154391;9.260372275109413;True
693;HD 154672 Ab;HD 154672 A;8.977765702036919;True
694;HD 154857 b;HD 154857;46.7274505769858;True
695;HD 154857 c;HD 154857;46.7274505769858;True
696;HD 155193 b;HD 155193;1.5502047069679092;True
697;HD 155358 b;HD 155358;1.93405762782388;True
698;HD 155358 c;HD 155358;1.93405762782388;True
699;HD 155555 (AB)b;HD 155555 (AB);18.94659178152311;True
700;HD 155918 Ab;HD 155918 A;10.340625695278629;True
701;HD 155918 Ac;HD 155918 A;10.340625695278629;True
702;HD 156098 b;HD 156098;1.836827015526608;True
703;HD 156098 c;HD 156098;1.836827015526608;True
704;HD 156279 b;HD 156279;38.92569418854677;True
705;HD 156279 c;HD 156279;38.92569418854677;True
706;HD 156411 b;HD 156411;1.4774414394875557;True
707;HD 156668 b;HD 156668;3.2973765798134207;True
708;HD 156668 c;HD 156668;3.2973765798134207;True
709;HD 156846 Ab;HD 156846 A;5.278505445729815;True
710;HD 157172 b;HD 157172;2.536789703633894;True
711;HD 158038 Ab;HD 158038 A;15.715149628398754;True
712;HD 158259 b;HD 158259;4.207788586161939;True
713;HD 158259 c;HD 158259;4.207788586161939;True
714;HD 158259 d;HD 158259;4.207788586161939;True
715;HD 158259 e;HD 158259;4.207788586161939;True
716;HD 158259 f;HD 158259;4.207788586161939;True
717;HD 15906 b;HD 15906;27.970631095388782;True
718;HD 15906 c;HD 15906;27.970631095388782;True
719;HD 159243 b;HD 159243;2.185931684207305;True
720;HD 159243 c;HD 159243;2.185931684207305;True
721;HD 159868 b;HD 159868;5.2002657220489;True
722;HD 159868 c;HD 159868;5.2002657220489;True
723;HD 1605 b;HD 1605;14.556807376515607;True
724;HD 1605 c;HD 1605;14.556807376515607;True
725;HD 161178 b;HD 161178;4.781494837382171;True
726;HD 16175 b;HD 16175;3.0044090422034886;True
727;HD 163607 b;HD 163607;16.931275553779944;True
728;HD 163607 c;HD 163607;16.931275553779944;True
729;HD 164428 b;HD 164428;19.38901523702412;True
730;HD 164509 Ab;HD 164509 A;18.924255539314625;True
731;HD 164595 Ab;HD 164595 A;4.6599299739100495;True
732;HD 164922 b;HD 164922;78.926119325792;True
733;HD 164922 c;HD 164922;78.926119325792;True
734;HD 164922 d;HD 164922;78.926119325792;True
735;HD 164922 e;HD 164922;78.926119325792;True
736;HD 165155 b;HD 165155;2.2831933579947767;True
737;HD 1666 Ab;HD 1666 A;14.835594750231104;True
738;HD 166724 b;HD 166724;0.9861709475517273;True
739;HD 167042 b;HD 167042;5.612958626626575;True
740;HD 167677 b;HD 167677;4.034591376391741;True
741;HD 167768 b;HD 167768;5.200265722048898;True
742;HD 168009 b;HD 168009;2.2831933579947767;True
743;HD 168443 b;HD 168443;1.770912169470917;True
744;HD 168746 b;HD 168746;3.185494632668544;True
745;HD 168863 b;HD 168863;31.18210582106483;True
746;HD 16905 Ab;HD 16905 A;17.396066131144636;True
747;HD 1690 b;HD 1690;46.26502511132837;True
748;HD 169142 b;HD 169142;375.1766205492572;True
749;HD 169830 b;HD 169830;9.799755776220866;True
750;HD 169830 c;HD 169830;9.799755776220866;True
751;HD 170469 Ab;HD 170469 A;11.518194281272862;True
752;HD 17092 b;HD 17092;8.191688324644788;True
753;HD 171028 b;HD 171028;1.3947065215413126;True
754;HD 171238 b;HD 171238;23.84926785779609;True
755;HD 17156 b;HD 17156;5.45034202310218;True
756;HD 173416 b;HD 173416;9.260372275109413;True
757;HD 174205 b;HD 174205;8.222850973835412;True
758;HD 175167 b;HD 175167;15.163718471875676;True
759;HD 175370 b;HD 175370;45.33036515049406;True
760;HD 175541 b;HD 175541;8.388798852287238;True
761;HD 175607 b;HD 175607;8.287477203991793;True
762;HD 176051 Bb;HD 176051 B;7.51432801580081;True
763;HD 17674 b;HD 17674;3.318348746471478;True
764;HD 176986 b;HD 176986;5.474166188151881;True
765;HD 176986 c;HD 176986;5.474166188151881;True
766;HD 177830 Ab;HD 177830 A;18.496210327615707;True
767;HD 177830 Ac;HD 177830 A;18.496210327615707;True
768;HD 178911 Bb;HD 178911 B;13.513407092278795;True
769;HD 179079 b;HD 179079;2.371512446515341;True
770;HD 179949 b;HD 179949;13.722006603063852;True
771;HD 180053 b;HD 180053;5.612958626626575;True
772;HD 18015 Ab;HD 18015 A;6.655777135252076;True
773;HD 180902 b;HD 180902;3.9706123454562903;True
774;HD 181234 Ab;HD 181234 A;46.203214112857886;True
775;HD 181342 b;HD 181342;8.794927207996098;True
776;HD 181433 b;HD 181433;16.92044410683666;True
777;HD 181433 c;HD 181433;16.92044410683666;True
778;HD 181433 d;HD 181433;16.92044410683666;True
779;HD 18143 Ab;HD 18143 A;16.538372956788532;True
780;HD 18143 Ac;HD 18143 A;16.538372956788532;True
781;HD 181720 b;HD 181720;5.856666368370464;True
782;HD 183263 Ab;HD 183263 A;8.584298772613819;True
783;HD 183263 Ac;HD 183263 A;8.584298772613819;True
784;HD 183579 b;HD 183579;2.072399039198528;True
785;HD 184010 b;HD 184010;3.9706123454562903;True
786;HD 184010 c;HD 184010;3.9706123454562903;True
787;HD 184010 d;HD 184010;3.9706123454562903;True
788;HD 185269 Ab;HD 185269 A;13.587064274180614;True
789;HD 185283 Ab;HD 185283 A;17.396066131144636;True
790;HD 187085 b;HD 187085;13.415384755537492;True
791;HD 187123 b;HD 187123;2.072214220842012;True
792;HD 187123 c;HD 187123;2.072214220842012;True
793;HD 18742 b;HD 18742;14.831376367017084;True
794;HD 188015 Ab;HD 188015 A;20.3187349466504;True
795;HD 189567 b;HD 189567;0.9861709475517273;True
796;HD 189567 c;HD 189567;0.9861709475517273;True
797;HD 189733 Ab;HD 189733 A;34.314971240708815;True
798;HD 190007 b;HD 190007;154.01021557404357;True
799;HD 190228 b;HD 190228;4.688937146439792;True
800;HD 190622 b;HD 190622;1.6912228732794197;True
801;HD 190622 c;HD 190622;1.6912228732794197;True
802;HD 190647 b;HD 190647;19.544744508160953;True
803;HD 190984 b;HD 190984;2.9722199168975747;True
804;HD 191806 b;HD 191806;5.278505445729815;True
805;HD 191939 b;HD 191939;2.820812770654882;True
806;HD 191939 c;HD 191939;2.820812770654882;True
807;HD 191939 d;HD 191939;2.820812770654882;True
808;HD 191939 e;HD 191939;2.820812770654882;True
809;HD 191939 f;HD 191939;2.820812770654882;True
810;HD 191939 g;HD 191939;2.820812770654882;True
811;HD 192263 b;HD 192263;35.38077612950864;True
812;HD 192699 b;HD 192699;3.9706123454562903;True
813;HD 194490 b;HD 194490;3.1611035960852822;True
814;HD 195019 Ab;HD 195019 A;6.241886546300392;True
815;HD 196050 Ab;HD 196050 A;6.034862993653335;True
816;HD 19615 b;HD 19615;44.54444048953142;True
817;HD 196885 Ab;HD 196885 A;10.216143783106;True
818;HD 197037 Ab;HD 197037 A;2.185931684207305;True
819;HD 199509 Ab;HD 199509 A;10.399733486190453;True
820;HD 20003 b;HD 20003;0.9861709475517273;True
821;HD 20003 c;HD 20003;0.9861709475517273;True
822;HD 200964 b;HD 200964;8.388798852287243;True
823;HD 200964 c;HD 200964;8.388798852287243;True
824;HD 202432 b;HD 202432;34.09142008613074;True
825;HD 202696 Ab;HD 202696;8.794927207996098;True
826;HD 202696 Ac;HD 202696;8.794927207996098;True
827;HD 202772 Ab;HD 202772 A;13.65175260124271;True
828;HD 203030 Ab;HD 203030 A;23.84926785779609;True
829;HD 20329 b;HD 20329;59.30405344656922;True
830;HD 20367 b;HD 20367;3.0885812540236106;True
831;HD 2039 b;HD 2039;1.770912169470917;True
832;HD 204313 b;HD 204313;5.106941286140258;True
833;HD 204313 c;HD 204313;5.106941286140258;True
834;HD 204941 Ab;HD 204941 A;25.56339950971699;True
835;HD 205158 b;HD 205158;0.9538668676984222;True
836;HD 205739 b;HD 205739;1.5502047069679092;True
837;HD 206255 b;HD 206255;5.221704993587693;True
838;HD 206610 b;HD 206610;8.794927207996098;True
839;HD 206893 c;HD 206893;18.249274777236245;True
840;HD 207496 Ab;HD 207496 A;54.46640295744289;True
841;HD 20781 b;HD 20781;0.9861709475517273;True
842;HD 20781 c;HD 20781;0.9861709475517273;True
843;HD 20781 d;HD 20781;0.9861709475517273;True
844;HD 20781 e;HD 20781;0.9861709475517273;True
845;HD 20782 b;HD 20782;5.1399962479949;True
846;HD 207832 Ab;HD 207832 A;6.539013036790849;True
847;HD 207832 Ac;HD 207832 A;6.539013036790849;True
848;HD 207897 b;HD 207897;5.057719803242407;True
849;HD 208487 b;HD 208487;1.121709366362818;True
850;HD 208487 c;HD 208487;1.121709366362818;True
851;HD 208487 d;HD 208487;1.121709366362818;True
852;HD 208527 b;HD 208527;19.38901523702412;True
853;HD 20868 b;HD 20868;25.255375657876694;True
854;HD 208897 b;HD 208897;5.328031770098704;True
855;HD 209458 b;HD 209458;1.121709366362818;True
856;HD 210193 b;HD 210193;10.399733486190453;True
857;HD 210277 b;HD 210277;1.8821461724076851;True
858;HD 210702 Ab;HD 210702 A;15.715149628398754;True
859;HD 211403 b;HD 211403;4.465293808362087;True
860;HD 211810 b;HD 211810;14.02624530039238;True
861;HD 211970 b;HD 211970;187.65053488693087;True
862;HD 212301 Ab;HD 212301 A;5.026531076858301;True
863;HD 212771 b;HD 212771;5.328031770098704;True
864;HD 213240 Ab;HD 213240 A;6.17606392475813;True
865;HD 213472 b;HD 213472;1.0720603247521774;True
866;HD 213519 Ab;HD 213519 A;4.314769054503103;True
867;HD 213885 Ab;HD 213885 A;9.29689518431462;True
868;HD 213885 Ac;HD 213885 A;9.29689518431462;True
869;HD 21411 b;HD 21411;68.80882731809446;True
870;HD 215152 b;HD 215152;19.292115343908343;True
871;HD 215152 c;HD 215152;19.292115343908343;True
872;HD 215152 d;HD 215152;19.292115343908343;True
873;HD 215152 e;HD 215152;19.292115343908343;True
874;HD 21520 b;HD 21520;15.97495902109216;True
875;HD 215456 Ab;HD 215456 A;10.399733486190453;True
876;HD 215456 Ac;HD 215456 A;10.399733486190453;True
877;HD 215497 b;HD 215497;16.072615259831405;True
878;HD 215497 c;HD 215497;16.072615259831405;True
879;HD 216520 b;HD 216520;3.687635600821907;True
880;HD 216520 c;HD 216520;3.687635600821907;True
881;HD 216536 b;HD 216536;7.078408878143449;True
882;HD 216770 b;HD 216770;2.655368324786669;True
883;HD 21693 b;HD 21693;0.9861709475517273;True
884;HD 21693 c;HD 21693;0.9861709475517273;True
885;HD 217107 b;HD 217107;5.718790500457345;True
886;HD 217107 c;HD 217107;5.718790500457345;True
887;HD 217786 Ac;HD 217786 A;4.308894755574049;True
888;HD 217958 Ab;HD 217958 A;8.746107383904679;True
889;HD 218566 b;HD 218566;5.225446657870149;True
890;HD 219134 b;HD 219134;78.92611932579204;True
891;HD 219134 c;HD 219134;78.92611932579204;True
892;HD 219134 d;HD 219134;78.92611932579204;True
893;HD 219134 e;HD 219134;78.92611932579204;True
894;HD 219134 f;HD 219134;78.92611932579204;True
895;HD 219134 g;HD 219134;78.92611932579204;True
896;HD 219134 h;HD 219134;78.92611932579204;True
897;HD 219139 b;HD 219139;14.831376367017084;True
898;HD 219415 b;HD 219415;48.64597987847945;True
899;HD 219666 b;HD 219666;15.284158110048482;True
900;HD 219828 b;HD 219828;2.371512446515341;True
901;HD 220074 b;HD 220074;65.73276576882122;True
902;HD 220197 b;HD 220197;2.9722199168975747;True
903;HD 220689 b;HD 220689;2.072214220842012;True
904;HD 220842 Ab;HD 220842 A;18.924255539314625;True
905;HD 221287 b;HD 221287;5.134473403955089;True
906;HD 221416 b;HD 221416;14.010012705623078;True
907;HD 221585 b;HD 221585;4.3668381740916855;True
908;HD 222076 b;HD 222076;2.371512446515341;True
909;HD 222155 b;HD 222155;2.6625550400325597;True
910;HD 222237 b;HD 222237;2.530039376288477;True
911;HD 222582 Ab;HD 222582 A;3.656020841807751;True
912;HD 224018 b;HD 224018;0.9861709475517273;True
913;HD 224018 c;HD 224018;0.9861709475517273;True
914;HD 224018 d;HD 224018;0.9861709475517273;True
915;HD 224018 e;HD 224018;0.9861709475517273;True
916;HD 224538 b;HD 224538;1.5502047069679092;True
917;HD 224693 b;HD 224693;2.2746040861682775;True
918;HD 22496 b;HD 22496;6.841013193037563;True
919;HD 22532 b;HD 22532;24.892973492248515;True
920;HD 22946 b;HD 22946;3.97978492117928;True
921;HD 22946 c;HD 22946;3.97978492117928;True
922;HD 22946 d;HD 22946;3.97978492117928;True
923;HD 23079 b;HD 23079;19.02961885958874;True
924;HD 23079 c;HD 23079;19.02961885958874;True
925;HD 23127 b;HD 23127;18.924255539314625;True
926;HD 231701 b;HD 231701;1.121709366362818;True
927;HD 233604 b;HD 233604;18.496210327615707;True
928;HD 233832 Ab;HD 233832 A;4.936544213511961;True
929;HD 23472 Ab;HD 23472 A;11.186748410875778;True
930;HD 23472 Ac;HD 23472 A;11.186748410875778;True
931;HD 23472 Ad;HD 23472 A;11.186748410875778;True
932;HD 23472 Ae;HD 23472 A;11.186748410875778;True
933;HD 23472 Af;HD 23472 A;11.186748410875778;True
934;HD 238090 Ab;HD 238090 A;113.8196078860726;True
935;HD 238914 b;HD 238914;8.794927207996098;True
936;HD 240210 b;HD 240210;30.510447159504498;True
937;HD 24040 b;HD 24040;8.584298772613819;True
938;HD 24040 c;HD 24040;8.584298772613819;True
939;HD 24064 b;HD 24064;57.83922198638514;True
940;HD 24085 Bb;HD 24085 B;20.883900423434948;True
941;HD 25015 b;HD 25015;18.94659178152311;True
942;HD 25171 Ab;HD 25171 A;4.535109572925661;True
943;HD 25723 b;HD 25723;7.907782205185229;True
944;HD 25723 c;HD 25723;7.907782205185229;True
945;HD 25912 b;HD 25912;8.746107383904679;True
946;HD 260655 b;HD 260655;132.1724921048619;True
947;HD 260655 c;HD 260655;132.1724921048619;True
948;HD 2638 Ab;HD 2638 A;14.03439880878128;True
949;HD 2685 b;HD 2685;10.968448434589842;True
950;HD 27631 b;HD 27631;0.9861709475517273;True
951;HD 27894 b;HD 27894;34.314971240708815;True
952;HD 27894 c;HD 27894;34.314971240708815;True
953;HD 27894 d;HD 27894;34.314971240708815;True
954;HD 27969 b;HD 27969;4.6766801605762325;True
955;HD 28185 b;HD 28185;3.656020841807751;True
956;HD 28185 c;HD 28185;3.656020841807751;True
957;HD 28192 Ab;HD 28192 A;8.746107383904679;True
958;HD 28254 Ab;HD 28254 A;9.503966699181245;True
959;HD 283869 b;HD 283869;5.682970945467606;True
960;HD 28471 b;HD 28471;5.104663917703318;True
961;HD 28471 c;HD 28471;5.104663917703318;True
962;HD 28471 d;HD 28471;5.104663917703318;True
963;HD 285507 b;HD 285507;162.0971716537795;True
964;HD 28678 b;HD 28678;17.606948137190688;True
965;HD 29021 b;HD 29021;91.7297098897861;True
966;HD 290327 b;HD 290327;1.9441373144911491;True
967;HD 29399 Ab;HD 29399 A;26.853790762105888;True
968;HD 2952 b;HD 2952;18.39083404952423;True
969;HD 29985 b;HD 29985;5.682970945467606;True
970;HD 30177 Ab;HD 30177 A;30.096671951174503;True
971;HD 30177 Ac;HD 30177 A;30.096671951174503;True
972;HD 30562 b;HD 30562;5.973371186501221;True
973;HD 30669 b;HD 30669;14.806830924778945;True
974;HD 30856 Ab;HD 30856 A;14.831376367017084;True
975;HD 31221 b;HD 31221;92.30961075490436;True
976;HD 31253 Ab;HD 31253 A;32.84811382127016;True
977;HD 31527 b;HD 31527;0.9861709475517273;True
978;HD 31527 c;HD 31527;0.9861709475517273;True
979;HD 31527 d;HD 31527;0.9861709475517273;True
980;HD 3167 b;HD 3167;25.342865986847627;True
981;HD 3167 c;HD 3167;25.342865986847627;True
982;HD 3167 d;HD 3167;25.342865986847627;True
983;HD 3167 e;HD 3167;25.342865986847627;True
984;HD 32518 b;HD 32518;34.37517459599422;True
985;HD 32963 b;HD 32963;6.539013036790847;True
986;HD 330075 b;HD 330075;2.698309293902251;True
987;HD 331093 b;HD 331093;0.9861709475517273;True
988;HD 33142 b;HD 33142;20.10573577078475;True
989;HD 33142 c;HD 33142;20.10573577078475;True
990;HD 33142 d;HD 33142;20.10573577078475;True
991;HD 332231 b;HD 332231;1.9481251075565509;True
992;HD 33283 Ab;HD 33283 A;12.88303754507056;True
993;HD 33564 b;HD 33564;10.872543723452578;True
994;HD 33844 b;HD 33844;17.606948137190688;True
995;HD 33844 c;HD 33844;17.606948137190688;True
996;HD 34445 b;HD 34445;4.798654654296663;True
997;HD 34445 c;HD 34445;4.798654654296663;True
998;HD 34445 d;HD 34445;4.798654654296663;True
999;HD 34445 e;HD 34445;4.798654654296663;True
1000;HD 34445 f;HD 34445;4.798654654296663;True
1001;HD 34445 g;HD 34445;4.798654654296663;True
1002;HD 35759 b;HD 35759;4.628930757435649;True
1003;HD 35843 b;HD 35843;10.340625695278629;True
1004;HD 35843 c;HD 35843;10.340625695278629;True
1005;HD 360 b;HD 360;15.715149628398754;True
1006;HD 36384 b;HD 36384;44.54444048953142;True
1007;HD 37124 b;HD 37124;91.7297098897861;True
1008;HD 37124 c;HD 37124;91.7297098897861;True
1009;HD 37124 d;HD 37124;91.7297098897861;True
1010;HD 37605 b;HD 37605;26.596965823759447;True
1011;HD 37605 c;HD 37605;26.596965823759447;True
1012;HD 3765 b;HD 3765;16.538372956788532;True
1013;HD 38283 b;HD 38283;8.746107383904679;True
1014;HD 38529 Ab;HD 38529 A;6.655777135252079;True
1015;HD 38677 b;HD 38677;6.534442889652828;True
1016;HD 38677 c;HD 38677;6.534442889652828;True
1017;HD 38677 d;HD 38677;6.534442889652828;True
1018;HD 38677 e;HD 38677;6.534442889652828;True
1019;HD 38801 b;HD 38801;12.970092845056543;True
1020;HD 39194 b;HD 39194;10.085539789709568;True
1021;HD 39194 c;HD 39194;10.085539789709568;True
1022;HD 39194 d;HD 39194;10.085539789709568;True
1023;HD 39855 Ab;HD 39855 A;102.44851738609223;True
1024;HD 40307 b;HD 40307;16.92044410683666;True
1025;HD 40307 c;HD 40307;16.92044410683666;True
1026;HD 40307 d;HD 40307;16.92044410683666;True
1027;HD 40307 e;HD 40307;16.92044410683666;True
1028;HD 40307 f;HD 40307;16.92044410683666;True
1029;HD 40307 g;HD 40307;16.92044410683666;True
1030;HD 40956 b;HD 40956;9.260372275109413;True
1031;HD 40979 Ab;HD 40979 A;1.8566540096456483;True
1032;HD 41004 Ab;HD 41004 A;4.936544213511961;True
1033;HD 41004 Bb;HD 41004 B;22.577092261191915;True
1034;HD 4113 Ab;HD 4113 A;3.601350877968172;True
1035;HD 42012 b;HD 42012;43.3368172215039;True
1036;HD 4203 b;HD 4203;9.355434942799532;True
1037;HD 4203 c;HD 4203;9.355434942799532;True
1038;HD 4208 b;HD 4208;104.20253743534808;True
1039;HD 42618 b;HD 42618;4.746767182517791;True
1040;HD 42936 Ab;HD 42936 A;9.746335791333893;True
1041;HD 4308 b;HD 4308;91.7297098897861;True
1042;HD 4313 b;HD 4313;17.606948137190688;True
1043;HD 43197 b;HD 43197;15.338824938241444;True
1044;HD 43197 c;HD 43197;15.338824938241444;True
1045;HD 43691 Ab;HD 43691 A;2.185931684207305;True
1046;HD 44219 b;HD 44219;4.6599299739100495;True
1047;HD 44385 b;HD 44385;8.222850973835412;True
1048;HD 45184 b;HD 45184;0.9861709475517273;True
1049;HD 45184 c;HD 45184;0.9861709475517273;True
1050;HD 45350 b;HD 45350;7.399768634215472;True
1051;HD 45364 b;HD 45364;92.94419883802708;True
1052;HD 45364 c;HD 45364;92.94419883802708;True
1053;HD 45652 b;HD 45652;18.68277075873829;True
1054;HD 46375 Ab;HD 46375 A;13.277890970683735;True
1055;HD 46588 b;HD 46588;1.856654009645648;True
1056;HD 47186 b;HD 47186;3.601350877968173;True
1057;HD 47186 c;HD 47186;3.601350877968173;True
1058;HD 4732 Ab;HD 4732 A;17.606948137190688;True
1059;HD 4732 Ac;HD 4732 A;17.606948137190688;True
1060;HD 47366 b;HD 47366;17.606948137190688;True
1061;HD 47366 c;HD 47366;17.606948137190688;True
1062;HD 47536 b;HD 47536;42.75272742200248;True
1063;HD 48265 b;HD 48265;15.443078668577282;True
1064;HD 48948 b;HD 48948;0.9861709475517273;True
1065;HD 48948 c;HD 48948;0.9861709475517273;True
1066;HD 48948 d;HD 48948;0.9861709475517273;True
1067;HD 4917 b;HD 4917;14.556807376515607;True
1068;HD 49674 b;HD 49674;20.3187349466504;True
1069;HD 50499 b;HD 50499;14.208236222810855;True
1070;HD 50499 c;HD 50499;14.208236222810855;True
1071;HD 50554 b;HD 50554;4.068353012669964;True
1072;HD 51608 b;HD 51608;0.9861709475517273;True
1073;HD 51608 c;HD 51608;0.9861709475517273;True
1074;HD 52265 b;HD 52265;5.535715109855702;True
1075;HD 5278 Ab;HD 5278 A;4.1583809617782475;True
1076;HD 5278 Ac;HD 5278 A;4.1583809617782475;True
1077;HD 5319 b;HD 5319;24.892973492248515;True
1078;HD 5319 c;HD 5319;24.892973492248515;True
1079;HD 55696 b;HD 55696;16.241563213417443;True
1080;HD 5583 b;HD 5583;52.88013796020158;True
1081;HD 5608 Ab;HD 5608 A;20.10573577078476;True
1082;HD 56414 Ab;HD 56414 A;152.03611762931;True
1083;HD 564 b;HD 564;1.93405762782388;True
1084;HD 56957 b;HD 56957;10.340625695278629;True
1085;HD 57625 Ab;HD 57625 A;4.244313557205995;True
1086;HD 5891 b;HD 5891;13.946268744238957;True
1087;HD 59686 Ab;HD 59686 A;9.521422695992536;True
1088;HD 60292 b;HD 60292;8.222850973835412;True
1089;HD 60532 b;HD 60532;4.869520689915842;True
1090;HD 60779 b;HD 60779;3.0885812540236106;True
1091;HD 60779 c;HD 60779;3.0885812540236106;True
1092;HD 62549 b;HD 62549;8.746107383904679;True
1093;HD 63433 b;HD 63433;3.656020841807751;True
1094;HD 63433 c;HD 63433;3.656020841807751;True
1095;HD 63433 d;HD 63433;3.656020841807751;True
1096;HD 63454 b;HD 63454;54.46640295744289;True
1097;HD 63765 b;HD 63765;80.482014696141;True
1098;HD 63935 b;HD 63935;25.342865986847627;True
1099;HD 63935 c;HD 63935;25.342865986847627;True
1100;HD 64121 b;HD 64121;11.137529371281143;True
1101;HD 6434 b;HD 6434;51.10271800757654;True
1102;HD 65216 Ab;HD 65216 A;3.656020841807751;True
1103;HD 65216 Ac;HD 65216 A;3.656020841807751;True
1104;HD 66428 b;HD 66428;9.642745711183386;True
1105;HD 67087 b;HD 67087;3.541630638560407;True
1106;HD 67087 c;HD 67087;3.541630638560407;True
1107;HD 68402 b;HD 68402;18.924255539314625;True
1108;HD 68988 b;HD 68988;3.963373971508084;True
1109;HD 69123 b;HD 69123;15.715149628398754;True
1110;HD 69830 b;HD 69830;55.76513182210862;True
1111;HD 69830 c;HD 69830;55.76513182210862;True
1112;HD 69830 d;HD 69830;55.76513182210862;True
1113;HD 70642 b;HD 70642;3.601350877968172;True
1114;HD 7199 b;HD 7199;20.370362427393435;True
1115;HD 72490 b;HD 72490;11.394800096149035;True
1116;HD 72659 b;HD 72659;5.195130526788006;True
1117;HD 72892 b;HD 72892;4.746767182517791;True
1118;HD 73267 b;HD 73267;19.72323373196163;True
1119;HD 73267 c;HD 73267;19.72323373196163;True
1120;HD 73344 b;HD 73344;2.6716209743581105;True
1121;HD 73344 c;HD 73344;2.6716209743581105;True
1122;HD 73344 d;HD 73344;2.6716209743581105;True
1123;HD 73526 b;HD 73526;20.31873494665039;True
1124;HD 73526 c;HD 73526;20.31873494665039;True
1125;HD 73534 b;HD 73534;14.556807376515607;True
1126;HD 73583 Ab;HD 73583 A;8.52508042608207;True
1127;HD 73583 Ac;HD 73583 A;8.52508042608207;True
1128;HD 74156 b;HD 74156;21.42080471304217;True
1129;HD 74156 c;HD 74156;21.42080471304217;True
1130;HD 7449 Ab;HD 7449 A;4.244313557205995;True
1131;HD 7449 Ad;HD 7449 A;4.244313557205995;True
1132;HD 74698 b;HD 74698;10.399733486190453;True
1133;HD 74698 c;HD 74698;10.399733486190453;True
1134;HD 75289 Ab;HD 75289 A;3.0885812540236106;True
1135;HD 75302 Ab;HD 75302 A;5.234621738992085;True
1136;HD 75784 b;HD 75784;14.831376367017084;True
1137;HD 75784 c;HD 75784;14.831376367017084;True
1138;HD 75898 b;HD 75898;13.587064274180614;True
1139;HD 75898 c;HD 75898;13.587064274180614;True
1140;HD 76700 b;HD 76700;3.601350877968173;True
1141;HD 76920 b;HD 76920;26.85379076210586;True
1142;HD 77338 b;HD 77338;14.806830924778945;True
1143;HD 79181 Ab;HD 79181 A;14.556807376515607;True
1144;HD 7924 b;HD 7924;18.15465215989042;True
1145;HD 7924 c;HD 7924;18.15465215989042;True
1146;HD 7924 d;HD 7924;18.15465215989042;True
1147;HD 79498 Ab;HD 79498 A;8.977765702036919;True
1148;HD 80606 b;HD 80606;3.065925538963944;True
1149;HD 80653 b;HD 80653;4.6766801605762325;True
1150;HD 80653 c;HD 80653;4.6766801605762325;True
1151;HD 80869 Ab;HD 80869 A;10.511143614961323;True
1152;HD 80883 b;HD 80883;11.806537490785637;True
1153;HD 81040 b;HD 81040;2.3545585983537074;True
1154;HD 81688 b;HD 81688;7.907782205185229;True
1155;HD 82886 b;HD 82886;62.64327139178909;True
1156;HD 82943 b;HD 82943;8.584298772613819;True
1157;HD 82943 c;HD 82943;8.584298772613819;True
1158;HD 82943 d;HD 82943;8.584298772613819;True
1159;HD 8326 Ab;HD 8326 A;31.18210582106483;True
1160;HD 83342 b;HD 83342;5.134473403955089;True
1161;HD 83443 b;HD 83443;42.41440732602576;True
1162;HD 83443 c;HD 83443;42.41440732602576;True
1163;HD 8535 Ab;HD 8535 A;2.185931684207305;True
1164;HD 85390 b;HD 85390;17.55837887466707;True
1165;HD 85426 b;HD 85426;3.601350877968173;True
1166;HD 85426 c;HD 85426;3.601350877968173;True
1167;HD 8574 b;HD 8574;4.294446811038887;True
1168;HD 86065 b;HD 86065;34.314971240708815;True
1169;HD 86081 Ab;HD 86081 A;7.014259509799576;True
1170;HD 86226 b;HD 86226;1.4500339904942774;True
1171;HD 86226 c;HD 86226;1.4500339904942774;True
1172;HD 86264 Ab;HD 86264 A;2.1167482645722493;True
1173;HD 86728 b;HD 86728;10.340625695278629;True
1174;HD 86950 b;HD 86950;15.715149628398754;True
1175;HD 87646 Ab;HD 87646 A;19.02961885958874;True
1176;HD 87816 b;HD 87816;27.31775274407121;True
1177;HD 87816 c;HD 87816;27.31775274407121;True
1178;HD 87883 b;HD 87883;41.12976699427181;True
1179;HD 88072 Ab;HD 88072 A;10.399733486190453;True
1180;HD 88133 b;HD 88133;9.00889324841516;True
1181;HD 88986   b;HD 88986;22.197171833376924;True
1182;HD 89307 b;HD 89307;4.308894755574049;True
1183;HD 89345 b;HD 89345;16.931275553779944;True
1184;HD 89744 Ab;HD 89744 A;6.823634776364634;True
1185;HD 89744 Ac;HD 89744 A;6.823634776364634;True
1186;HD 89839 b;HD 89839;5.026531076858301;True
1187;HD 90156 b;HD 90156;91.7297098897861;True
1188;HD 9174 b;HD 9174;31.08328618159657;True
1189;HD 92788 c;HD 92788;9.642745711183386;True
1190;HD 92945 c;HD 92945;14.055220143776824;True
1191;HD 93083 b;HD 93083;4.936544213511961;True
1192;HD 93351 b;HD 93351;23.84926785779609;True
1193;HD 93385 Ab;HD 93385 A;7.725108354169397;True
1194;HD 93385 Ac;HD 93385 A;7.725108354169397;True
1195;HD 93385 Ad;HD 93385 A;7.725108354169397;True
1196;HD 93963 Ab;HD 93963 A;4.423089411397942;True
1197;HD 93963 Ac;HD 93963 A;4.423089411397942;True
1198;HD 9446 b;HD 9446;4.6599299739100495;True
1199;HD 9446 c;HD 9446;4.6599299739100495;True
1200;HD 94771 b;HD 94771;11.770768615140591;True
1201;HD 94834 Ab;HD 94834 A;20.54821760019185;True
1202;HD 94890 b;HD 94890;17.606948137190688;True
1203;HD 94890 c;HD 94890;17.606948137190688;True
1204;HD 95086 b;HD 95086;113.08053335803508;True
1205;HD 95089 b;HD 95089;20.10573577078475;True
1206;HD 95089 c;HD 95089;20.10573577078475;True
1207;HD 95127 b;HD 95127;65.73276576882122;True
1208;HD 95338 b;HD 95338;17.558378874667063;True
1209;HD 95544 Ab;HD 95544 A;18.4626211827487;True
1210;HD 9578 Ab;HD 9578 A;5.278505445729815;True
1211;HD 95872 b;HD 95872;19.72323373196162;True
1212;HD 96063 b;HD 96063;92.96757491980578;True
1213;HD 96167 Ab;HD 96167 A;5.136928038622658;True
1214;HD 96700 Ab;HD 96700 A;5.37190736466815;True
1215;HD 96700 Ac;HD 96700 A;5.37190736466815;True
1216;HD 96700 Ad;HD 96700 A;5.37190736466815;True
1217;HD 96992 b;HD 96992;51.44133667517418;True
1218;HD 97048 b;HD 97048;361.280956602637;True
1219;HD 97619 b;HD 97619;30.510447159504498;True
1220;HD 97658 b;HD 97658;7.772169827413365;True
1221;HD 98219 b;HD 98219;14.465924767071376;True
1222;HD 98649 b;HD 98649;10.340625695278629;True
1223;HD 98736 Ab;HD 98736 A;15.284158110048482;True
1224;HD 99109 b;HD 99109;13.277890970683735;True
1225;HD 99283 b;HD 99283;0.9861709475517273;True
1226;HD 99492 b;HD 99492;29.560126749753515;True
1227;HD 99492 c;HD 99492;29.560126749753515;True
1228;HD 99706 b;HD 99706;17.606948137190688;True
1229;HD 99706 c;HD 99706;17.606948137190688;True
1230;HIP 105854 b;HIP 105854;7.907782205185229;True
1231;HIP 107772 b;HIP 107772;257.80132872791796;True
1232;HIP 107773 Ab;HIP 107773 A;19.56519358247943;True
1233;HIP 109384 b;HIP 109384;20.77746469353469;True
1234;HIP 109600 Ab;HIP 109600 A;4.481705126605875;True
1235;HIP 111909 b;HIP 111909;3.9706123454562903;True
1236;HIP 111909 c;HIP 111909;3.9706123454562903;True
1237;HIP 113103 b;HIP 113103;16.28995564126966;True
1238;HIP 113103 c;HIP 113103;16.28995564126966;True
1239;HIP 114933 b;HIP 114933;7.078408878143449;True
1240;HIP 116454 Ab;HIP 116454 A;21.51336628104559;True
1241;HIP 11696 b;HIP 11696;36.86108566005581;True
1242;HIP 11915 b;HIP 11915;4.6599299739100495;True
1243;HIP 12961 b;HIP 12961;70.62360216442178;True
1244;HIP 14810 b;HIP 14810;26.596965823759447;True
1245;HIP 14810 c;HIP 14810;26.596965823759447;True
1246;HIP 14810 d;HIP 14810;26.596965823759447;True
1247;HIP 1481 Ab;HIP 1481 A;4.093166343921692;True
1248;HIP 18606 b;HIP 18606;2.271773575777092;True
1249;HIP 19976 b;HIP 19976;11.488966082958823;True
1250;HIP 34222 b;HIP 34222;127.8781382594606;True
1251;HIP 35173 b;HIP 35173;16.92044410683666;True
1252;HIP 35965 b;HIP 35965;19.142296530863288;True
1253;HIP 38594 Ab;HIP 38594;125.01094450329208;True
1254;HIP 38594 Ac;HIP 38594;125.01094450329208;True
1255;HIP 41378 b;HIP 41378;3.571679625746412;True
1256;HIP 41378 c;HIP 41378;3.571679625746412;True
1257;HIP 41378 d;HIP 41378;3.571679625746412;True
1258;HIP 41378 e;HIP 41378;3.571679625746412;True
1259;HIP 41378 f;HIP 41378;3.571679625746412;True
1260;HIP 41378 g;HIP 41378;3.571679625746412;True
1261;HIP 47110 b;HIP 47110;6.095157800111858;True
1262;HIP 4845 b;HIP 4845;0.9861709475517273;True
1263;HIP 5158 b;HIP 5158;16.92044410683666;True
1264;HIP 54373 b;HIP 54373;157.48193715467127;True
1265;HIP 54373 c;HIP 54373;157.48193715467127;True
1266;HIP 54597 b;HIP 54597;7.702366524066484;True
1267;HIP 55507 b;HIP 55507;73.66002936801222;True
1268;HIP 560 b;HIP 560;124.93527451731244;True
1269;HIP 56640 b;HIP 56640;4.034591376391741;True
1270;HIP 57050 b;HIP 57050;109.8956983971453;True
1271;HIP 57050 c;HIP 57050;109.8956983971453;True
1272;HIP 57274 b;HIP 57274;5.682970945467606;True
1273;HIP 57274 c;HIP 57274;5.682970945467606;True
1274;HIP 57274 d;HIP 57274;5.682970945467606;True
1275;HIP 5763 b;HIP 5763;8.593028870185222;True
1276;HIP 63242 b;HIP 63242;48.45805557723452;True
1277;HIP 63734 b;HIP 63734;13.171681072006582;True
1278;HIP 65407 b;HIP 65407;13.277890970683735;True
1279;HIP 65407 c;HIP 65407;13.277890970683735;True
1280;HIP 65426 b;HIP 65426;227.12883379865843;True
1281;HIP 65891 b;HIP 65891;15.392495630252435;True
1282;HIP 65 Ab;HIP 65 A;11.888932087626817;True
1283;HIP 67522 b;HIP 67522;196.52501814083513;True
1284;HIP 67522 c;HIP 67522;196.52501814083513;True
1285;HIP 67537 b;HIP 67537;8.09658790450333;True
1286;HIP 67851 b;HIP 67851;5.328031770098704;True
1287;HIP 67851 c;HIP 67851;5.328031770098704;True
1288;HIP 68468 Ab;HIP 68468 A;4.515461334797166;True
1289;HIP 68468 Ac;HIP 68468 A;4.515461334797166;True
1290;HIP 70849 b;HIP 70849;176.49524097099322;True
1291;HIP 71135 b;HIP 71135;73.66002936801222;True
1292;HIP 74890 b;HIP 74890;8.794927207996098;True
1293;HIP 75092 b;HIP 75092;6.742627848320451;True
1294;HIP 79431 b;HIP 79431;168.16299903852197;True
1295;HIP 8541 Ab;HIP 8541 A;34.562235140217474;True
1296;HIP 8541 Ac;HIP 8541 A;34.562235140217474;True
1297;HIP 86221 Ab;HIP 86221 A;47.943635629962245;True
1298;HIP 90988 Ab;HIP 90988 A;14.556807376515591;True
1299;HIP 91258 b;HIP 91258;15.338824938241444;True
1300;HIP 94235 Ab;HIP 94235 A;7.725108354169397;True
1301;HIP 96334 b;HIP 96334;8.28662586188644;True
1302;HIP 97166 b;HIP 97166;11.282568337909368;True
1303;HIP 97166 c;HIP 97166;11.282568337909368;True
1304;HN Lib b;HN Lib;184.6897869401111;True
1305;HR 5183 Ab;HR 5183 A;3.1354238897648163;True
1306;HR 8799 b;HR 8799;158.51935702300457;True
1307;HR 8799 c;HR 8799;158.51935702300457;True
1308;HR 8799 d;HR 8799;158.51935702300457;True
1309;HR 8799 e;HR 8799;158.51935702300457;True
1310;HS 0705+6700 (AB)c;HS 0705+6700 (AB);0.9861709475517273;True
1311;HS Psc b;HS Psc;97.36641845246264;True
1312;IC 4651 9122 b;IC 4651 9122;478.19813949058215;True
1313;Innes' Star b;Innes' Star;216.38554244030024;True
1314;iot Cap b;iot Cap;79.83043419557949;True
1315;iot Cap c;iot Cap;79.83043419557949;True
1316;iot Hor b;iot Hor;1.3840901553293423;True
1317;IRAS 04125+2902 b;IRAS 04125+2902;72.09467327983857;True
1318;JH 112 Ab;JH 112 A;11.084856067446983;True
1319;JW 734 b;JW 734;960.878134930952;True
1320;K2-100 b;K2-100;8.878020838069423;True
1321;K2-101 b;K2-101;78.92611932579204;True
1322;K2-102 Ab;K2-102 A;6.792025798100383;True
1323;K2-103 b;EPIC 211822797;73.66002936801222;True
1324;K2-104 b;K2-104;111.6286857231285;True
1325;K2-105 b;K2-105;3.747313495542044;True
1326;K2-106 b;K2-106;4.367040702881648;True
1327;K2-106 c;K2-106;4.367040702881648;True
1328;K2-107 b;K2-107;4.772825767833327;True
1329;K2-108 b;K2-108;1.2419694105885273;True
1330;K2-10 b;K2-10;28.21121824020198;True
1331;K2-110 b;K2-110;4.065434750456954;True
1332;K2-111 b;K2-111;1.808175572140468;True
1333;K2-111 c;K2-111;1.808175572140468;True
1334;K2-113 b;K2-113;1.0703731359649238;True
1335;K2-114 b;K2-114;2.419280407354989;True
1336;K2-115 b;K2-115;1.3947065215413126;True
1337;K2-116 b;K2-116;13.975241852860025;True
1338;K2-117 b;K2-117;104.03668251460348;True
1339;K2-117 c;K2-117;104.03668251460348;True
1340;K2-118 b;K2-118;2.745904047988802;True
1341;K2-119 b;K2-119;4.648267371197965;True
1342;K2-11 b;K2-11;2.718232168369556;True
1343;K2-120 Ab;K2-120 A;6.841013193037563;True
1344;K2-121 b;K2-121;106.39428748032266;True
1345;K2-122 Ab;K2-122 A;257.80132872791796;True
1346;K2-123 b;K2-123;277.78849969669864;True
1347;K2-124 b;K2-124;310.5010826724324;True
1348;K2-125 b;K2-125;220.13556301438427;True
1349;K2-126 b;K2-126;162.09717165377933;True
1350;K2-127 b;K2-127;3.914092054211561;True
1351;K2-128 b;K2-128;4.18595153508665;True
1352;K2-129 b;K2-129;250.1649936469855;True
1353;K2-12 b;K2-12;2.9722199168975747;True
1354;K2-130 b;K2-130;6.841013193037563;True
1355;K2-131 b;K2-131;14.92140641663308;True
1356;K2-132 b;K2-132;52.88013796020158;True
1357;K2-133 b;K2-133;100.28676735093272;True
1358;K2-133 c;K2-133;100.28676735093272;True
1359;K2-133 d;K2-133;100.28676735093272;True
1360;K2-133 e;K2-133;100.28676735093272;True
1361;K2-136 Ab;K2-136 A;5.682970945467606;True
1362;K2-136 Ac;K2-136 A;5.682970945467606;True
1363;K2-136 Ad;K2-136 A;5.682970945467606;True
1364;K2-137 b;K2-137;84.64578020273568;True
1365;K2-138 b;K2-138;14.806830924778945;True
1366;K2-138 c;K2-138;14.806830924778945;True
1367;K2-138 d;K2-138;14.806830924778945;True
1368;K2-138 e;K2-138;14.806830924778945;True
1369;K2-138 f;K2-138;14.806830924778945;True
1370;K2-138 g;K2-138;14.806830924778945;True
1371;K2-139 Ab;K2-139 A;12.70037853733388;True
1372;K2-13 b;K2-13;3.4867227083730925;True
1373;K2-140 b;K2-140;6.894190651262958;True
1374;K2-141 b;K2-141 ;2.9537341623346527;True
1375;K2-141 c;K2-141 ;2.9537341623346527;True
1376;K2-146 b;K2-146;243.30121426659895;True
1377;K2-146 c;K2-146;243.30121426659895;True
1378;K2-147 b;K2-147;93.14404358822794;True
1379;K2-148 Ab;K2-148 A;229.90728803112583;True
1380;K2-148 Ac;K2-148 A;229.90728803112583;True
1381;K2-148 Ad;K2-148 A;229.90728803112583;True
1382;K2-149 b;K2-149;126.24679723219332;True
1383;K2-14 b;K2-14;245.50482336038405;True
1384;K2-150 b;K2-150;186.3537768591335;True
1385;K2-151Bb;K2-151 B;26.92321301327536;True
1386;K2-152 b;K2-152;229.90728803112583;True
1387;K2-153 b;K2-153;87.95815870727634;True
1388;K2-154 b;K2-154;133.01290245098366;True
1389;K2-154 c;K2-154;133.01290245098366;True
1390;K2-155 b;K2-155;228.28317787175948;True
1391;K2-155 c;K2-155;228.28317787175948;True
1392;K2-155 d;K2-155;228.28317787175948;True
1393;K2-156 b;K2-156;111.29173690823175;True
1394;K2-157 b;K2-157;5.329838168684424;True
1395;K2-157 c;K2-157;5.329838168684424;True
1396;K2-157 d;K2-157;5.329838168684424;True
1397;K2-158 b;K2-158;42.51901791638067;True
1398;K2-158 c;K2-158;42.51901791638067;True
1399;K2-159 b;K2-159;6.689292803209044;True
1400;K2-15 b;K2-15;16.69172595350551;True
1401;K2-160 b;K2-160;3.065925538963944;True
1402;K2-161 b;K2-161;1.3139343231119989;True
1403;K2-162 b;K2-162;5.901169090207566;True
1404;K2-163 b;K2-163;4.604532862996526;True
1405;K2-164 b;K2-164;4.3668381740916855;True
1406;K2-165 b;K2-165;18.15465215989042;True
1407;K2-165 c;K2-165;18.15465215989042;True
1408;K2-165 d;K2-165;18.15465215989042;True
1409;K2-166 b;K2-166;1.2658782231972452;True
1410;K2-166 c;K2-166;1.2658782231972452;True
1411;K2-167 b;K2-167;1.2756574736348056;True
1412;K2-168 b;K2-168;2.718232168369556;True
1413;K2-168 c;K2-168;2.718232168369556;True
1414;K2-169 b;K2-169;1.0703731359649238;True
1415;K2-16 b;K2-16;44.20201303754752;True
1416;K2-16 c;K2-16;44.20201303754752;True
1417;K2-16 d;K2-16;44.20201303754752;True
1418;K2-170 b;K2-170;1.770912169470917;True
1419;K2-170 c;K2-170;1.770912169470917;True
1420;K2-171 b;K2-171;1.3947065215413126;True
1421;K2-172 b;K2-172;2.536789703633893;True
1422;K2-172 c;K2-172;2.536789703633893;True
1423;K2-173 Ab;K2-173 A;4.481705126605875;True
1424;K2-174 b;K2-174;18.759425806628695;True
1425;K2-175 Ab;K2-175 A;8.746107383904679;True
1426;K2-176 Ab;K2-176 A;19.72323373196163;True
1427;K2-177 b;K2-177;7.014259509799574;True
1428;K2-178 b;K2-178;15.338824938241444;True
1429;K2-179 b;K2-179;15.149381761170886;True
1430;K2-17 b;K2-17;5.125280579910189;True
1431;K2-180 b;K2-180;10.586895537534708;True
1432;K2-181 b;K2-181;1.327769719171929;True
1433;K2-182 b;K2-182;2.7739235970829452;True
1434;K2-183 b;K2-183;1.5392271397582211;True
1435;K2-183 c;K2-183;1.5392271397582211;True
1436;K2-183 d;K2-183;1.5392271397582211;True
1437;K2-183 e;K2-183;1.5392271397582211;True
1438;K2-184 b;K2-184;2.9722199168975747;True
1439;K2-185 b;K2-185;1.3277697191719289;True
1440;K2-185 c;K2-185;1.3277697191719289;True
1441;K2-186 b;K2-186;10.340625695278629;True
1442;K2-187 b;K2-187;1.327769719171929;True
1443;K2-187 c;K2-187;1.327769719171929;True
1444;K2-187 d;K2-187;1.327769719171929;True
1445;K2-187 e;K2-187;1.327769719171929;True
1446;K2-188 b;K2-188;2.6780367799352516;True
1447;K2-188 c;K2-188;2.6780367799352516;True
1448;K2-189 b;K2-189;2.4182668113772454;True
1449;K2-189 c;K2-189;2.4182668113772454;True
1450;K2-18 b;K2-18;109.8956983971453;True
1451;K2-18 c;K2-18;109.8956983971453;True
1452;K2-190 b;K2-190;59.30405344656922;True
1453;K2-190 c;K2-190;59.30405344656922;True
1454;K2-191 b;K2-191;1.798299158408384;True
1455;K2-192 b;K2-192;11.282568337909368;True
1456;K2-193 b;K2-193;1.4632909729122217;True
1457;K2-194 b;K2-194;4.423089411397942;True
1458;K2-195 b;K2-195;2.4182668113772454;True
1459;K2-195 c;K2-195;2.4182668113772454;True
1460;K2-196 b;K2-196;4.628930757435649;True
1461;K2-197 Ab;K2-197 A;3.601350877968172;True
1462;K2-198 b;K2-198;35.38077612950864;True
1463;K2-198 c;K2-198;35.38077612950864;True
1464;K2-198 d;K2-198;35.38077612950864;True
1465;K2-199 b;K2-199;4.927757156105401;True
1466;K2-199 c;K2-199;4.927757156105401;True
1467;K2-19 b;K2-19;1.81552838759359;True
1468;K2-19 c;K2-19;1.81552838759359;True
1469;K2-19 d;K2-19;1.81552838759359;True
1470;K2-200 Ab;K2-200 A;6.844926010836627;True
1471;K2-2016-BLG-0005L b;K2-2016-BLG-0005L;629.3656828313738;True
1472;K2-201 b;K2-201;15.338824938241444;True
1473;K2-201 c;K2-201;15.338824938241444;True
1474;K2-202 Ab;K2-202 A;23.84926785779609;True
1475;K2-203 b;K2-203;3.687635600821907;True
1476;K2-204 b;K2-204;1.2756574736348056;True
1477;K2-205 b;K2-205;1.327769719171929;True
1478;K2-206 Ab;K2-206 A;16.538372956788532;True
1479;K2-207 b;K2-207;2.4182668113772454;True
1480;K2-208 b;K2-208;7.627834124351343;True
1481;K2-209 b;K2-209;5.682970945467606;True
1482;K2-210 b;K2-210;2.692831780126589;True
1483;K2-211 b;K2-211;12.700378537333869;True
1484;K2-212 b;K2-212;17.670598872816466;True
1485;K2-213 b;K2-213;3.1354238897648163;True
1486;K2-214 b;K2-214;2.2778214470949383;True
1487;K2-215 b;K2-215;1.0632674837963303;True
1488;K2-216 b;K2-216;45.74978102738726;True
1489;K2-217 b;K2-217;1.6408041023629238;True
1490;K2-218 Ab;K2-218 A;4.746767182517791;True
1491;K2-219 b;K2-219;7.399768634215472;True
1492;K2-219 c;K2-219;7.399768634215472;True
1493;K2-219 d;K2-219;7.399768634215472;True
1494;K2-21 b;K2-21;94.38732591883644;True
1495;K2-21 c;K2-21;94.38732591883644;True
1496;K2-220 b;K2-220;1.3947065215413126;True
1497;K2-221 b;K2-221;1.3139343231119989;True
1498;K2-222 b;K2-222;6.894190651262958;True
1499;K2-223 b;K2-223;2.5632799383375446;True
1500;K2-223 c;K2-223;2.5632799383375446;True
1501;K2-224 b;K2-224;19.90448679354651;True
1502;K2-224 c;K2-224;19.90448679354651;True
1503;K2-225 b;K2-225;4.686225560008998;True
1504;K2-226 b;K2-226;43.35493430551532;True
1505;K2-227 b;K2-227;8.082724784603418;True
1506;K2-228 Bb;K2-228 B;3.914092054211561;True
1507;K2-229 b;K2-229;4.568773155225291;True
1508;K2-229 c;K2-229;4.568773155225291;True
1509;K2-229 d;K2-229;4.568773155225291;True
1510;K2-22 Ab;K2-22 A;114.30089977279204;True
1511;K2-230 b;K2-230;2.1074743980777715;True
1512;K2-231 b;K2-231;1.5392271397582211;True
1513;K2-232 Ab;K2-232 A;5.535715109855702;True
1514;K2-233 b;K2-233;18.116691360096983;True
1515;K2-233 c;K2-233;18.116691360096983;True
1516;K2-233 d;K2-233;18.116691360096983;True
1517;K2-236 b;K2-236;2.070974277562234;True
1518;K2-237 Ab;K2-237 A;9.61784766002426;True
1519;K2-238 b;K2-238;1.8280267434060768;True
1520;K2-239 b;K2-239;162.18123814270007;True
1521;K2-239 c;K2-239;162.18123814270007;True
1522;K2-239 d;K2-239;162.18123814270007;True
1523;K2-240 b;K2-240;135.60387705684627;True
1524;K2-240 c;K2-240;135.60387705684627;True
1525;K2-241 b;K2-241;3.917607492831048;True
1526;K2-242 b;K2-242;244.97733266440488;True
1527;K2-243 b;K2-243;13.766072502834662;True
1528;K2-243 c;K2-243;13.766072502834662;True
1529;K2-244 b;K2-244;5.225446657870149;True
1530;K2-245 Ab;K2-245 A;57.074176954948854;True
1531;K2-246 b;K2-246;4.568773155225291;True
1532;K2-247 Ab;K2-247 A;5.682970945467606;True
1533;K2-247 Ac;K2-247 A;5.682970945467606;True
1534;K2-248 b;K2-248;3.2407678895877603;True
1535;K2-249 Ab;K2-249 A;7.552120272756244;True
1536;K2-24 b;K2-24;2.072214220842012;True
1537;K2-24 c;K2-24;2.072214220842012;True
1538;K2-250 b;K2-250;4.4195127867930415;True
1539;K2-251 b;K2-251;338.8531042092752;True
1540;K2-252 b;K2-252;4.4195127867930415;True
1541;K2-253 b;K2-253;5.235716180788548;True
1542;K2-254 b;K2-254;3.548833449688179;True
1543;K2-254 c;K2-254;3.548833449688179;True
1544;K2-255 b;K2-255;4.18595153508665;True
1545;K2-257 b;K2-257;338.8531042092752;True
1546;K2-258 b;K2-258;5.026531076858301;True
1547;K2-259 b;K2-259;2.1064044608716697;True
1548;K2-25 b;K2-25;311.29804290541614;True
1549;K2-260 Ab;K2-260 A;1.7340004410706735;True
1550;K2-261 b;K2-261;1.355679820588617;True
1551;K2-263 b;K2-263;2.9722199168975747;True
1552;K2-264 b;K2-264;219.743153005654;True
1553;K2-264 c;K2-264;219.743153005654;True
1554;K2-265 Ab;K2-265 A;42.51901791638067;True
1555;K2-266 Ab;K2-266 A;6.841013193037563;True
1556;K2-266 Ac;K2-266 A;6.841013193037563;True
1557;K2-266 Ad;K2-266 A;6.841013193037563;True
1558;K2-266 Ae;K2-266 A;6.841013193037563;True
1559;K2-267 Ab;K2-267 A;13.725168001891523;True
1560;K2-268 b;K2-268;3.687635600821907;True
1561;K2-268 c;K2-268;3.687635600821907;True
1562;K2-268 d;K2-268;3.687635600821907;True
1563;K2-268 e;K2-268;3.687635600821907;True
1564;K2-268 f;K2-268;3.687635600821907;True
1565;K2-269 b;K2-269;1.9810532020805551;True
1566;K2-26 b;K2-26;147.10624443783277;True
1567;K2-270 b;K2-270;12.137729651510083;True
1568;K2-270 c;K2-270;12.137729651510083;True
1569;K2-271 b;K2-271;2.820812770654882;True
1570;K2-272 b;K2-272;4.034591376391741;True
1571;K2-273 b;K2-273;2.4182668113772454;True
1572;K2-274 b;K2-274;2.0292822215842374;True
1573;K2-275 Ab;K2-275 A;18.590576465339264;True
1574;K2-275 Ac;K2-275 A;18.590576465339264;True
1575;K2-276 b;K2-276;3.4867227083730925;True
1576;K2-277 b;K2-277;2.2831933579947767;True
1577;K2-278 b;K2-278;11.475507201797324;True
1578;K2-279 b;K2-279;3.185494632668543;True
1579;K2-27 Bb;K2-27 B;9.4277899377682;True
1580;K2-280 b;K2-280;1.9391192754980224;True
1581;K2-281 b;K2-281;4.604532862996526;True
1582;K2-282 b;K2-282;1.4576492667223953;True
1583;K2-282 c;K2-282;1.4576492667223953;True
1584;K2-282 d;K2-282;1.4576492667223953;True
1585;K2-283 b;K2-283;2.4192804073549894;True
1586;K2-284 b;K2-284;67.06285631337893;True
1587;K2-285 b;K2-285;4.196199360310873;True
1588;K2-285 c;K2-285;4.196199360310873;True
1589;K2-285 d;K2-285;4.196199360310873;True
1590;K2-285 e;K2-285;4.196199360310873;True
1591;K2-286 b;K2-286;254.3849811381278;True
1592;K2-287 b;K2-287;1.1473266633912558;True
1593;K2-288 Bb;K2-288 B;243.30121426659915;True
1594;K2-289 b;K2-289;15.338824938241444;True
1595;K2-28 b;K2-28;764.9313967658074;True
1596;K2-290 Ab;K2-290 A;5.584188491210358;True
1597;K2-290 Ac;K2-290 A;5.584188491210358;True
1598;K2-291 b;K2-291;7.627834124351343;True
1599;K2-292 b;K2-292;1.2805701776001888;True
1600;K2-293 b;K2-293;15.338824938241444;True
1601;K2-294 b;K2-294;3.065925538963944;True
1602;K2-295 b;K2-295;3.7828660442739945;True
1603;K2-296 b;K2-296;370.1112456561769;True
1604;K2-297 b;K2-297;30.635919161164235;True
1605;K2-298 b;K2-298;24.561431697216687;True
1606;K2-299 b;K2-299;2.4182668113772454;True
1607;K2-299 c;K2-299;2.4182668113772454;True
1608;K2-299 d;K2-299;2.4182668113772454;True
1609;K2-29 Ab;K2-29 A;19.72323373196163;True
1610;K2-300 b;K2-300;250.1649936469855;True
1611;K2-301 b;K2-301;229.90728803112583;True
1612;K2-301 c;K2-301;229.90728803112583;True
1613;K2-302 b;K2-302;1402.4545693596865;True
1614;K2-302 c;K2-302;1402.4545693596865;True
1615;K2-302 d;K2-302;1402.4545693596865;True
1616;K2-303 b;EPIC 206317286;35.56499420128089;True
1617;K2-303 c;EPIC 206317286;35.56499420128089;True
1618;K2-304 b;K2-304;20.869766149360267;True
1619;K2-304 c;K2-304;20.869766149360267;True
1620;K2-305 b;K2-305;8.746107383904679;True
1621;K2-306 b;K2-306;16.538372956788532;True
1622;K2-307 b;K2-307;5.470285738549735;True
1623;K2-307 c;K2-307;5.470285738549735;True
1624;K2-308 b;K2-308;13.171681072006582;True
1625;K2-309 Ab;K2-309 A;24.341985883530175;True
1626;K2-309 Ac;K2-309 A;24.341985883530175;True
1627;K2-309 Ad;K2-309 A;24.341985883530175;True
1628;K2-309 Ae;K2-309 A;24.341985883530175;True
1629;K2-30 b;K2-30;2.536789703633893;True
1630;K2-310 b;K2-310;3.80687233868787;True
1631;K2-310 c;K2-310;3.80687233868787;True
1632;K2-311 b;K2-311;36.26804072414464;True
1633;K2-314 b;EPIC 249893012;1.2571973321414078;True
1634;K2-314 c;EPIC 249893012;1.2571973321414078;True
1635;K2-314 d;EPIC 249893012;1.2571973321414078;True
1636;K2-315 b;K2-315;500.775575098077;True
1637;K2-316 b;K2-316;190.39707990706717;True
1638;K2-316 c;K2-316;190.39707990706717;True
1639;K2-317 b;K2-317;330.95535158016025;True
1640;K2-318 b;K2-318;88.06440700864341;True
1641;K2-319 Ab;K2-319 A;23.84926785779609;True
1642;K2-31 Ab;K2-31 A;13.277890970683735;True
1643;K2-320 b;K2-320;446.9141528039238;True
1644;K2-321 b;K2-321;114.30089977279216;True
1645;K2-322 b;K2-322;73.66002936801222;True
1646;K2-323 b;K2-323;221.43989401442684;True
1647;K2-324 b;K2-324;250.62312020083223;True
1648;K2-325 b;K2-325;466.9152196714152;True
1649;K2-326 b;K2-326;232.09949141614928;True
1650;K2-327 b;K2-327;185.225909783276;True
1651;K2-328 b;K2-328;2.9537341623346527;True
1652;K2-329 Ab;K2-329 A;5.329838168684424;True
1653;K2-32 Ab;K2-32 A;19.23670286470364;True
1654;K2-32 Ac;K2-32 A;19.23670286470364;True
1655;K2-32 Ad;K2-32 A;19.23670286470364;True
1656;K2-32 Ae;K2-32 A;19.23670286470364;True
1657;K2-330 b;K2-330;21.47804710876746;True
1658;K2-331 b;K2-331;7.574158889223536;True
1659;K2-331 c;K2-331;7.574158889223536;True
1660;K2-332 b;K2-332;466.9152196714152;True
1661;K2-333 b;K2-333;3.746208790598918;True
1662;K2-334 b;K2-334;2.701524049272221;True
1663;K2-335 b;K2-335;3.665294060401309;True
1664;K2-336 b;K2-336;80.482014696141;True
1665;K2-337 b;K2-337;1.5392271397582211;True
1666;K2-338 b;K2-338;7.161019035780909;True
1667;K2-339 b;K2-339;4.936544213511961;True
1668;K2-33 b;K2-33;48.671626564051294;True
1669;K2-340 b;K2-340;15.284158110048482;True
1670;K2-341 b;K2-341;3.318348746471478;True
1671;K2-342 b;K2-342;3.667916498166737;True
1672;K2-343 Ab;K2-343 A;280.2618887084113;True
1673;K2-343 Ac;K2-343 A;280.2618887084113;True
1674;K2-344 b;K2-344;104.03668251460348;True
1675;K2-345 b;K2-345;93.14404358822794;True
1676;K2-346 b;K2-346;5.901169090207566;True
1677;K2-347 b;K2-347;7.161019035780909;True
1678;K2-348 b;K2-348;16.538372956788532;True
1679;K2-348 c;K2-348;16.538372956788532;True
1680;K2-349 b;K2-349;64.07126286054151;True
1681;K2-34 b;K2-34;1.9481251075565509;True
1682;K2-350 Ab;K2-350 A;5.104663917703318;True
1683;K2-350 Ac;K2-350 A;5.104663917703318;True
1684;K2-351 b;K2-351;10.340625695278629;True
1685;K2-352 b;K2-352;0.9861709475517273;True
1686;K2-352 c;K2-352;0.9861709475517273;True
1687;K2-352 d;K2-352;0.9861709475517273;True
1688;K2-353 Ab;K2-353 A;80.97948956625082;True
1689;K2-354 b;K2-354;27.4365746905906;True
1690;K2-355 b;K2-355;2.794299997135086;True
1691;K2-356 b;K2-356;51.742845082796144;True
1692;K2-357 b;K2-357;3.318348746471478;True
1693;K2-358 b;K2-358;9.606668396464856;True
1694;K2-359 b;K2-359;2.4182668113772454;True
1695;K2-35 b;K2-35;4.18595153508665;True
1696;K2-35 c;K2-35;4.18595153508665;True
1697;K2-360 b;K2-360;1.3676229494058674;True
1698;K2-360 c;K2-360;1.3676229494058674;True
1699;K2-361 b;K2-361;3.656020841807751;True
1700;K2-361 c;K2-361;3.656020841807751;True
1701;K2-362 b;K2-362;9.830114155969795;True
1702;K2-363 b;K2-363;133.08445122978276;True
1703;K2-365 b;K2-365;1.269040762331672;True
1704;K2-366 b;K2-366;3.687635600821907;True
1705;K2-367 b;K2-367;50.70484923799682;True
1706;K2-368 b;K2-368;67.01658643958895;True
1707;K2-368 c;K2-368;67.01658643958895;True
1708;K2-368 d;K2-368;67.01658643958895;True
1709;K2-369 b;K2-369;3.917607492831048;True
1710;K2-36 Bb;K2-36 B;14.916820683045731;True
1711;K2-36 Bc;K2-36 B;14.916820683045731;True
1712;K2-370 b;K2-370;1.770912169470917;True
1713;K2-371 b;K2-371;1.5165021271666368;True
1714;K2-372 b;K2-372;1.4576492667223953;True
1715;K2-373 b;K2-373;7.725108354169397;True
1716;K2-374 b;K2-374;10.399733486190453;True
1717;K2-374 c;K2-374;10.399733486190453;True
1718;K2-375 b;K2-375;1.2571973321414078;True
1719;K2-376 Ab;K2-376 A;5.278505445729815;True
1720;K2-377 b;K2-377;8.691895427864027;True
1721;K2-378 b;K2-378;57.676862283320695;True
1722;K2-379 b;K2-379;2.8538762929583346;True
1723;K2-37 b;K2-37;8.206334086616163;True
1724;K2-37 c;K2-37;8.206334086616163;True
1725;K2-37 d;K2-37;8.206334086616163;True
1726;K2-380 Ab;K2-380 A;3.667916498166737;True
1727;K2-381 b;K2-381;5.682970945467606;True
1728;K2-381 c;K2-381;5.682970945467606;True
1729;K2-381 d;K2-381;5.682970945467606;True
1730;K2-382 b;K2-382;23.441154879711377;True
1731;K2-383 b;K2-383;54.70897601608883;True
1732;K2-384 b;K2-384;207.7062291296886;True
1733;K2-384 c;K2-384;207.7062291296886;True
1734;K2-384 d;K2-384;207.7062291296886;True
1735;K2-384  e;K2-384;207.7062291296886;True
1736;K2-384 f;K2-384;207.7062291296886;True
1737;K2-385 b;K2-385;33.333507516951606;True
1738;K2-386 Ab;K2-386 A;10.684046573465208;True
1739;K2-387 b;K2-387;167.65860807570365;True
1740;K2-388 b;K2-388;2.8538762929583346;True
1741;K2-389 b;K2-389;5.285512032455847;True
1742;K2-389 c;K2-389;5.285512032455847;True
1743;K2-38 b;K2-38;3.214354738091892;True
1744;K2-38 c;K2-38;3.214354738091892;True
1745;K2-390 b;K2-390;2.4182668113772454;True
1746;K2-391 b;K2-391;4.927757156105401;True
1747;K2-392 b;K2-392;3.185494632668543;True
1748;K2-393 b;K2-393;3.185494632668544;True
1749;K2-394 b;K2-394;23.15821014817357;True
1750;K2-395 b;K2-395;36.39270616019697;True
1751;K2-395 c;K2-395;36.39270616019697;True
1752;K2-396 b;K2-396;20.595766378007845;True
1753;K2-396 c;K2-396;20.595766378007845;True
1754;K2-397 b;K2-397;38.92569418854677;True
1755;K2-398 b;K2-398;1.7987413756360666;True
1756;K2-398 c;K2-398;1.7987413756360666;True
1757;K2-39 b;K2-39;12.133602166205018;True
1758;K2-3 b;K2-3;233.41282156755636;True
1759;K2-3 c;K2-3;233.41282156755636;True
1760;K2-3 d;K2-3;233.41282156755636;True
1761;K2-400 b;K2-400;231.71962880811645;True
1762;K2-401 b;K2-401;8.691895427864027;True
1763;K2-402 b;K2-402;6.539013036790847;True
1764;K2-403 b;K2-403;92.94419883802708;True
1765;K2-404 b;K2-404;106.9284323956586;True
1766;K2-405 b;K2-405;1.2176027434829055;True
1767;K2-406 Ab;K2-406 A;5.718790500457343;True
1768;K2-407 b;K2-407;82.86302741763666;True
1769;K2-407 c;K2-407;82.86302741763666;True
1770;K2-408 b;K2-408;18.36828749093101;True
1771;K2-409 b;K2-409;3.601350877968172;True
1772;K2-411 b;K2-411;4.746767182517791;True
1773;K2-412 b;K2-412;59.30405344656922;True
1774;K2-413 b;K2-413;11.084856067446983;True
1775;K2-413 c;K2-413;11.084856067446983;True
1776;K2-414 b;K2-414;13.083888756757275;True
1777;K2-414 c;K2-414;13.083888756757275;True
1778;K2-415 b;K2-415;1091.2733161422411;True
1779;K2-416 b;K2-416;0.9861709475517273;True
1780;K2-417 b;K2-417;0.9861709475517273;True
1781;K2-418 b;K2-418;1.543913038078952;True
1782;K2-419 Ab;K2-419 A;107.01460686014045;True
1783;K2-42 b;K2-42;3.548833449688179;True
1784;K2-43 b;K2-43;94.73759700627406;True
1785;K2-43 c;K2-43;94.73759700627406;True
1786;K2-44 b;K2-44;1.9391192754980224;True
1787;K2-45 b;K2-45;232.09949141614928;True
1788;K2-46 b;K2-46;2.7553522324023225;True
1789;K2-47 b;K2-47;21.51336628104559;True
1790;K2-48 b;K2-48;16.92044410683666;True
1791;K2-49 b;K2-49;108.208524909479;True
1792;K2-4 b;K2-4;120.9218777272214;True
1793;K2-50 b;K2-50;71.83570414604698;True
1794;K2-50 c;K2-50;71.83570414604698;True
1795;K2-52 b;K2-52;96.64982742345268;True
1796;K2-53 b;K2-53;7.225239856936161;True
1797;K2-54 Bb;K2-54 B;242.67060666344125;True
1798;K2-55 b;K2-55;32.859451528677425;True
1799;K2-57 b;K2-57;6.841013193037563;True
1800;K2-58 b;K2-58;6.689292803209044;True
1801;K2-58 c;K2-58;6.689292803209044;True
1802;K2-58 d;K2-58;6.689292803209044;True
1803;K2-59 b;K2-59;78.92611932579204;True
1804;K2-59 c;K2-59;78.92611932579204;True
1805;K2-5 b;K2-5;105.59015606746011;True
1806;K2-5 c;K2-5;105.59015606746011;True
1807;K2-60 b;K2-60;2.4182668113772454;True
1808;K2-61 b;K2-61;1.0477858298976432;True
1809;K2-62 b;K2-62;19.292115343908343;True
1810;K2-62 c;K2-62;19.292115343908343;True
1811;K2-63 b;K2-63;23.44498481412393;True
1812;K2-63 c;K2-63;23.44498481412393;True
1813;K2-64 b;K2-64;17.558378874667063;True
1814;K2-65 b;K2-65;12.70037853733388;True
1815;K2-66 b;K2-66;1.4618212603195757;True
1816;K2-68 b;K2-68;4.927757156105401;True
1817;K2-69 b;K2-69;101.55960691635909;True
1818;K2-6 b;K2-6;1.835934560913967;True
1819;K2-70 b;K2-70;1.81552838759359;True
1820;K2-71 b;K2-71;245.50482336038405;True
1821;K2-72 b;K2-72;272.84736476123265;True
1822;K2-72 c;K2-72;272.84736476123265;True
1823;K2-72 d;K2-72;272.84736476123265;True
1824;K2-72 e;K2-72;272.84736476123265;True
1825;K2-73 b;K2-73;1.6912228732794197;True
1826;K2-73 c;K2-73;1.6912228732794197;True
1827;K2-74 b;K2-74;2.604950817480423;True
1828;K2-75 b;K2-75;1.9810532020805551;True
1829;K2-75 c;K2-75;1.9810532020805551;True
1830;K2-77 b;K2-77;5.057719803242407;True
1831;K2-79 b;K2-79;1.2350245471454215;True
1832;K2-7 b;K2-7;1.0632674837963303;True
1833;K2-80 b;K2-80;2.536789703633893;True
1834;K2-80 c;K2-80;2.536789703633893;True
1835;K2-80 d;K2-80;2.536789703633893;True
1836;K2-81 b;K2-81;3.7828660442739945;True
1837;K2-83 b;K2-83;207.57060498575413;True
1838;K2-83 c;K2-83;207.57060498575413;True
1839;K2-84 b;K2-84;5.705295319516248;True
1840;K2-84 c;K2-84;5.705295319516248;True
1841;K2-85 b;K2-85;105.8633845376026;True
1842;K2-86 b;K2-86;92.94419883802708;True
1843;K2-87 b;K2-87;2.271773575777092;True
1844;K2-88 b;K2-88;272.84736476123265;True
1845;K2-89 b;K2-89;109.8956983971453;True
1846;K2-8 b;K2-8;3.4867227083730925;True
1847;K2-8 c;K2-8;3.4867227083730925;True
1848;K2-90 b;K2-90;11.363593045678853;True
1849;K2-90 c;K2-90;11.363593045678853;True
1850;K2-91 b;K2-91;55.182572240060885;True
1851;K2-95 b;K2-95;70.74616039708386;True
1852;K2-97 b;K2-97;2.371512446515341;True
1853;K2-98 b;K2-98;4.890289958246936;True
1854;K2-99 b;K2-99;285.068917212006;True
1855;K2-99 c;K2-99;285.068917212006;True
1856;K2-9 b;K2-9;159.5897672620198;True
1857;kappa CrB b;kappa CrB;20.10573577078475;True
1858;KELT-10 b;KELT-10;23.90868594966984;True
1859;KELT-11 Ab;KELT-11 A;27.160618504482606;True
1860;KELT-12 b;WASP-86;13.722006603063852;True
1861;KELT-15 Ab;KELT-15 A;7.2312792652791105;True
1862;KELT-16 Ab;KELT-16 A;6.534442889652826;True
1863;KELT-17 b;KELT-17;602.6877596895761;True
1864;KELT-18 Ab;KELT-18 A;11.257329010443184;True
1865;KELT-19 Ab;KELT-19 A;64.48519392168635;True
1866;KELT-20 Ab;KELT-20 A;362.3983917600811;True
1867;KELT-21 Ab;KELT-21 A;133.2366855050945;True
1868;KELT-22 Ab;KELT-22 A;7.397736510976321;True
1869;KELT-23 Ab;KELT-23 A;1.7987413756360666;True
1870;KELT-2 Ab;KELT-2 A;14.208236222810855;True
1871;KELT-3 Ab;KELT-3 A;4.6601438682717;True
1872;KELT-4 Ab;KELT-4 A;6.534442889652828;True
1873;KELT-6 b;KELT-6;1.9481251075565509;True
1874;KELT-6 c;KELT-6;1.9481251075565509;True
1875;KELT-7 b;KELT-7;116.67766122696952;True
1876;KELT-8 b;KELT-8;2.3347274566272285;True
1877;KELT-9 Ab;KELT-9 A;210.36681036408723;True
1878;Kepler-1000 b;Kepler-1000;142.1852918777508;True
1879;Kepler-1001 b;Kepler-1001;7.780402762633943;True
1880;Kepler-1001 c;Kepler-1001;7.780402762633943;True
1881;Kepler-1002 Ab;Kepler-1002 A;13.713754773969786;True
1882;Kepler-1003 b;Kepler-1003;1.355679820588617;True
1883;Kepler-1004 b;Kepler-1004;2.371512446515341;True
1884;Kepler-1005 b;Kepler-1005;1.4127326935009958;True
1885;Kepler-1006 Ab;Kepler-1006 A;2.445199642221086;True
1886;Kepler-1007 Ab;Kepler-1007 A;3.914092054211561;True
1887;Kepler-1008 Ab;Kepler-1008 A;16.538372956788532;True
1888;Kepler-1009 b;Kepler-1009;125.01094450329208;True
1889;Kepler-100 b;Kepler-100;1.7879722913198033;True
1890;Kepler-100 c;Kepler-100;1.7879722913198033;True
1891;Kepler-100 d;Kepler-100;1.7879722913198033;True
1892;Kepler-100 e;Kepler-100;1.7879722913198033;True
1893;Kepler-1010 Ab;Kepler-1010;18.94659178152311;True
1894;Kepler-1011 b;Kepler-1011;17.33272561602602;True
1895;Kepler-1012 b;Kepler-1012;1.6212032005974222;True
1896;Kepler-1013 b;Kepler-1013;41.12976699427181;True
1897;Kepler-1014 b;Kepler-1014;3.480407473644102;True
1898;Kepler-1015 b;Kepler-1015;142.1852918777508;True
1899;Kepler-1016 b;Kepler-1016;1.0703731359649238;True
1900;Kepler-1016 c;Kepler-1016;1.0703731359649238;True
1901;Kepler-1017 b;Kepler-1017;8.082724784603418;True
1902;Kepler-1018 b;Kepler-1018;1.835934560913967;True
1903;Kepler-1019 Ab;Kepler-1019 A;23.15821014817357;True
1904;Kepler-101 b;Kepler-101;1.433367595749604;True
1905;Kepler-101 c;Kepler-101;1.433367595749604;True
1906;Kepler-1020 b;Kepler-1020;2.9722199168975747;True
1907;Kepler-1021 b;Kepler-1021;50.43763848600532;True
1908;Kepler-1022 b;Kepler-1022;4.249880722838528;True
1909;Kepler-1023 b;Kepler-1023;1.75245774458253;True
1910;Kepler-1024 b;Kepler-1024;26.824448421438593;True
1911;Kepler-1025 b;Kepler-1025;2.1949971416591874;True
1912;Kepler-1026 b;Kepler-1026;5.285512032455847;True
1913;Kepler-1027 Ab;Kepler-1027 A;16.48086667409397;True
1914;Kepler-1028 b;Kepler-1028;106.45116013468476;True
1915;Kepler-1029 b;Kepler-1029;25.56339950971699;True
1916;Kepler-102 b;Kepler-102;3.4867227083730925;True
1917;Kepler-102 c;Kepler-102;3.4867227083730925;True
1918;Kepler-102 d;Kepler-102;3.4867227083730925;True
1919;Kepler-102 e;Kepler-102;3.4867227083730925;True
1920;Kepler-102 f;Kepler-102;3.4867227083730925;True
1921;Kepler-1030 b;Kepler-1030;3.4867227083730925;True
1922;Kepler-1031 Ab;Kepler-1031 A;3.9536315692802257;True
1923;Kepler-1032 Ab;Kepler-1032 A;6.792025798100383;True
1924;Kepler-1033 b;Kepler-1033;2.4182668113772454;True
1925;Kepler-1034 b;Kepler-1034;3.687635600821907;True
1926;Kepler-1035 Ab;Kepler-1035 A;10.340625695278629;True
1927;Kepler-1036 b;Kepler-1036;7.627834124351343;True
1928;Kepler-1037 b;Kepler-1037;12.544510399341556;True
1929;Kepler-1038 b;Kepler-1038;9.4277899377682;True
1930;Kepler-1038 c;Kepler-1038;9.4277899377682;True
1931;Kepler-1039 b;Kepler-1039;5.057719803242407;True
1932;Kepler-103 b;Kepler-103;3.3551891482293;True
1933;Kepler-103 c;Kepler-103;3.3551891482293;True
1934;Kepler-1040 Ab;Kepler-1040 A;3.601350877968173;True
1935;Kepler-1041 b;Kepler-1041;2.24057544442721;True
1936;Kepler-1042 b;Kepler-1042 A;5.901169090207566;True
1937;Kepler-1043 b;Kepler-1043;13.669985527441874;True
1938;Kepler-1044 b;Kepler-1044;3.214354738091892;True
1939;Kepler-1045 b;Kepler-1045;12.13772965151009;True
1940;Kepler-1046 Ab;Kepler-1046 A;4.068353012669964;True
1941;Kepler-1047 b;Kepler-1047;2.072214220842012;True
1942;Kepler-1047 c;Kepler-1047;2.072214220842012;True
1943;Kepler-1048 Ab;Kepler-1048 A;5.682970945467606;True
1944;Kepler-1049 b;Kepler-1049;154.3089104204731;True
1945;Kepler-104 Ab;Kepler-104 A;8.746107383904679;True
1946;Kepler-104 Ac;Kepler-104 A;8.746107383904679;True
1947;Kepler-104 Ad;Kepler-104 A;8.746107383904679;True
1948;Kepler-1050 b;Kepler-1050;3.355189148229301;True
1949;Kepler-1050 c;Kepler-1050;3.355189148229301;True
1950;Kepler-1051 b;Kepler-1051;36.523731689921206;True
1951;Kepler-1052 b;Kepler-1052;1.770912169470917;True
1952;Kepler-1052 c;Kepler-1052;1.770912169470917;True
1953;Kepler-1053 b;Kepler-1053;162.0971716537795;True
1954;Kepler-1054 b;Kepler-1054;1.5502047069679092;True
1955;Kepler-1055 b;Kepler-1055;1.5165021271666368;True
1956;Kepler-1056 b;Kepler-1056;2.185931684207305;True
1957;Kepler-1057 b;Kepler-1057;1.3266119383763764;True
1958;Kepler-1058 Ab;Kepler-1058 A;5.682970945467606;True
1959;Kepler-1059 b;Kepler-1059;15.820445863313076;True
1960;Kepler-105 b;Kepler-105;1.770912169470917;True
1961;Kepler-105 c;Kepler-105;1.770912169470917;True
1962;Kepler-1060 b;Kepler-1060;1.4153038085940812;True
1963;Kepler-1061 b;Kepler-1061;2.072214220842012;True
1964;Kepler-1062 Ab;Kepler-1062 A;6.841013193037563;True
1965;Kepler-1063 Ab;Kepler-1063 A;7.725108354169398;True
1966;Kepler-1064 Ab;Kepler-1064 A;6.292198437448384;True
1967;Kepler-1065 b;Kepler-1065;9.606668396464851;True
1968;Kepler-1065 c;Kepler-1065;9.606668396464851;True
1969;Kepler-1066 b;Kepler-1066;6.095157800111858;True
1970;Kepler-1067 b;Kepler-1067;8.082724784603418;True
1971;Kepler-1067 c;Kepler-1067;8.082724784603418;True
1972;Kepler-1068 b;Kepler-1068;1.1445401598081808;True
1973;Kepler-1069 b;Kepler-1069;1.4292850450802717;True
1974;Kepler-106 b;Kepler-106;6.894190651262958;True
1975;Kepler-106 c;Kepler-106;6.894190651262958;True
1976;Kepler-106 d;Kepler-106;6.894190651262958;True
1977;Kepler-106 e;Kepler-106;6.894190651262958;True
1978;Kepler-1070 b;Kepler-1070;3.460651577701735;True
1979;Kepler-1071 Ab;Kepler-1071 A;4.405545770709381;True
1980;Kepler-1072 b;Kepler-1072;1.0477858298976432;True
1981;Kepler-1073 b;Kepler-1073;10.340625695278629;True
1982;Kepler-1073 c;Kepler-1073;10.340625695278629;True
1983;Kepler-1073 d;Kepler-1073;10.340625695278629;True
1984;Kepler-1074 b;Kepler-1074;78.75755742977104;True
1985;Kepler-1075 Ab;Kepler-1075 A;49.396060434845694;True
1986;Kepler-1076 Ab;Kepler-1076 A;17.396066131144636;True
1987;Kepler-1077 b;Kepler-1077;1.770912169470917;True
1988;Kepler-1078 b;Kepler-1078;1.81552838759359;True
1989;Kepler-1079 Ab;Kepler-1079 A;6.663309803630815;True
1990;Kepler-107 b;Kepler-107;1.7643993968227285;True
1991;Kepler-107 c;Kepler-107;1.7643993968227285;True
1992;Kepler-107 d;Kepler-107;1.7643993968227285;True
1993;Kepler-107 e;Kepler-107;1.7643993968227285;True
1994;Kepler-1080 b;Kepler-1080;36.86108566005581;True
1995;Kepler-1081 b;Kepler-1081;2.9722199168975747;True
1996;Kepler-1082 b;Kepler-1082;1.3139343231119989;True
1997;Kepler-1083 b;Kepler-1083;3.687635600821907;True
1998;Kepler-1084 Ab;Kepler-1084 A;2.185931684207305;True
1999;Kepler-1085 b;Kepler-1085;1.355679820588617;True
2000;Kepler-1085 c;Kepler-1085;1.355679820588617;True
2001;Kepler-1086 Bb;Kepler-1086 B;3.200260771960673;True
2002;Kepler-1086 Bc;Kepler-1086 B;3.200260771960673;True
2003;Kepler-1087 Ab;Kepler-1087 A;5.329838168684424;True
2004;Kepler-1088 b;Kepler-1088;1.6408041023629238;True
2005;Kepler-1089 b;Kepler-1089;277.71061394174365;True
2006;Kepler-108 Bb;Kepler-108 B;3.963373971508084;True
2007;Kepler-108 Bc;Kepler-108 B;3.963373971508084;True
2008;Kepler-1090 Ab;Kepler-1090 A;11.282568337909368;True
2009;Kepler-1090 Ac;Kepler-1090 A;11.282568337909368;True
2010;Kepler-1091 b;Kepler-1091;3.667916498166737;True
2011;Kepler-1092 b;Kepler-1092;72.72918115083712;True
2012;Kepler-1093 b;Kepler-1093;13.171681072006582;True
2013;Kepler-1093 c;Kepler-1093;13.171681072006582;True
2014;Kepler-1094 b;Kepler-1094;1.8716913462061255;True
2015;Kepler-1095 b;Kepler-1095;3.9101682568425087;True
2016;Kepler-1096 b;Kepler-1096;73.05963287422176;True
2017;Kepler-1097 b;Kepler-1097;24.461069485685613;True
2018;Kepler-1098 b;Kepler-1098;4.263827257032779;True
2019;Kepler-1099 b;Kepler-1099;2.9050749928863904;True
2020;Kepler-109 Ab;Kepler-109 A;7.725108354169397;True
2021;Kepler-109 Ac;Kepler-109 A;7.725108354169397;True
2022;Kepler-10 b;Kepler-10;2.536789703633893;True
2023;Kepler-10 c;Kepler-10;2.536789703633893;True
2024;Kepler-10 d;Kepler-10;2.536789703633893;True
2025;Kepler-1100 b;Kepler-1100;1.4429465697334265;True
2026;Kepler-1101 b;Kepler-1101;2.4182668113772454;True
2027;Kepler-1102 b;Kepler-1102;2.3545585983537074;True
2028;Kepler-1103 b;Kepler-1103;7.1872385834624035;True
2029;Kepler-1104 b;Kepler-1104;30.846376727476684;True
2030;Kepler-1105 b;Kepler-1105;7.767036875418137;True
2031;Kepler-1106 b;Kepler-1106;5.278505445729815;True
2032;Kepler-1107 b;Kepler-1107;12.13772965151009;True
2033;Kepler-1108 b;Kepler-1108;40.99797213037875;True
2034;Kepler-1109 b;Kepler-1109;1.0703731359649238;True
2035;Kepler-110 b;Kepler-110;3.0527881150764244;True
2036;Kepler-110 c;Kepler-110;3.0527881150764244;True
2037;Kepler-1110 b;Kepler-1110;49.069391429470336;True
2038;Kepler-1111 b;Kepler-1111;1.3266119383763764;True
2039;Kepler-1112 b;Kepler-1112;4.6601438682717;True
2040;Kepler-1113 b;Kepler-1113;22.772074700808098;True
2041;Kepler-1114 b;Kepler-1114;2.536789703633893;True
2042;Kepler-1115 b;Kepler-1115;171.0487515619329;True
2043;Kepler-1116 b;Kepler-1116;5.705295319516248;True
2044;Kepler-1117 Ab;Kepler-1117 A;9.830114155969795;True
2045;Kepler-1118 b;Kepler-1118;3.902981149650852;True
2046;Kepler-1119 b;Kepler-1119;4.535109572925661;True
2047;Kepler-111 b;Kepler-111;3.4899022223815614;True
2048;Kepler-111 c;Kepler-111;3.4899022223815614;True
2049;Kepler-1120 b;Kepler-1120;3.4867227083730925;True
2050;Kepler-1121 b;Kepler-1121;12.381010623425473;True
2051;Kepler-1122 b;Kepler-1122;1.7523391609049308;True
2052;Kepler-1123 b;Kepler-1123;2.0660544383663955;True
2053;Kepler-1124 b;Kepler-1124;109.8956983971453;True
2054;Kepler-1125 b;Kepler-1125;6.539013036790847;True
2055;Kepler-1126 b;Kepler-1126;1.9441373144911491;True
2056;Kepler-1126 c;Kepler-1126;1.9441373144911491;True
2057;Kepler-1127 b;Kepler-1127;4.41439427929796;True
2058;Kepler-1128 b;Kepler-1128;25.342865986847627;True
2059;Kepler-1129 b;Kepler-1129;1.770912169470917;True
2060;Kepler-1129 c;Kepler-1129;1.770912169470917;True
2061;Kepler-112 b;Kepler-112;9.008652714987118;True
2062;Kepler-112 c;Kepler-112;9.008652714987118;True
2063;Kepler-1130 Ab;Kepler-1130 A;13.277890970683725;True
2064;Kepler-1130 Ac;Kepler-1130 A;13.277890970683725;True
2065;Kepler-1130 Ad;Kepler-1130 A;13.277890970683725;True
2066;Kepler-1131 b;Kepler-1131;3.2143547380918913;True
2067;Kepler-1132 b;Kepler-1132;9.943595660319646;True
2068;Kepler-1133 b;Kepler-1133;1.7523391609049308;True
2069;Kepler-1134 b;Kepler-1134;8.457259480804105;True
2070;Kepler-1135 b;Kepler-1135;1.3277697191719289;True
2071;Kepler-1136 b;Kepler-1136;162.0971716537795;True
2072;Kepler-1137 b;Kepler-1137;421.338558919626;True
2073;Kepler-1138 b;Kepler-1138;9.830114155969795;True
2074;Kepler-1139 b;Kepler-1139;7.627834124351347;True
2075;Kepler-113 b;Kepler-113;4.065434750456954;True
2076;Kepler-113 c;Kepler-113;4.065434750456954;True
2077;Kepler-1140 b;Kepler-1140;18.91183833953097;True
2078;Kepler-1141 b;Kepler-1141;1.770912169470917;True
2079;Kepler-1142 b;Kepler-1142;3.065925538963944;True
2080;Kepler-1143 Ab;Kepler-1143 A;19.142296530863288;True
2081;Kepler-1143 Ac;Kepler-1143 A;19.142296530863288;True
2082;Kepler-1144 b;Kepler-1144;1.0703731359649238;True
2083;Kepler-1145 b;Kepler-1145;25.457544317398153;True
2084;Kepler-1146 b;Kepler-1146;2.745904047988802;True
2085;Kepler-1147 b;Kepler-1147;7.725108354169398;True
2086;Kepler-1148 b;Kepler-1148;15.149381761170886;True
2087;Kepler-1149 Ab;Kepler-1149 A;3.065925538963944;True
2088;Kepler-114 b;Kepler-114;4.18595153508665;True
2089;Kepler-114 c;Kepler-114;4.18595153508665;True
2090;Kepler-114 d;Kepler-114;4.18595153508665;True
2091;Kepler-1150 Bb;Kepler-1150 B;3.914092054211561;True
2092;Kepler-1151 b;Kepler-1151;53.33728449134123;True
2093;Kepler-1152 b;Kepler-1152;82.954720077375;True
2094;Kepler-1153 b;Kepler-1153;5.275186812546585;True
2095;Kepler-1154 b;Kepler-1154;7.156944741537693;True
2096;Kepler-1154 c;Kepler-1154;7.156944741537693;True
2097;Kepler-1155 b;Kepler-1155;9.461653274009825;True
2098;Kepler-1156 b;Kepler-1156;1.4559390558717729;True
2099;Kepler-1157 Ab;Kepler-1157 A;2.9537341623346527;True
2100;Kepler-1158 b;Kepler-1158;109.54221277273444;True
2101;Kepler-1159 b;Kepler-1159;2.303858607574318;True
2102;Kepler-115 b;Kepler-115;1.2756574736348056;True
2103;Kepler-115 c;Kepler-115;1.2756574736348056;True
2104;Kepler-1160 b;Kepler-1160;15.284158110048482;True
2105;Kepler-1161 b;Kepler-1161;75.7388243971009;True
2106;Kepler-1162 b;Kepler-1162;6.095157800111858;True
2107;Kepler-1162 c;Kepler-1162;6.095157800111858;True
2108;Kepler-1163 b;Kepler-1163;5.552611742757164;True
2109;Kepler-1164 b;Kepler-1164;5.225446657870149;True
2110;Kepler-1165 b;Kepler-1165;1.4618212603195757;True
2111;Kepler-1165 c;Kepler-1165;1.4618212603195757;True
2112;Kepler-1166 b;Kepler-1166;16.78205770609162;True
2113;Kepler-1167 b;Kepler-1167;16.92044410683666;True
2114;Kepler-1168 b;Kepler-1168;2.655368324786669;True
2115;Kepler-1169 b;Kepler-1169;2.5758739078815056;True
2116;Kepler-116 b;Kepler-116;3.9025370869134695;True
2117;Kepler-116 c;Kepler-116;3.9025370869134695;True
2118;Kepler-1170 b;Kepler-1170;24.561431697216687;True
2119;Kepler-1171 b;Kepler-1171;88.92573397552606;True
2120;Kepler-1172 b;Kepler-1172;15.284158110048482;True
2121;Kepler-1173 b;Kepler-1173;1.944470341713428;True
2122;Kepler-1174 b;Kepler-1174;4.244313557205995;True
2123;Kepler-1175 b;Kepler-1175;17.059078348995925;True
2124;Kepler-1176 b;Kepler-1176;3.667916498166737;True
2125;Kepler-1177 b;Kepler-1177;3.601350877968173;True
2126;Kepler-1178 Ab;Kepler-1178 A;16.538372956788532;True
2127;Kepler-1179 b;Kepler-1179;1.808175572140468;True
2128;Kepler-117 b;Kepler-117;2.0698239419226043;True
2129;Kepler-117 c;Kepler-117;2.0698239419226043;True
2130;Kepler-1180 b;Kepler-1180;6.067249075132634;True
2131;Kepler-1181 b;Kepler-1181;7.552120272756244;True
2132;Kepler-1181 c;Kepler-1181;7.552120272756244;True
2133;Kepler-1182 b;Kepler-1182;4.068353012669964;True
2134;Kepler-1183 b;Kepler-1183;4.6599299739100495;True
2135;Kepler-1184 b;Kepler-1184;4.244313557205995;True
2136;Kepler-1185 b;Kepler-1185;48.57465870534107;True
2137;Kepler-1186 b;Kepler-1186;2.4182668113772454;True
2138;Kepler-1187 b;Kepler-1187;1.6408041023629238;True
2139;Kepler-1188 b;Kepler-1188;4.068353012669964;True
2140;Kepler-1189 b;Kepler-1189;4.535109572925661;True
2141;Kepler-118 b;Kepler-118;3.185494632668544;True
2142;Kepler-118 c;Kepler-118;3.185494632668544;True
2143;Kepler-1190 Ab;Kepler-1190 A;3.200260771960673;True
2144;Kepler-1191 b;Kepler-1191;11.400479062873927;True
2145;Kepler-1192 b;Kepler-1192;80.482014696141;True
2146;Kepler-1193 b;Kepler-1193;1.3266119383763764;True
2147;Kepler-1194 Ab;Kepler-1194 A;9.830114155969795;True
2148;Kepler-1195 b;Kepler-1195;15.820445863313076;True
2149;Kepler-1196 b;Kepler-1196;3.601350877968173;True
2150;Kepler-1197 Ab;Kepler-1197 A;2.9537341623346527;True
2151;Kepler-1198 b;Kepler-1198;15.284158110048482;True
2152;Kepler-1199 Ab;Kepler-1199 A;2.296774759858653;True
2153;Kepler-119 b;Kepler-119;3.530627298292353;True
2154;Kepler-119 c;Kepler-119;3.530627298292353;True
2155;Kepler-11 b;Kepler-11;2.4182668113772454;True
2156;Kepler-11 c;Kepler-11;2.4182668113772454;True
2157;Kepler-11 d;Kepler-11;2.4182668113772454;True
2158;Kepler-11 e;Kepler-11;2.4182668113772454;True
2159;Kepler-11 f;Kepler-11;2.4182668113772454;True
2160;Kepler-11 g;Kepler-11;2.4182668113772454;True
2161;Kepler-1200 b;Kepler-1200;5.682970945467606;True
2162;Kepler-1201 b;Kepler-1201;7.139868619583382;True
2163;Kepler-1202 Ab;Kepler-1202 A;9.461653274009825;True
2164;Kepler-1203 b;Kepler-1203;111.50563785279522;True
2165;Kepler-1204 b;Kepler-1204;9.461653274009825;True
2166;Kepler-1205 b;Kepler-1205;8.415410129786176;True
2167;Kepler-1206 b;Kepler-1206;17.596981331626175;True
2168;Kepler-1207 b;Kepler-1207;4.604096989331093;True
2169;Kepler-1208 b;Kepler-1208;17.442495998406038;True
2170;Kepler-1209 b;Kepler-1209;3.665294060401309;True
2171;Kepler-120 b;Kepler-120;74.6270958624065;True
2172;Kepler-120 c;Kepler-120;74.6270958624065;True
2173;Kepler-1210 b;Kepler-1210;9.830114155969795;True
2174;Kepler-1211 b;Kepler-1211;1.770912169470917;True
2175;Kepler-1212 b;Kepler-1212;2.24057544442721;True
2176;Kepler-1213 b;Kepler-1213;1.121709366362818;True
2177;Kepler-1214 Ab;Kepler-1214 A;6.292198437448384;True
2178;Kepler-1215 b;Kepler-1215;9.830114155969795;True
2179;Kepler-1216 b;Kepler-1216;3.601350877968173;True
2180;Kepler-1217 b;Kepler-1217;5.621770178859459;True
2181;Kepler-1218 b;Kepler-1218;3.1611035960852822;True
2182;Kepler-1219 b;Kepler-1219;1.846553877942864;True
2183;Kepler-121 b;Kepler-121;5.8381691792473855;True
2184;Kepler-121 c;Kepler-121;5.8381691792473855;True
2185;Kepler-1220 Ab;Kepler-1220 A;3.667916498166737;True
2186;Kepler-1221 Ab;Kepler-1221 A;9.746335791333893;True
2187;Kepler-1222 b;Kepler-1222;3.687635600821907;True
2188;Kepler-1223 b;Kepler-1223;2.745904047988802;True
2189;Kepler-1224 Ab;Kepler-1224 A;6.823634776364634;True
2190;Kepler-1225 b;Kepler-1225;2.185931684207305;True
2191;Kepler-1226 Ab;Kepler-1226 A;3.408274952363259;True
2192;Kepler-1227 Ab;Kepler-1227 A;3.601350877968173;True
2193;Kepler-1228 b;Kepler-1228;4.4195127867930415;True
2194;Kepler-1229 Ab;Kepler-1229 A;93.14404358822794;True
2195;Kepler-122 b;Kepler-122;1.770912169470917;True
2196;Kepler-122 c;Kepler-122;1.770912169470917;True
2197;Kepler-122 d;Kepler-122;1.770912169470917;True
2198;Kepler-122 e;Kepler-122;1.770912169470917;True
2199;Kepler-122 f;Kepler-122;1.770912169470917;True
2200;Kepler-1230 b;Kepler-1230;6.034862993653335;True
2201;Kepler-1231 b;Kepler-1231;4.659929973910049;True
2202;Kepler-1232 b;Kepler-1232;1.9441373144911491;True
2203;Kepler-1233 b;Kepler-1233;4.756048246496084;True
2204;Kepler-1234 b;Kepler-1234;17.442495998406027;True
2205;Kepler-1235 b;Kepler-1235;1.4576492667223953;True
2206;Kepler-1236 b;Kepler-1236;19.23670286470364;True
2207;Kepler-1237 b;Kepler-1237;23.84926785779609;True
2208;Kepler-1238 b;Kepler-1238;28.692599406158696;True
2209;Kepler-1239 b;Kepler-1239;2.8912270242303197;True
2210;Kepler-123 b;Kepler-123;1.6912228732794197;True
2211;Kepler-123 c;Kepler-123;1.6912228732794197;True
2212;Kepler-1240 Ab;Kepler-1240 A;3.656020841807751;True
2213;Kepler-1241 b;Kepler-1241;7.225239856936161;True
2214;Kepler-1242 b;Kepler-1242;16.59746806524845;True
2215;Kepler-1243 b;Kepler-1243;7.627834124351343;True
2216;Kepler-1244 b;Kepler-1244;36.523731689921206;True
2217;Kepler-1245 b;Kepler-1245;19.23670286470364;True
2218;Kepler-1245 c;Kepler-1245;19.23670286470364;True
2219;Kepler-1246 Ab;Kepler-1246 A;5.682970945467606;True
2220;Kepler-1247 b;Kepler-1247;19.23670286470364;True
2221;Kepler-1248 Ab;Kepler-1248 A;5.722866397876306;True
2222;Kepler-1249 b;Kepler-1249;5.535715109855702;True
2223;Kepler-124 Ab;Kepler-124 A;12.700378537333869;True
2224;Kepler-124 Ac;Kepler-124 A;12.700378537333869;True
2225;Kepler-124 Ad;Kepler-124 A;12.700378537333869;True
2226;Kepler-1250 b;Kepler-1250;1.5165021271666368;True
2227;Kepler-1251 Ab;Kepler-1251 A;15.284158110048482;True
2228;Kepler-1252 b;Kepler-1252;6.034862993653335;True
2229;Kepler-1253 Ab;Kepler-1253 A;3.601350877968172;True
2230;Kepler-1254 b;Kepler-1254;16.92044410683666;True
2231;Kepler-1254 c;Kepler-1254;16.92044410683666;True
2232;Kepler-1254 d;Kepler-1254;16.92044410683666;True
2233;Kepler-1255 b;Kepler-1255;5.340061569848566;True
2234;Kepler-1256 b;Kepler-1256;1.5032167345094865;True
2235;Kepler-1257 b;Kepler-1257;2.655368324786669;True
2236;Kepler-1258 b;Kepler-1258;1.5392271397582211;True
2237;Kepler-1259 b;Kepler-1259;24.561431697216687;True
2238;Kepler-125 b;Kepler-125;48.671626564051294;True
2239;Kepler-125 c;Kepler-125;48.671626564051294;True
2240;Kepler-1260 b;Kepler-1260;6.034862993653335;True
2241;Kepler-1261 b;Kepler-1261;25.56339950971699;True
2242;Kepler-1262 b;Kepler-1262;4.6599299739100495;True
2243;Kepler-1263 b;Kepler-1263;3.687635600821907;True
2244;Kepler-1264 Ab;Kepler-1264 A;4.6599299739100495;True
2245;Kepler-1265 Ab;Kepler-1265 A;3.548833449688179;True
2246;Kepler-1266 b;Kepler-1266;3.687635600821907;True
2247;Kepler-1266 c;Kepler-1266;3.687635600821907;True
2248;Kepler-1267 b;Kepler-1267;4.628930757435649;True
2249;Kepler-1268 b;Kepler-1268;5.621770178859459;True
2250;Kepler-1269 b;Kepler-1269;2.3899191101653954;True
2251;Kepler-126 b;Kepler-126;6.696112706508488;True
2252;Kepler-126 c;Kepler-126;6.696112706508488;True
2253;Kepler-126 d;Kepler-126;6.696112706508488;True
2254;Kepler-1270 b;Kepler-1270;2.371512446515341;True
2255;Kepler-1271 b;Kepler-1271;1.3840901553293423;True
2256;Kepler-1272 b;Kepler-1272;1.4372675944968347;True
2257;Kepler-1273 b;Kepler-1273;2.4182668113772454;True
2258;Kepler-1274 b;Kepler-1274;29.884505477956385;True
2259;Kepler-1275 b;Kepler-1275;7.156944741537693;True
2260;Kepler-1276 b;Kepler-1276;1.981053202080555;True
2261;Kepler-1277 b;Kepler-1277;1.4576492667223953;True
2262;Kepler-1278 b;Kepler-1278;2.6780367799352516;True
2263;Kepler-1279 b;Kepler-1279;3.665294060401308;True
2264;Kepler-127 b;Kepler-127;3.085708760911506;True
2265;Kepler-127 c;Kepler-127;3.085708760911506;True
2266;Kepler-127 d;Kepler-127;3.085708760911506;True
2267;Kepler-1280 b;Kepler-1280;7.156944741537693;True
2268;Kepler-1281 Ab;Kepler-1281 A;14.051197398671858;True
2269;Kepler-1282 b;Kepler-1282;6.689292803209044;True
2270;Kepler-1283 b;Kepler-1283;4.602466759017834;True
2271;Kepler-1284 b;Kepler-1284;8.381113524641822;True
2272;Kepler-1285 b;Kepler-1285;5.552611742757164;True
2273;Kepler-1286 b;Kepler-1286;4.6599299739100495;True
2274;Kepler-1287 b;Kepler-1287;1.327769719171929;True
2275;Kepler-1288 b;Kepler-1288 A;5.535715109855702;True
2276;Kepler-1289 b;Kepler-1289;1.6470097370557086;True
2277;Kepler-128 b;Kepler-128;2.24057544442721;True
2278;Kepler-128 c;Kepler-128;2.24057544442721;True
2279;Kepler-1290 b;Kepler-1290;5.705295319516248;True
2280;Kepler-1291 b;Kepler-1291;8.415410129786176;True
2281;Kepler-1292 b;Kepler-1292;9.830114155969795;True
2282;Kepler-1293 b;Kepler-1293;7.878270281185327;True
2283;Kepler-1294 b;Kepler-1294;4.6599299739100495;True
2284;Kepler-1295 b;Kepler-1295;42.51901791638067;True
2285;Kepler-1296 b;Kepler-1296;2.655368324786669;True
2286;Kepler-1297 b;Kepler-1297;1.0632674837963303;True
2287;Kepler-1298 b;Kepler-1298;12.064790071713087;True
2288;Kepler-1299 b;Kepler-1299;9.830114155969795;True
2289;Kepler-129 b;Kepler-129;1.9391192754980224;True
2290;Kepler-129 c;Kepler-129;1.9391192754980224;True
2291;Kepler-129 d;Kepler-129;1.9391192754980224;True
2292;Kepler-12 b;Kepler-12;1.9391192754980224;True
2293;Kepler-1300 b;Kepler-1300;2.8451042517999197;True
2294;Kepler-1301 b;Kepler-1301;7.772169827413365;True
2295;Kepler-1302 b;Kepler-1302;6.844926010836627;True
2296;Kepler-1303 b;Kepler-1303;4.6599299739100495;True
2297;Kepler-1304 b;Kepler-1304;17.059078348995936;True
2298;Kepler-1305 b;Kepler-1305;3.656020841807751;True
2299;Kepler-1306 b;Kepler-1306;3.67000675900162;True
2300;Kepler-1307 b;Kepler-1307;1.6408041023629238;True
2301;Kepler-1308 b;Kepler-1308;11.016648066504764;True
2302;Kepler-1309 Ab;Kepler-1309 A;7.225239856936161;True
2303;Kepler-130 Ab;Kepler-130 A;7.725108354169397;True
2304;Kepler-130 Ac;Kepler-130 A;7.725108354169397;True
2305;Kepler-130 Ad;Kepler-130 A;7.725108354169397;True
2306;Kepler-1310 b;Kepler-1310;1.4576492667223953;True
2307;Kepler-1311 b;Kepler-1311;1.3947065215413126;True
2308;Kepler-1311 c;Kepler-1311;1.3947065215413126;True
2309;Kepler-1311 d;Kepler-1311;1.3947065215413126;True
2310;Kepler-1312 b;Kepler-1312;28.71939305153889;True
2311;Kepler-1312 c;Kepler-1312;28.71939305153889;True
2312;Kepler-1313 b;Kepler-1313;17.059078348995925;True
2313;Kepler-1314 b;Kepler-1314;87.75852970952461;True
2314;Kepler-1315 Ab;Kepler-1315 A;5.682970945467606;True
2315;Kepler-1315 Ac;Kepler-1315 A;5.682970945467606;True
2316;Kepler-1316 b;Kepler-1316;1.4372675944968347;True
2317;Kepler-1317 b;Kepler-1317;9.7556888793272;True
2318;Kepler-1318 b;Kepler-1318;3.914092054211561;True
2319;Kepler-1319 Ab;Kepler-1319 A;254.954309558941;True
2320;Kepler-131 b;Kepler-131;2.5632799383375446;True
2321;Kepler-131 c;Kepler-131;2.5632799383375446;True
2322;Kepler-1320 b;Kepler-1320;54.46640295744289;True
2323;Kepler-1321 b;Kepler-1321;52.37539852090182;True
2324;Kepler-1321 c;Kepler-1321;52.37539852090182;True
2325;Kepler-1321 d;Kepler-1321;52.37539852090182;True
2326;Kepler-1322 b;Kepler-1322;23.84926785779609;True
2327;Kepler-1322 c;Kepler-1322;23.84926785779609;True
2328;Kepler-1323 b;Kepler-1323;1.0477858298976432;True
2329;Kepler-1324 b;Kepler-1324;25.255375657876694;True
2330;Kepler-1325 b;Kepler-1325;15.284158110048471;True
2331;Kepler-1326 b;Kepler-1326;11.222938042745955;True
2332;Kepler-1327 b;Kepler-1327;1.3139343231119989;True
2333;Kepler-1328 b;Kepler-1328;1.7071388054049434;True
2334;Kepler-1329 b;Kepler-1329;3.200260771960673;True
2335;Kepler-132 Ab;Kepler-132 A;2.296774759858653;True
2336;Kepler-132 Ac;Kepler-132 A;2.296774759858653;True
2337;Kepler-132 Ad;Kepler-132 A;2.296774759858653;True
2338;Kepler-132 Ae;Kepler-132 A;2.296774759858653;True
2339;Kepler-1330 b;Kepler-1330;4.481705126605875;True
2340;Kepler-1331 b;Kepler-1331;5.572641460638402;True
2341;Kepler-1332 b;Kepler-1332;1.3947065215413126;True
2342;Kepler-1333 Ab;Kepler-1333 A;9.830114155969795;True
2343;Kepler-1334 b;Kepler-1334;9.830114155969795;True
2344;Kepler-1335 b;Kepler-1335;16.92044410683666;True
2345;Kepler-1336 b;Kepler-1336;2.4182668113772454;True
2346;Kepler-1336 c;Kepler-1336;2.4182668113772454;True
2347;Kepler-1337 b;Kepler-1337;6.2629565282213475;True
2348;Kepler-1338 b;Kepler-1338;1.0632674837963303;True
2349;Kepler-1339 Ab;Kepler-1339 A;4.481705126605875;True
2350;Kepler-133 b;Kepler-133;3.414957970698925;True
2351;Kepler-133 c;Kepler-133;3.414957970698925;True
2352;Kepler-1340 b;Kepler-1340;1.7643993968227285;True
2353;Kepler-1341 Ab;Kepler-1341 A;3.200260771960673;True
2354;Kepler-1342 b;Kepler-1342;15.284158110048482;True
2355;Kepler-1343 b;Kepler-1343;2.5228429226352698;True
2356;Kepler-1344 b;Kepler-1344;2.1526624635291993;True
2357;Kepler-1345 b;Kepler-1345;12.064790071713087;True
2358;Kepler-1346 b;Kepler-1346;2.185931684207305;True
2359;Kepler-1347 Ab;Kepler-1347 A;26.824448421438593;True
2360;Kepler-1348 b;Kepler-1348;4.068353012669964;True
2361;Kepler-1349 b;Kepler-1349;1.121709366362818;True
2362;Kepler-134 b;Kepler-134;5.262950370720394;True
2363;Kepler-134 c;Kepler-134;5.262950370720394;True
2364;Kepler-1350 b;Kepler-1350;239.56368217973755;True
2365;Kepler-1350 c;Kepler-1350;239.56368217973755;True
2366;Kepler-1351 b;Kepler-1351;106.39428748032266;True
2367;Kepler-1352 b;Kepler-1352;0.9732937311252344;True
2368;Kepler-1353 b;Kepler-1353;14.916820683045731;True
2369;Kepler-1354 b;Kepler-1354;2.5614068876808287;True
2370;Kepler-1355 b;Kepler-1355;14.05048739431557;True
2371;Kepler-1356 b;Kepler-1356;12.544510399341556;True
2372;Kepler-1357 b;Kepler-1357;9.830114155969795;True
2373;Kepler-1358 b;Kepler-1358;26.824448421438593;True
2374;Kepler-1359 b;Kepler-1359;19.292115343908353;True
2375;Kepler-135 b;Kepler-135;2.3119466046485826;True
2376;Kepler-135 c;Kepler-135;2.3119466046485826;True
2377;Kepler-1360 b;Kepler-1360;501.4993744385096;True
2378;Kepler-1361 b;Kepler-1361;3.687635600821907;True
2379;Kepler-1362 b;Kepler-1362;54.46640295744289;True
2380;Kepler-1363 b;Kepler-1363;13.816369336550068;True
2381;Kepler-1364 Ab;Kepler-1364 A;88.92573397552606;True
2382;Kepler-1365 b;Kepler-1365;1.0703731359649238;True
2383;Kepler-1365 c;Kepler-1365;1.0703731359649238;True
2384;Kepler-1366 b;Kepler-1366;229.90728803112583;True
2385;Kepler-1367 b;Kepler-1367;44.476216376256005;True
2386;Kepler-1368 b;Kepler-1368;6.034862993653335;True
2387;Kepler-1369 b;Kepler-1369;3.601350877968173;True
2388;Kepler-136 Ab;Kepler-136 A;5.535715109855702;True
2389;Kepler-136 Ac;Kepler-136 A;5.535715109855702;True
2390;Kepler-1370 b;Kepler-1370;5.195785013632331;True
2391;Kepler-1370 c;Kepler-1370;5.195785013632331;True
2392;Kepler-1371 Ab;Kepler-1371 A;14.806830924778945;True
2393;Kepler-1371 Ac;Kepler-1371 A;14.806830924778945;True
2394;Kepler-1372 b;Kepler-1372;3.656020841807751;True
2395;Kepler-1373 b;Kepler-1373;3.460651577701735;True
2396;Kepler-1374 b;Kepler-1374;11.400479062873927;True
2397;Kepler-1375 b;Kepler-1375;142.1852918777508;True
2398;Kepler-1376 b;Kepler-1376;3.656020841807751;True
2399;Kepler-1377 b;Kepler-1377;3.2760572448911525;True
2400;Kepler-1378 b;Kepler-1378;162.0971716537795;True
2401;Kepler-1379 b;Kepler-1379;17.059078348995936;True
2402;Kepler-137 b;Kepler-137;7.554313435801153;True
2403;Kepler-137 c;Kepler-137;7.554313435801153;True
2404;Kepler-1380 b;Kepler-1380;9.830114155969795;True
2405;Kepler-1381 b;Kepler-1381;2.3545585983537074;True
2406;Kepler-1382 Ab;Kepler-1382 A;2.9615652851227288;True
2407;Kepler-1383 b;Kepler-1383;3.571679625746412;True
2408;Kepler-1384 b;Kepler-1384;16.92044410683666;True
2409;Kepler-1385 b;Kepler-1385;1.355679820588617;True
2410;Kepler-1386 b;Kepler-1386;7.399768634215472;True
2411;Kepler-1387 b;Kepler-1387;41.761911583959794;True
2412;Kepler-1388 Ab;Kepler-1388 A;176.49524097099322;True
2413;Kepler-1388 Ac;Kepler-1388 A;176.49524097099322;True
2414;Kepler-1388 Ad;Kepler-1388 A;176.49524097099322;True
2415;Kepler-1388 Ae;Kepler-1388 A;176.49524097099322;True
2416;Kepler-1389 b;Kepler-1389;5.474166188151882;True
2417;Kepler-138 b;Kepler-138;151.04262491260482;True
2418;Kepler-138 c;Kepler-138;151.04262491260482;True
2419;Kepler-138 d;Kepler-138;151.04262491260482;True
2420;Kepler-138 e;Kepler-138;151.04262491260482;True
2421;Kepler-1390 b;Kepler-1390;3.601350877968173;True
2422;Kepler-1391 b;Kepler-1391;2.2831933579947767;True
2423;Kepler-1392 b;Kepler-1392;2.9722199168975747;True
2424;Kepler-1393 b;Kepler-1393 A;6.539013036790849;True
2425;Kepler-1394 b;Kepler-1394;345.77959360948404;True
2426;Kepler-1395 b;Kepler-1395;1.0477858298976432;True
2427;Kepler-1396 b;Kepler-1396;1.0477858298976432;True
2428;Kepler-1397 b;Kepler-1397;15.311837790349928;True
2429;Kepler-1398 b;Kepler-1398;0.9538668676984222;True
2430;Kepler-1398 c;Kepler-1398;0.9538668676984222;True
2431;Kepler-1399 b;Kepler-1399;3.656020841807751;True
2432;Kepler-139 b;Kepler-139;1.1473266633912558;True
2433;Kepler-139 c;Kepler-139;1.1473266633912558;True
2434;Kepler-139 d;Kepler-139;1.1473266633912558;True
2435;Kepler-139 e;Kepler-139;1.1473266633912558;True
2436;Kepler-139 f;Kepler-139;1.1473266633912558;True
2437;Kepler-13 Ab;Kepler-13 A;172.7730223941494;True
2438;Kepler-1400 b;Kepler-1400;17.059078348995936;True
2439;Kepler-1401 Ab;Kepler-1401 A;9.29689518431462;True
2440;Kepler-1402 b;Kepler-1402;16.78205770609162;True
2441;Kepler-1403 b;Kepler-1403;4.535109572925661;True
2442;Kepler-1404 Ab;Kepler-1404 A;7.225239856936161;True
2443;Kepler-1405 b;Kepler-1405;4.244313557205995;True
2444;Kepler-1406 b;Kepler-1406;36.86108566005581;True
2445;Kepler-1407 b;Kepler-1407;4.423089411397942;True
2446;Kepler-1408 b;Kepler-1408;1.0477858298976432;True
2447;Kepler-1409 b;Kepler-1409;15.08464846976557;True
2448;Kepler-140 Ab;Kepler-140 A;2.185931684207305;True
2449;Kepler-140 Ac;Kepler-140 A;2.185931684207305;True
2450;Kepler-1410 Ab;Kepler-1410 A;125.0109445032922;True
2451;Kepler-1411 b;Kepler-1411;5.705295319516248;True
2452;Kepler-1412 b;Kepler-1412;1.0649261750681862;True
2453;Kepler-1413 b;Kepler-1413;7.668817581761371;True
2454;Kepler-1414 b;Kepler-1414;31.18210582106483;True
2455;Kepler-1415 b;Kepler-1415;2.655368324786669;True
2456;Kepler-1416 b;Kepler-1416;3.9536315692802257;True
2457;Kepler-1417 b;Kepler-1417;1.621146102390228;True
2458;Kepler-1418 Ab;Kepler-1418 A;5.8009239100296295;True
2459;Kepler-1419 b;Kepler-1419;3.601350877968173;True
2460;Kepler-141 b;Kepler-141;6.894190651262958;True
2461;Kepler-141 c;Kepler-141;6.894190651262958;True
2462;Kepler-1420 b;Kepler-1420;26.824448421438593;True
2463;Kepler-1421 b;Kepler-1421;1.8140982915283124;True
2464;Kepler-1422 b;Kepler-1422;4.602466759017834;True
2465;Kepler-1423 b;Kepler-1423;16.92044410683666;True
2466;Kepler-1424 Ab;Kepler-1424 A;3.408274952363259;True
2467;Kepler-1425 b;Kepler-1425;2.4182668113772454;True
2468;Kepler-1426 Ab;Kepler-1426 A;5.099988492294526;True
2469;Kepler-1427 Ab;Kepler-1427 A;4.6599299739100495;True
2470;Kepler-1428 b;Kepler-1428;30.846376727476684;True
2471;Kepler-1429 b;Kepler-1429;4.244313557205995;True
2472;Kepler-142 b;Kepler-142;0.9456685943011968;True
2473;Kepler-142 c;Kepler-142;0.9456685943011968;True
2474;Kepler-142 d;Kepler-142;0.9456685943011968;True
2475;Kepler-1430 b;Kepler-1430;18.590576465339264;True
2476;Kepler-1431 b;Kepler-1431;9.461653274009825;True
2477;Kepler-1432 b;Kepler-1432;1.3266119383763764;True
2478;Kepler-1433 Ab;Kepler-1433 A;2.185931684207305;True
2479;Kepler-1434 b;Kepler-1434;39.792096366120624;True
2480;Kepler-1435 b;Kepler-1435;7.156944741537693;True
2481;Kepler-1436 b;Kepler-1436;6.034862993653335;True
2482;Kepler-1437 b;Kepler-1437;15.284158110048471;True
2483;Kepler-1438 Ab;Kepler-1438 A;15.338824938241444;True
2484;Kepler-1439 b;Kepler-1439;66.19838495810428;True
2485;Kepler-143 b;Kepler-143;4.097950885766328;True
2486;Kepler-143 c;Kepler-143;4.097950885766328;True
2487;Kepler-1440 b;Kepler-1440;6.781842960046857;True
2488;Kepler-1441 b;Kepler-1441;2.9050749928863904;True
2489;Kepler-1442 b;Kepler-1442;2.3067374232723985;True
2490;Kepler-1443 Ab;Kepler-1443 A;5.584188491210358;True
2491;Kepler-1444 b;Kepler-1444;1.6912228732794197;True
2492;Kepler-1445 Ab;Kepler-1445 A;5.535715109855702;True
2493;Kepler-1446 b;Kepler-1446;9.7556888793272;True
2494;Kepler-1447 b;Kepler-1447;3.656020841807751;True
2495;Kepler-1448 b;Kepler-1448;2.5228429226352698;True
2496;Kepler-1449 b;Kepler-1449;9.29689518431462;True
2497;Kepler-144 b;Kepler-144;3.1609273104294693;True
2498;Kepler-144 c;Kepler-144;3.1609273104294693;True
2499;Kepler-1450 b;Kepler-1450;13.872463901848086;True
2500;Kepler-1451 b;Kepler-1451;4.6599299739100495;True
2501;Kepler-1452 b;Kepler-1452;32.749300777460014;True
2502;Kepler-1453 b;Kepler-1453;3.065925538963944;True
2503;Kepler-1454 b;Kepler-1454;16.78205770609162;True
2504;Kepler-1455 b;Kepler-1455;78.75755742977111;True
2505;Kepler-1456 Ab;Kepler-1456 A;111.50563785279522;True
2506;Kepler-1457 b;Kepler-1457;2.6449304904347315;True
2507;Kepler-1458 b;Kepler-1458;1.770912169470917;True
2508;Kepler-1459 b;Kepler-1459;19.142296530863288;True
2509;Kepler-145 b;Kepler-145;2.8451042517999197;True
2510;Kepler-145 c;Kepler-145;2.8451042517999197;True
2511;Kepler-1460 b;Kepler-1460;106.39428748032266;True
2512;Kepler-1461 b;Kepler-1461;5.035592501868984;True
2513;Kepler-1462 b;Kepler-1462;4.6599299739100495;True
2514;Kepler-1463 b;Kepler-1463;3.902981149650852;True
2515;Kepler-1464 b;Kepler-1464;1.770912169470917;True
2516;Kepler-1464 c;Kepler-1464;1.770912169470917;True
2517;Kepler-1465 b;Kepler-1465;4.648267371197965;True
2518;Kepler-1466 b;Kepler-1466;4.781494837382171;True
2519;Kepler-1467 b;Kepler-1467;78.926119325792;True
2520;Kepler-1468 b;Kepler-1468;1.2756574736348056;True
2521;Kepler-1468 c;Kepler-1468;1.2756574736348056;True
2522;Kepler-1468 d;Kepler-1468;1.2756574736348056;True
2523;Kepler-1469 b;Kepler-1469;42.51901791638067;True
2524;Kepler-146 b;Kepler-146;1.6408041023629238;True
2525;Kepler-146 c;Kepler-146;1.6408041023629238;True
2526;Kepler-1470 b;Kepler-1470;17.442495998406027;True
2527;Kepler-1471 b;Kepler-1471;15.338824938241444;True
2528;Kepler-1471 c;Kepler-1471;15.338824938241444;True
2529;Kepler-1472 b;Kepler-1472;5.552611742757164;True
2530;Kepler-1473 b;Kepler-1473;1.7879722913198033;True
2531;Kepler-1474 b;Kepler-1474;2.5632799383375446;True
2532;Kepler-1475 Ab;Kepler-1475 A;3.2214524911366196;True
2533;Kepler-1476 b;Kepler-1476;1.0703731359649238;True
2534;Kepler-1477 b;Kepler-1477;12.544510399341556;True
2535;Kepler-1478 b;Kepler-1478;4.068353012669964;True
2536;Kepler-1479 b;Kepler-1479;1.3947065215413126;True
2537;Kepler-147 b;Kepler-147;1.2176027434829055;True
2538;Kepler-147 c;Kepler-147;1.2176027434829055;True
2539;Kepler-1480 Ab;Kepler-1480 A;25.56339950971699;True
2540;Kepler-1481 Ab;Kepler-1481;31.18210582106483;True
2541;Kepler-1482 Ab;Kepler-1482 A;4.481705126605875;True
2542;Kepler-1483 b;Kepler-1483;7.087369395809489;True
2543;Kepler-1484 b;Kepler-1484;28.71939305153889;True
2544;Kepler-1485 b;Kepler-1485;1.3840901553293423;True
2545;Kepler-1486 b;Kepler-1486;9.29689518431462;True
2546;Kepler-1487 b;Kepler-1487;36.86108566005581;True
2547;Kepler-1487 c;Kepler-1487;36.86108566005581;True
2548;Kepler-1488 b;Kepler-1488;1.3139343231119989;True
2549;Kepler-1488 c;Kepler-1488;1.3139343231119989;True
2550;Kepler-1489 b;Kepler-1489;3.601350877968172;True
2551;Kepler-1489 c;Kepler-1489;3.601350877968172;True
2552;Kepler-148 b;Kepler-148;5.8381691792473855;True
2553;Kepler-148 c;Kepler-148;5.8381691792473855;True
2554;Kepler-148 d;Kepler-148;5.8381691792473855;True
2555;Kepler-1490 b;Kepler-1490;106.45116013468476;True
2556;Kepler-1491 b;Kepler-1491;1.4563370016040156;True
2557;Kepler-1491 c;Kepler-1491;1.4563370016040156;True
2558;Kepler-1492 b;Kepler-1492;6.792025798100383;True
2559;Kepler-1493 Ab;Kepler-1493 A;5.621770178859459;True
2560;Kepler-1494 b;Kepler-1494;5.705295319516248;True
2561;Kepler-1495 b;Kepler-1495;9.461653274009825;True
2562;Kepler-1496 b;Kepler-1496;4.890289958246936;True
2563;Kepler-1497 b;Kepler-1497;3.902981149650852;True
2564;Kepler-1498 Ab;Kepler-1498 A;6.844926010836627;True
2565;Kepler-1499 b;Kepler-1499;4.604532862996526;True
2566;Kepler-149 Ab;Kepler-149 A;19.72323373196163;True
2567;Kepler-149 Ac;Kepler-149 A;19.72323373196163;True
2568;Kepler-149 Ad;Kepler-149 A;19.72323373196163;True
2569;Kepler-14 Ab;Kepler-14 A;14.835594750231104;True
2570;Kepler-1500 b;Kepler-1500;3.667916498166737;True
2571;Kepler-1501 b;Kepler-1501;1.9391192754980224;True
2572;Kepler-1502 b;Kepler-1502;201.83987135709944;True
2573;Kepler-1503 b;Kepler-1503;78.92611932579204;True
2574;Kepler-1504 b;Kepler-1504;65.70206350022691;True
2575;Kepler-1505 Ab;Kepler-1505 A;9.606668396464851;True
2576;Kepler-1506 b;Kepler-1506;5.705295319516248;True
2577;Kepler-1507 b;Kepler-1507;2.4192804073549894;True
2578;Kepler-1508 b;Kepler-1508;0.9732937311252344;True
2579;Kepler-1509 b;Kepler-1509;4.6599299739100495;True
2580;Kepler-150 b;Kepler-150;3.852844935254683;True
2581;Kepler-150 c;Kepler-150;3.852844935254683;True
2582;Kepler-150 d;Kepler-150;3.852844935254683;True
2583;Kepler-150 e;Kepler-150;3.852844935254683;True
2584;Kepler-150 f;Kepler-150;3.852844935254683;True
2585;Kepler-1510 b;Kepler-1510;5.535715109855702;True
2586;Kepler-1511 b;Kepler-1511;4.294446811038887;True
2587;Kepler-1512 Ab;Kepler-1512 A;4.249880722838528;True
2588;Kepler-1513 Ab;Kepler-1513 A;23.84926785779609;True
2589;Kepler-1513 Ac;Kepler-1513 A;23.84926785779609;True
2590;Kepler-1514 b;Kepler-1514;7.188940226743326;True
2591;Kepler-1514 c;Kepler-1514;7.188940226743326;True
2592;Kepler-1515 b;Kepler-1515;7.156944741537693;True
2593;Kepler-1516 b;Kepler-1516;4.068353012669964;True
2594;Kepler-1517 b;Kepler-1517;88.92573397552606;True
2595;Kepler-1518 b;Kepler-1518;297.21468378644613;True
2596;Kepler-1518 c;Kepler-1518;297.21468378644613;True
2597;Kepler-1519 b;Kepler-1519;2.4182668113772454;True
2598;Kepler-151 b;Kepler-151;5.036108172152027;True
2599;Kepler-151 c;Kepler-151;5.036108172152027;True
2600;Kepler-1521 b;Kepler-1521;41.761911583959794;True
2601;Kepler-1522 b;Kepler-1522;2.3545585983537074;True
2602;Kepler-1523 b;Kepler-1523;1.0703731359649238;True
2603;Kepler-1524 b;Kepler-1524;2.070974277562234;True
2604;Kepler-1525 b;Kepler-1525;1.6408041023629238;True
2605;Kepler-1526 b;Kepler-1526;4.927757156105401;True
2606;Kepler-1527 b;Kepler-1527;6.534442889652828;True
2607;Kepler-1528 b;Kepler-1528;1.0703731359649238;True
2608;Kepler-1529 b;Kepler-1529;39.52458913264877;True
2609;Kepler-152 b;Kepler-152;2.8538762929583346;True
2610;Kepler-152 c;Kepler-152;2.8538762929583346;True
2611;Kepler-1530 b;Kepler-1530;1.798299158408384;True
2612;Kepler-1530 c;Kepler-1530;1.798299158408384;True
2613;Kepler-1530 d;Kepler-1530;1.798299158408384;True
2614;Kepler-1531 b;Kepler-1531;5.195785013632331;True
2615;Kepler-1532 b;Kepler-1532;17.059078348995925;True
2616;Kepler-1533 b;Kepler-1533;1.836827015526608;True
2617;Kepler-1534 b;Kepler-1534;16.78205770609162;True
2618;Kepler-1535 b;Kepler-1535;1.6408041023629238;True
2619;Kepler-1536 b;Kepler-1536;4.249880722838528;True
2620;Kepler-1537 b;Kepler-1537;12.544510399341556;True
2621;Kepler-1538 b;Kepler-1538;1.6912228732794197;True
2622;Kepler-1539 b;Kepler-1539;78.926119325792;True
2623;Kepler-153 b;Kepler-153;12.886477682432847;True
2624;Kepler-153 c;Kepler-153;12.886477682432847;True
2625;Kepler-1540 Ab;Kepler-1540 A;8.691895427864027;True
2626;Kepler-1541 Ab;Kepler-1541 A;7.729491793377943;True
2627;Kepler-1542 Ab;Kepler-1542 A;9.830114155969795;True
2628;Kepler-1542 Ac;Kepler-1542 A;9.830114155969795;True
2629;Kepler-1542 Ad;Kepler-1542 A;9.830114155969795;True
2630;Kepler-1542 Ae;Kepler-1542 A;9.830114155969795;True
2631;Kepler-1543 b;Kepler-1543;3.2941259847175335;True
2632;Kepler-1544 b;Kepler-1544;5.057719803242407;True
2633;Kepler-1545 b;Kepler-1545;7.668817581761371;True
2634;Kepler-1546 b;Kepler-1546;3.9101682568425087;True
2635;Kepler-1547 b;Kepler-1547;1.1473266633912558;True
2636;Kepler-1548 b;Kepler-1548;3.601350877968173;True
2637;Kepler-1549 b;Kepler-1549;2.655368324786669;True
2638;Kepler-154 b;Kepler-154;1.4576492667223953;True
2639;Kepler-154 c;Kepler-154;1.4576492667223953;True
2640;Kepler-154 d;Kepler-154;1.4576492667223953;True
2641;Kepler-154 e;Kepler-154;1.4576492667223953;True
2642;Kepler-154 f;Kepler-154;1.4576492667223953;True
2643;Kepler-154 g;Kepler-154;1.4576492667223953;True
2644;Kepler-1550 b;Kepler-1550;1.2571973321414078;True
2645;Kepler-1551 b;Kepler-1551;2.185931684207305;True
2646;Kepler-1552 b;Kepler-1552;3.564431055224072;True
2647;Kepler-1553 b;Kepler-1553;1.944470341713428;True
2648;Kepler-1554 b;Kepler-1554;2.0292822215842374;True
2649;Kepler-1555 b;Kepler-1555;1.6912228732794197;True
2650;Kepler-1556 b;Kepler-1556;4.481705126605875;True
2651;Kepler-1557 b;Kepler-1557;1.3840901553293423;True
2652;Kepler-1558 b;Kepler-1558;12.838522810934228;True
2653;Kepler-1559 b;Kepler-1559;3.646851717887782;True
2654;Kepler-155 b;Kepler-155;228.28317787175948;True
2655;Kepler-155 c;Kepler-155;228.28317787175948;True
2656;Kepler-1560 Ab;Kepler-1560 A;3.601350877968172;True
2657;Kepler-1561 b;Kepler-1561;9.29689518431462;True
2658;Kepler-1562 b;Kepler-1562;6.513099279063955;True
2659;Kepler-1563 b;Kepler-1563;1.0703731359649238;True
2660;Kepler-1564 b;Kepler-1564;15.284158110048482;True
2661;Kepler-1565 b;Kepler-1565;102.103217879602;True
2662;Kepler-1566 b;Kepler-1566;1.808175572140468;True
2663;Kepler-1567 b;Kepler-1567;2.4182668113772454;True
2664;Kepler-1568 b;Kepler-1568;1.3266119383763764;True
2665;Kepler-1569 b;Kepler-1569;2.24057544442721;True
2666;Kepler-1569 c;Kepler-1569;2.24057544442721;True
2667;Kepler-156 b;Kepler-156;7.1497296803990915;True
2668;Kepler-156 c;Kepler-156;7.1497296803990915;True
2669;Kepler-1570 b;Kepler-1570;7.780402762633943;True
2670;Kepler-1571 b;Kepler-1571;2.253463594598772;True
2671;Kepler-1572 b;Kepler-1572;2.4182668113772454;True
2672;Kepler-1573 b;Kepler-1573;4.263827257032779;True
2673;Kepler-1574 b;Kepler-1574;5.621770178859459;True
2674;Kepler-1575 b;Kepler-1575;5.705295319516248;True
2675;Kepler-1576 b;Kepler-1576;6.513099279063955;True
2676;Kepler-1577 b;Kepler-1577;17.396066131144636;True
2677;Kepler-1578 b;Kepler-1578;2.536789703633893;True
2678;Kepler-1579 Ab;Kepler-1579 A;5.682970945467606;True
2679;Kepler-157 Ab;Kepler-157 A;5.9330286117270825;True
2680;Kepler-157 Ac;Kepler-157 A;5.9330286117270825;True
2681;Kepler-157 Ad;Kepler-157 A;5.9330286117270825;True
2682;Kepler-1580 b;Kepler-1580;128.752452771001;True
2683;Kepler-1581 b;Kepler-1581;1.4618212603195757;True
2684;Kepler-1582 b;Kepler-1582;466.91521967141466;True
2685;Kepler-1583 Ab;Kepler-1583 A;9.606668396464851;True
2686;Kepler-1584 b;Kepler-1584;4.535109572925661;True
2687;Kepler-1585 b;Kepler-1585;25.342865986847627;True
2688;Kepler-1586 b;Kepler-1586;59.30105296096596;True
2689;Kepler-1587 b;Kepler-1587;1.3266119383763764;True
2690;Kepler-1588 b;Kepler-1588;1.5392271397582211;True
2691;Kepler-1589 b;Kepler-1589;6.067249075132634;True
2692;Kepler-158 b;Kepler-158;5.572641460638402;True
2693;Kepler-158 c;Kepler-158;5.572641460638402;True
2694;Kepler-158 d;Kepler-158;5.572641460638402;True
2695;Kepler-1590 b;Kepler-1590;4.034591376391741;True
2696;Kepler-1591 b;Kepler-1591;4.535109572925661;True
2697;Kepler-1592 b;Kepler-1592;3.2214524911366196;True
2698;Kepler-1593 b;Kepler-1593;9.7556888793272;True
2699;Kepler-1594 b;Kepler-1594;6.034862993653335;True
2700;Kepler-1595 b;Kepler-1595;7.668817581761371;True
2701;Kepler-1596 b;Kepler-1596;6.539013036790847;True
2702;Kepler-1597 b;Kepler-1597;7.156944741537693;True
2703;Kepler-1598 b;Kepler-1598;2.6780367799352516;True
2704;Kepler-1599 b;Kepler-1599;4.6599299739100495;True
2705;Kepler-159 b;Kepler-159;39.788861073396376;True
2706;Kepler-159 c;Kepler-159;39.788861073396376;True
2707;Kepler-15 b;Kepler-15;2.066145511152086;True
2708;Kepler-1600 b;Kepler-1600;2.655368324786669;True
2709;Kepler-1600 c;Kepler-1600;2.655368324786669;True
2710;Kepler-1601 b;Kepler-1601;1.1540050966619262;True
2711;Kepler-1602 b;Kepler-1602;1.7643993968227285;True
2712;Kepler-1603 b;Kepler-1603;6.534442889652826;True
2713;Kepler-1604 b;Kepler-1604;2.375656195378466;True
2714;Kepler-1605 b;Kepler-1605;5.47472677061097;True
2715;Kepler-1606 b;Kepler-1606;16.78205770609162;True
2716;Kepler-1607 b;Kepler-1607;1.9481251075565509;True
2717;Kepler-1608 b;Kepler-1608;16.28995564126966;True
2718;Kepler-1609 b;Kepler-1609;6.067249075132634;True
2719;Kepler-160 b;Kepler-160;9.008652714987118;True
2720;Kepler-160 c;Kepler-160;9.008652714987118;True
2721;Kepler-160 d;Kepler-160;9.008652714987118;True
2722;Kepler-1610 b;Kepler-1610;2.655368324786669;True
2723;Kepler-1610 c;Kepler-1610;2.655368324786669;True
2724;Kepler-1611 Ab;Kepler-1611 A;9.830114155969795;True
2725;Kepler-1612 b;Kepler-1612;5.705295319516248;True
2726;Kepler-1613 b;Kepler-1613;4.604096989331093;True
2727;Kepler-1614 b;Kepler-1614;25.457544317398153;True
2728;Kepler-1615 b;Kepler-1615;3.601350877968172;True
2729;Kepler-1616 b;Kepler-1616;7.156944741537693;True
2730;Kepler-1617 b;Kepler-1617;1.355679820588617;True
2731;Kepler-1618 b;Kepler-1618;27.57883853623206;True
2732;Kepler-1619 b;Kepler-1619;1.3139343231119989;True
2733;Kepler-161 b;Kepler-161;5.474166188151881;True
2734;Kepler-161 c;Kepler-161;5.474166188151881;True
2735;Kepler-1620 Ab;Kepler-1620 A;7.139868619583382;True
2736;Kepler-1621 b;Kepler-1621;7.139868619583382;True
2737;Kepler-1622 b;Kepler-1622;2.8451042517999197;True
2738;Kepler-1623 b;Kepler-1623;4.6599299739100495;True
2739;Kepler-1624 b;Kepler-1624;244.95180348148347;True
2740;Kepler-1625 b;Kepler-1625;2.301647980649908;True
2741;Kepler-1626 b;Kepler-1626;501.4993744385096;True
2742;Kepler-1627 Ab;Kepler-1627 A;80.48201469614092;True
2743;Kepler-1628 Ab;Kepler-1628 A;77.6270223178214;True
2744;Kepler-1629 b;Kepler-1629;4.659929973910049;True
2745;Kepler-162 b;Kepler-162;2.2831933579947767;True
2746;Kepler-162 c;Kepler-162;2.2831933579947767;True
2747;Kepler-1630 b;Kepler-1630;5.682970945467606;True
2748;Kepler-1631 b;Kepler-1631;3.065925538963944;True
2749;Kepler-1632 b;Kepler-1632;2.3347274566272285;True
2750;Kepler-1633 b;Kepler-1633;3.123511447228083;True
2751;Kepler-1634 b;Kepler-1634;1.835934560913967;True
2752;Kepler-1635 b;Kepler-1635;1.4559390558717729;True
2753;Kepler-1636 b;Kepler-1636;1.5392271397582211;True
2754;Kepler-1637 b;Kepler-1637;10.340625695278629;True
2755;Kepler-1638 b;Kepler-1638;3.9101682568425087;True
2756;Kepler-1639 b;Kepler-1639;2.185931684207305;True
2757;Kepler-163 b;Kepler-163;2.4182668113772454;True
2758;Kepler-163 c;Kepler-163;2.4182668113772454;True
2759;Kepler-1640 b;Kepler-1640;7.664737607097212;True
2760;Kepler-1641 b;Kepler-1641;2.3899191101653954;True
2761;Kepler-1641 c;Kepler-1641;2.3899191101653954;True
2762;Kepler-1642 b;Kepler-1642;4.721099744116444;True
2763;Kepler-1642 c;Kepler-1642;4.721099744116444;True
2764;Kepler-1643 b;Kepler-1643;57.46709968211643;True
2765;Kepler-1644 Ab;Kepler-1644 A;76.93387780005828;True
2766;Kepler-1645 b;Kepler-1645;9.461653274009825;True
2767;Kepler-1646 b;Kepler-1646;1021.8288222673472;True
2768;Kepler-1647 (AB)b;Kepler-1647 (AB);140.0847366503824;True
2769;Kepler-1649 Ab;Kepler-1649 A;334.57365663927516;True
2770;Kepler-1649 Ac;Kepler-1649 A;334.57365663927516;True
2771;Kepler-164 b;Kepler-164;1.121709366362818;True
2772;Kepler-164 c;Kepler-164;1.121709366362818;True
2773;Kepler-164 d;Kepler-164;1.121709366362818;True
2774;Kepler-164 e;Kepler-164;1.121709366362818;True
2775;Kepler-1650 b;Kepler-1650;171.67193369403742;True
2776;Kepler-1651 Ab;Kepler-1651 A;93.14404358822794;True
2777;Kepler-1652 b;Kepler-1652;187.51646342479543;True
2778;Kepler-1653 Ab;Kepler-1653;10.133357424179902;True
2779;Kepler-1654 b;Kepler-1654;10.868013718939196;True
2780;Kepler-1655 b;Kepler-1655;1.2176027434829055;True
2781;Kepler-1656 b;Kepler-1656;1.0720603247521774;True
2782;Kepler-1656 c;Kepler-1656;1.0720603247521774;True
2783;Kepler-1657 b;Kepler-1657;6.894190651262958;True
2784;Kepler-1659 b;Kepler-1659;1.0703731359649238;True
2785;Kepler-1659 c;Kepler-1659;1.0703731359649238;True
2786;Kepler-165 b;Kepler-165;2.655368324786669;True
2787;Kepler-165 c;Kepler-165;2.655368324786669;True
2788;Kepler-1660 (AB)b;Kepler-1660 (AB);5.134473403955089;True
2789;Kepler-1661 (AB)b;Kepler-1661 (AB);15.163718471875685;True
2790;Kepler-1662 b;Kepler-1662;1.4372675944968347;True
2791;Kepler-1662 c;Kepler-1662;1.4372675944968347;True
2792;Kepler-1663 b;Kepler-1663;78.66273868553459;True
2793;Kepler-1664 Ab;Kepler-1664 A;8.746107383904679;True
2794;Kepler-1665 Ab;Kepler-1665 A;16.538372956788532;True
2795;Kepler-1666 b;Kepler-1666;5.536977451988744;True
2796;Kepler-1666 c;Kepler-1666;5.536977451988744;True
2797;Kepler-1667 b;Kepler-1667;2.1860797901891287;True
2798;Kepler-1668 b;Kepler-1668;42.04997346030263;True
2799;Kepler-1669 b;Kepler-1669;81.31263272283373;True
2800;Kepler-1669 c;Kepler-1669;81.31263272283373;True
2801;Kepler-1669 d;Kepler-1669;81.31263272283373;True
2802;Kepler-166 b;Kepler-166;13.868936466135562;True
2803;Kepler-166 c;Kepler-166;13.868936466135562;True
2804;Kepler-166 d;Kepler-166;13.868936466135562;True
2805;Kepler-1670 b;Kepler-1670;13.402131584679092;True
2806;Kepler-1671 b;Kepler-1671;72.72918115083712;True
2807;Kepler-1672 b;Kepler-1672;1.5165021271666368;True
2808;Kepler-1673 b;Kepler-1673;2.072214220842012;True
2809;Kepler-1674 b;Kepler-1674;1.798299158408384;True
2810;Kepler-1675 b;Kepler-1675;2.2984074646508637;True
2811;Kepler-1676 b;Kepler-1676;2.5868713302749056;True
2812;Kepler-1677 b;Kepler-1677;1.0477858298976432;True
2813;Kepler-1678 b;Kepler-1678;4.4143942792979605;True
2814;Kepler-1679 b;Kepler-1679;1.770912169470917;True
2815;Kepler-167 Ab;Kepler-167 A;16.92044410683666;True
2816;Kepler-167 Ac;Kepler-167 A;16.92044410683666;True
2817;Kepler-167 Ad;Kepler-167 A;16.92044410683666;True
2818;Kepler-167 Ae;Kepler-167 A;16.92044410683666;True
2819;Kepler-1680 b;Kepler-1680;5.036108172152027;True
2820;Kepler-1681 Ab;Kepler-1681 A;21.51336628104559;True
2821;Kepler-1682 b;Kepler-1682;15.284158110048482;True
2822;Kepler-1683 b;Kepler-1683;19.92809904862663;True
2823;Kepler-1684 b;Kepler-1684;38.925340832066325;True
2824;Kepler-1685 b;Kepler-1685;30.878640358963008;True
2825;Kepler-1686 b;Kepler-1686;6.894190651262958;True
2826;Kepler-1687 b;Kepler-1687;76.03726412544142;True
2827;Kepler-1688 b;Kepler-1688;2.536789703633894;True
2828;Kepler-1689 b;Kepler-1689;4.148444628093995;True
2829;Kepler-168 b;Kepler-168;6.837913024403919;True
2830;Kepler-168 c;Kepler-168;6.837913024403919;True
2831;Kepler-1690 b;Kepler-1690;7.310432961191648;True
2832;Kepler-1691 b;Kepler-1691;3.963373971508084;True
2833;Kepler-1692 b;Kepler-1692;1.770912169470917;True
2834;Kepler-1693 b;Kepler-1693;23.84926785779609;True
2835;Kepler-1693 c;Kepler-1693;23.84926785779609;True
2836;Kepler-1694 b;Kepler-1694;8.525550757057147;True
2837;Kepler-1695 b;Kepler-1695;3.135423665725339;True
2838;Kepler-1696 b;Kepler-1696;30.878640358963008;True
2839;Kepler-1697 Ab;Kepler-1697 A;5.682970945467606;True
2840;Kepler-1698 b;Kepler-1698;17.428764138868136;True
2841;Kepler-1699 b;Kepler-1699;26.824448421438593;True
2842;Kepler-169 b;Kepler-169;5.47472677061097;True
2843;Kepler-169 c;Kepler-169;5.47472677061097;True
2844;Kepler-169 d;Kepler-169;5.47472677061097;True
2845;Kepler-169 e;Kepler-169;5.47472677061097;True
2846;Kepler-169 f;Kepler-169;5.47472677061097;True
2847;Kepler-16 (AB)b;Kepler-16 (AB);16.950087821720814;True
2848;Kepler-1700 b;Kepler-1700;1.8140982915283128;True
2849;Kepler-1701 b;Kepler-1701;2.9722199168975747;True
2850;Kepler-1702 b;Kepler-1702;3.687635600821907;True
2851;Kepler-1703 b;Kepler-1703;3.185494632668543;True
2852;Kepler-1703 c;Kepler-1703;3.185494632668543;True
2853;Kepler-1704 b;Kepler-1704;1.9391192754980224;True
2854;Kepler-1705 b;Kepler-1705;57.074176954948854;True
2855;Kepler-1705 c;Kepler-1705;57.074176954948854;True
2856;Kepler-1706 b;Kepler-1706;1.55782388543432;True
2857;Kepler-1707 b;Kepler-1707;23.849267857796097;True
2858;Kepler-1708 b;Kepler-1708;4.535109572925661;True
2859;Kepler-1709 b;Kepler-1709;2.5632799383375446;True
2860;Kepler-170 b;Kepler-170;3.852844935254683;True
2861;Kepler-170 c;Kepler-170;3.852844935254683;True
2862;Kepler-1710 Ab;Kepler-1710 A;4.481705126605875;True
2863;Kepler-1711 Ab;Kepler-1711 A;7.7379231419473316;True
2864;Kepler-1712 Bb;Kepler-1712 B;122.94947797380766;True
2865;Kepler-1713 b;Kepler-1713;8.444700069417916;True
2866;Kepler-1714 b;Kepler-1714;1.9481251075565509;True
2867;Kepler-1715 b;Kepler-1715;13.171681072006582;True
2868;Kepler-1716 b;Kepler-1716;4.4195127867930415;True
2869;Kepler-1717 b;Kepler-1717;36.86108566005581;True
2870;Kepler-1718 b;Kepler-1718;2.169991138264917;True
2871;Kepler-1719 b;Kepler-1719;1.0720603247521774;True
2872;Kepler-171 b;Kepler-171;3.852844935254683;True
2873;Kepler-171 c;Kepler-171;3.852844935254683;True
2874;Kepler-171 d;Kepler-171;3.852844935254683;True
2875;Kepler-1720 b;Kepler-1720;13.277890970683735;True
2876;Kepler-1721 b;Kepler-1721;4.020823282860781;True
2877;Kepler-1722 b;Kepler-1722;2.4182668113772454;True
2878;Kepler-1723 b;Kepler-1723;1.3676229494058674;True
2879;Kepler-1724 b;Kepler-1724;7.399768634215472;True
2880;Kepler-1725 Ab;Kepler-1725 A;6.067249075132634;True
2881;Kepler-1726 b;Kepler-1726;7.780402762633943;True
2882;Kepler-1727 b;Kepler-1727;4.148444628093995;True
2883;Kepler-1728 b;Kepler-1728;3.687635600821907;True
2884;Kepler-1729 b;Kepler-1729;6.841013193037563;True
2885;Kepler-172 b;Kepler-172;2.9722199168975747;True
2886;Kepler-172 c;Kepler-172;2.9722199168975747;True
2887;Kepler-172 d;Kepler-172;2.9722199168975747;True
2888;Kepler-172 e;Kepler-172;2.9722199168975747;True
2889;Kepler-1730 b;Kepler-1730;4.481705126605875;True
2890;Kepler-1731 b;Kepler-1731;12.762671413358367;True
2891;Kepler-1732 b;Kepler-1732;1.4372675944968347;True
2892;Kepler-1733 b;Kepler-1733;7.2101651195222445;True
2893;Kepler-1734 b;Kepler-1734;7.1872385834624035;True
2894;Kepler-1735 b;Kepler-1735;82.954720077375;True
2895;Kepler-1736 b;Kepler-1736;10.399733486190453;True
2896;Kepler-1737 b;Kepler-1737;22.577092261191915;True
2897;Kepler-1738 b;Kepler-1738;4.746767182517791;True
2898;Kepler-1739 b;Kepler-1739;4.746767182517791;True
2899;Kepler-173 b;Kepler-173;5.606526379722544;True
2900;Kepler-173 c;Kepler-173;5.606526379722544;True
2901;Kepler-1740 b;Kepler-1740;4.746767182517791;True
2902;Kepler-1741 b;Kepler-1741;38.925340832066325;True
2903;Kepler-1742 b;Kepler-1742;6.894190651262958;True
2904;Kepler-1743 b;Kepler-1743;1.3947065215413126;True
2905;Kepler-1744 Ab;Kepler-1744 A;3.656020841807751;True
2906;Kepler-1745 b;Kepler-1745;1.770912169470917;True
2907;Kepler-1746 b;Kepler-1746;3.579413150558897;True
2908;Kepler-1747 b;Kepler-1747;3.185494632668544;True
2909;Kepler-1748 b;Kepler-1748;3.1167786335509184;True
2910;Kepler-1749 Ab;Kepler-1749;166.19384824405086;True
2911;Kepler-174 b;Kepler-174;10.705315849350187;True
2912;Kepler-174 c;Kepler-174;10.705315849350187;True
2913;Kepler-174 d;Kepler-174;10.705315849350187;True
2914;Kepler-1750 b;Kepler-1750;23.84926785779609;True
2915;Kepler-1751;Kepler-1751;7.399768634215472;True
2916;Kepler-1752 b;Kepler-1752;11.282568337909368;True
2917;Kepler-1753 b;Kepler-1753;25.56339950971699;True
2918;Kepler-1754 b;Kepler-1754;2.9537341623346527;True
2919;Kepler-1755 b;Kepler-1755;1.0477858298976432;True
2920;Kepler-1756 b;Kepler-1756;5.16898637437586;True
2921;Kepler-1757 b;Kepler-1757;9.746335791333893;True
2922;Kepler-1758 b;Kepler-1758;2.5375802975927164;True
2923;Kepler-1759 b;Kepler-1759;31.18210582106483;True
2924;Kepler-175 b;Kepler-175;2.5632799383375446;True
2925;Kepler-175 c;Kepler-175;2.5632799383375446;True
2926;Kepler-1760 Ab;Kepler-1760 A;21.086412197252713;True
2927;Kepler-1761 b;Kepler-1761;135.60387705684627;True
2928;Kepler-1762 b;Kepler-1762;5.535715109855702;True
2929;Kepler-1763 b;Kepler-1763;1.6470097370557086;True
2930;Kepler-1764 b;Kepler-1764;1.3840901553293423;True
2931;Kepler-1765 b;Kepler-1765;3.601350877968172;True
2932;Kepler-1766 b;Kepler-1766;1.6663383469595976;True
2933;Kepler-1767 b;Kepler-1767;11.071227715492094;True
2934;Kepler-1768 b;Kepler-1768;5.552611742757164;True
2935;Kepler-1769 Ab;Kepler-1769 A;5.535715109855702;True
2936;Kepler-176 b;Kepler-176;6.901939589573753;True
2937;Kepler-176 c;Kepler-176;6.901939589573753;True
2938;Kepler-176 d;Kepler-176;6.901939589573753;True
2939;Kepler-176 e;Kepler-176;6.901939589573753;True
2940;Kepler-1770 b;Kepler-1770;15.338824938241444;True
2941;Kepler-1771 Ab;Kepler-1771 A;9.606668396464851;True
2942;Kepler-1772 b;Kepler-1772;1.3947065215413126;True
2943;Kepler-1773 b;Kepler-1773;5.195785013632331;True
2944;Kepler-1774 b;Kepler-1774;1.1473266633912558;True
2945;Kepler-1775 b;Kepler-1775;1.6408041023629238;True
2946;Kepler-1776 b;Kepler-1776;1.3266119383763764;True
2947;Kepler-1777 b;Kepler-1777;1.770912169470917;True
2948;Kepler-1778 b;Kepler-1778;5.621770178859459;True
2949;Kepler-1779 b;Kepler-1779;4.746767182517791;True
2950;Kepler-177 b;Kepler-177;1.4576492667223953;True
2951;Kepler-177 c;Kepler-177;1.4576492667223953;True
2952;Kepler-1780 b;Kepler-1780;1.7388877203625852;True
2953;Kepler-1781 b;Kepler-1781;12.700378537333869;True
2954;Kepler-1782 Ab;Kepler-1782 A;17.396066131144636;True
2955;Kepler-1783 b;Kepler-1783;5.225446657870149;True
2956;Kepler-1784 b;Kepler-1784;23.84926785779609;True
2957;Kepler-1785 b;Kepler-1785;1.5392271397582211;True
2958;Kepler-1786 b;Kepler-1786;1.1445401598081808;True
2959;Kepler-1787 b;Kepler-1787;2.072214220842012;True
2960;Kepler-1788 b;Kepler-1788;5.682970945467606;True
2961;Kepler-1789 b;Kepler-1789;15.338824938241444;True
2962;Kepler-178 b;Kepler-178;9.863372655745207;True
2963;Kepler-178 c;Kepler-178;9.863372655745207;True
2964;Kepler-178 d;Kepler-178;9.863372655745207;True
2965;Kepler-1790 b;Kepler-1790;0.9538668676984222;True
2966;Kepler-1791 Ab;Kepler-1791 A;3.318348746471478;True
2967;Kepler-1792 b;Kepler-1792;25.56339950971699;True
2968;Kepler-1793 Ab;Kepler-1793 A;7.729491793377943;True
2969;Kepler-1794 c;Kepler-1794;41.12976699427181;True
2970;Kepler-1795 Ab;Kepler-1795 A;5.682970945467606;True
2971;Kepler-1796 b;Kepler-1796;2.185931684207305;True
2972;Kepler-1797 b;Kepler-1797;1.6912228732794197;True
2973;Kepler-1798 Ab;Kepler-1798;46.96989265503597;True
2974;Kepler-1799 b;Kepler-1799;15.338824938241444;True
2975;Kepler-179 b;Kepler-179;5.8381691792473855;True
2976;Kepler-179 c;Kepler-179;5.8381691792473855;True
2977;Kepler-17 b;Kepler-17;1.8704460750798588;True
2978;Kepler-1800 b;Kepler-1800;2.655368324786669;True
2979;Kepler-1801 b;Kepler-1801;23.84926785779609;True
2980;Kepler-1801 c;Kepler-1801;23.84926785779609;True
2981;Kepler-1802 Bb;Kepler-1802 B;23.15821014817357;True
2982;Kepler-1802 Bc;Kepler-1802 B;23.15821014817357;True
2983;Kepler-1804 b;Kepler-1804;17.396066131144636;True
2984;Kepler-1805 b;Kepler-1805;135.60387705684627;True
2985;Kepler-1806 b;Kepler-1806;16.538372956788532;True
2986;Kepler-1807 b;Kepler-1807;7.188940226743326;True
2987;Kepler-1808 b;Kepler-1808;2.4182668113772454;True
2988;Kepler-1809 b;Kepler-1809;3.4867227083730925;True
2989;Kepler-180 b;Kepler-180;4.811914221820736;True
2990;Kepler-180 c;Kepler-180;4.811914221820736;True
2991;Kepler-1810 b;Kepler-1810;2.4182668113772454;True
2992;Kepler-1811 b;Kepler-1811;7.399768634215472;True
2993;Kepler-1812 b;Kepler-1812;3.579413150558897;True
2994;Kepler-1813 b;Kepler-1813;5.036108172152027;True
2995;Kepler-1814 b;Kepler-1814;4.927757156105403;True
2996;Kepler-1814 c;Kepler-1814;4.927757156105403;True
2997;Kepler-1815 b;Kepler-1815;7.399768634215472;True
2998;Kepler-1816 b;Kepler-1816;2.0292822215842374;True
2999;Kepler-1817 b;Kepler-1817;13.277890970683725;True
3000;Kepler-1818 b;Kepler-1818;6.034862993653335;True
3001;Kepler-1819 b;Kepler-1819;3.601350877968172;True
3002;Kepler-181 Ab;Kepler-181 A;9.746335791333893;True
3003;Kepler-181 Ac;Kepler-181 A;9.746335791333893;True
3004;Kepler-1820 b;Kepler-1820;4.481705126605875;True
3005;Kepler-1821 b;Kepler-1821;1.327769719171929;True
3006;Kepler-1822 b;Kepler-1822;2.536789703633893;True
3007;Kepler-1823 b;Kepler-1823;2.3351775674912254;True
3008;Kepler-1824 b;Kepler-1824;1.846553877942864;True
3009;Kepler-1825 b;Kepler-1825;10.69546370325504;True
3010;Kepler-1826 b;Kepler-1826;114.30089977279216;True
3011;Kepler-1827 b;Kepler-1827;1.4576492667223953;True
3012;Kepler-1828 b;Kepler-1828;15.338824938241444;True
3013;Kepler-1829 b;Kepler-1829;16.538372956788532;True
3014;Kepler-182 b;Kepler-182;1.121709366362818;True
3015;Kepler-182 c;Kepler-182;1.121709366362818;True
3016;Kepler-1830 b;Kepler-1830;13.171681072006582;True
3017;Kepler-1831 b;Kepler-1831;2.2831933579947767;True
3018;Kepler-1832 b;Kepler-1832;5.329838168684424;True
3019;Kepler-1833 Ab;Kepler-1833 A;4.628930757435649;True
3020;Kepler-1834 b;Kepler-1834;3.2973765798134216;True
3021;Kepler-1834 c;Kepler-1834;3.2973765798134216;True
3022;Kepler-1835 b;Kepler-1835;3.601350877968173;True
3023;Kepler-1836 b;Kepler-1836;10.340625695278629;True
3024;Kepler-1837 b;Kepler-1837;1.0703731359649238;True
3025;Kepler-1838 b;Kepler-1838;4.604096989331091;True
3026;Kepler-1839 b;Kepler-1839;5.470285738549735;True
3027;Kepler-183 b;Kepler-183;5.262950370720394;True
3028;Kepler-183 c;Kepler-183;5.262950370720394;True
3029;Kepler-1840 b;Kepler-1840;2.745904047988802;True
3030;Kepler-1841 b;Kepler-1841;13.277890970683725;True
3031;Kepler-1842 b;Kepler-1842;4.481705126605875;True
3032;Kepler-1843 b;Kepler-1843;1.2571973321414078;True
3033;Kepler-1844 b;Kepler-1844;3.656020841807751;True
3034;Kepler-1845 b;Kepler-1845;72.72918115083712;True
3035;Kepler-1846 b;Kepler-1846;4.4195127867930415;True
3036;Kepler-1847 b;Kepler-1847;4.432855628047086;True
3037;Kepler-1848 b;Kepler-1848;5.035592501868984;True
3038;Kepler-1849 b;Kepler-1849;5.682970945467606;True
3039;Kepler-184 b;Kepler-184;10.88950231408456;True
3040;Kepler-184 c;Kepler-184;10.88950231408456;True
3041;Kepler-184 d;Kepler-184;10.88950231408456;True
3042;Kepler-1850 b;Kepler-1850;6.841013193037563;True
3043;Kepler-1851 b;Kepler-1851;1.0703731359649238;True
3044;Kepler-1852 b;Kepler-1852;41.12976699427181;True
3045;Kepler-1853 Ab;Kepler-1853 A;5.8009239100296295;True
3046;Kepler-1854 Ab;Kepler-1854 A;21.636701829550216;True
3047;Kepler-1855 Ab;Kepler-1855 A;72.45171127631299;True
3048;Kepler-1856 Ab;Kepler-1856 A;17.396066131144636;True
3049;Kepler-1857 b;Kepler-1857;4.207788586161939;True
3050;Kepler-1858 b;Kepler-1858;5.47472677061097;True
3051;Kepler-1859 b;Kepler-1859;1.6408041023629238;True
3052;Kepler-1859 c;Kepler-1859;1.6408041023629238;True
3053;Kepler-185 Ab;Kepler-185 A;16.538372956788532;True
3054;Kepler-185 Ac;Kepler-185 A;16.538372956788532;True
3055;Kepler-1860 b;Kepler-1860;3.9101682568425087;True
3056;Kepler-1861 b;Kepler-1861;2.2127098428706184;True
3057;Kepler-1862 b;Kepler-1862;38.92569418854677;True
3058;Kepler-1863 b;Kepler-1863;1.3139343231119989;True
3059;Kepler-1864 b;Kepler-1864;1.2176027434829055;True
3060;Kepler-1865 b;Kepler-1865;9.746335791333893;True
3061;Kepler-1866 b;Kepler-1866;1.770912169470917;True
3062;Kepler-1867 b;Kepler-1867;1.0703731359649238;True
3063;Kepler-1868 b;Kepler-1868;4.18595153508665;True
3064;Kepler-1869 b;Kepler-1869;2.2831933579947767;True
3065;Kepler-1869 c;Kepler-1869;2.2831933579947767;True
3066;Kepler-186 b;Kepler-186;104.03668251460348;True
3067;Kepler-186 c;Kepler-186;104.03668251460348;True
3068;Kepler-186 d;Kepler-186;104.03668251460348;True
3069;Kepler-186 e;Kepler-186;104.03668251460348;True
3070;Kepler-186 f;Kepler-186;104.03668251460348;True
3071;Kepler-1870 b;Kepler-1870;1.7388877203625852;True
3072;Kepler-1871 b;Kepler-1871;86.09418991829925;True
3073;Kepler-1872 b;Kepler-1872;31.182105821064848;True
3074;Kepler-1873 b;Kepler-1873;2.853876292958335;True
3075;Kepler-1874 Ab;Kepler-1874 A;6.792025798100383;True
3076;Kepler-1875 Ab;Kepler-1875 A;4.628930757435649;True
3077;Kepler-1876 b;Kepler-1876;2.303858607574318;True
3078;Kepler-1877 Ab;Kepler-1877 A;23.84926785779609;True
3079;Kepler-1878 Ab;Kepler-1878;10.340625695278629;True
3080;Kepler-1879 b;Kepler-1879;1.1473266633912558;True
3081;Kepler-187 b;Kepler-187;5.47472677061097;True
3082;Kepler-187 c;Kepler-187;5.47472677061097;True
3083;Kepler-1880 b;Kepler-1880;3.200260771960673;True
3084;Kepler-1881 Ab;Kepler-1881 A;9.746335791333893;True
3085;Kepler-1882 Ab;Kepler-1882 A;4.481705126605875;True
3086;Kepler-1883 b;Kepler-1883;3.601350877968172;True
3087;Kepler-1884 b;Kepler-1884;5.278505445729815;True
3088;Kepler-1885 b;Kepler-1885;7.780402762633943;True
3089;Kepler-1886 Ab;Kepler-1886 A;4.481705126605875;True
3090;Kepler-1887 b;Kepler-1887;23.84926785779609;True
3091;Kepler-1888 Ab;Kepler-1888 A;23.84926785779609;True
3092;Kepler-1889 b;Kepler-1889;1.3447113107923254;True
3093;Kepler-188 b;Kepler-188;3.4899022223815614;True
3094;Kepler-188 c;Kepler-188;3.4899022223815614;True
3095;Kepler-1890 Ab;Kepler-1890 A;7.725108354169397;True
3096;Kepler-1891 b;Kepler-1891;23.84926785779609;True
3097;Kepler-1892 b;Kepler-1892;13.277890970683725;True
3098;Kepler-1893 b;Kepler-1893;4.746767182517791;True
3099;Kepler-1894 Ab;Kepler-1894 A;23.84926785779609;True
3100;Kepler-1894 Ac;Kepler-1894 A;23.84926785779609;True
3101;Kepler-1895 b;Kepler-1895;31.18210582106483;True
3102;Kepler-1896 b;Kepler-1896;8.746107383904679;True
3103;Kepler-1897 Ab;Kepler-1897 A;41.12976699427181;True
3104;Kepler-1898 b;Kepler-1898;4.207788586161939;True
3105;Kepler-1899 b;Kepler-1899;2.745904047988802;True
3106;Kepler-189 b;Kepler-189;2.745904047988802;True
3107;Kepler-189 c;Kepler-189;2.745904047988802;True
3108;Kepler-18 b;Kepler-18;1.4127326935009958;True
3109;Kepler-18 c;Kepler-18;1.4127326935009958;True
3110;Kepler-18 d;Kepler-18;1.4127326935009958;True
3111;Kepler-1900 b;Kepler-1900;5.621770178859459;True
3112;Kepler-1901 b;Kepler-1901;5.718790500457343;True
3113;Kepler-1902 Ab;Kepler-1902 A;117.18529482092076;True
3114;Kepler-1903 b;Kepler-1903;5.278505445729815;True
3115;Kepler-1904 b;Kepler-1904;261.86242277193367;True
3116;Kepler-1905 b;Kepler-1905;1.5165021271666368;True
3117;Kepler-1906 b;Kepler-1906;4.746767182517791;True
3118;Kepler-1907 b;Kepler-1907;2.4243288912548446;True
3119;Kepler-1907 c;Kepler-1907;2.4243288912548446;True
3120;Kepler-1909 Ab;Kepler-1909 A;41.12976699427181;True
3121;Kepler-190 b;Kepler-190;2.853876292958335;True
3122;Kepler-190 c;Kepler-190;2.853876292958335;True
3123;Kepler-1910 Ab;Kepler-1910 A;23.15821014817357;True
3124;Kepler-1911 Ab;Kepler-1911 A;5.718790500457345;True
3125;Kepler-1912 b;Kepler-1912;1.4153038085940812;True
3126;Kepler-1913 b;Kepler-1913;4.535109572925661;True
3127;Kepler-1914 Ab;Kepler-1914 A;5.718790500457343;True
3128;Kepler-1915 Ab;Kepler-1915 A;10.340625695278629;True
3129;Kepler-1916 Ab;Kepler-1916 A;5.37190736466815;True
3130;Kepler-1917 Ab;Kepler-1917 A;11.282568337909368;True
3131;Kepler-1918 b;Kepler-1918;14.806830924778945;True
3132;Kepler-1919 b;Kepler-1919;16.518873997277147;True
3133;Kepler-191 b;Kepler-191;1.944470341713428;True
3134;Kepler-191 c;Kepler-191;1.944470341713428;True
3135;Kepler-191 d;Kepler-191;1.944470341713428;True
3136;Kepler-1920 b;Kepler-1920;11.374019545920904;True
3137;Kepler-1921 b;Kepler-1921;2.303858607574318;True
3138;Kepler-1921 c;Kepler-1921;2.303858607574318;True
3139;Kepler-1922 Ab;Kepler-1922 A;3.656020841807751;True
3140;Kepler-1923 b;Kepler-1923;1.5165021271666368;True
3141;Kepler-1924 Ab;Kepler-1924 A;3.601350877968173;True
3142;Kepler-1925 b;Kepler-1925;7.399768634215472;True
3143;Kepler-1926 Ab;Kepler-1926 A;25.56339950971699;True
3144;Kepler-1927 Ab;Kepler-1927 A;4.535109572925661;True
3145;Kepler-1928 Ab;Kepler-1928 A;4.746767182517791;True
3146;Kepler-1929 Ab;Kepler-1929 A;3.601350877968173;True
3147;Kepler-192 Ab;Kepler-192 A;78.42130574309671;True
3148;Kepler-192 Ac;Kepler-192 A;78.42130574309671;True
3149;Kepler-192 Ad;Kepler-192 A;78.42130574309671;True
3150;Kepler-1930 b;Kepler-1930;35.38077612950864;True
3151;Kepler-1931 b;Kepler-1931;3.665294060401308;True
3152;Kepler-1932 Ab;Kepler-1932 A;14.055220143776824;True
3153;Kepler-1933 Ab;Kepler-1933 A;10.340625695278629;True
3154;Kepler-1934 b;Kepler-1934;1.6912228732794197;True
3155;Kepler-1935 Ab;Kepler-1935 A;4.481705126605875;True
3156;Kepler-1936 b;Kepler-1936;13.722006603063852;True
3157;Kepler-1937 Ab;Kepler-1937 A;5.535715109855702;True
3158;Kepler-1938 b;Kepler-1938;162.0971716537795;True
3159;Kepler-1939 Ab;Kepler-1939 A;8.52508042608207;True
3160;Kepler-193 b;Kepler-193;6.057561264898757;True
3161;Kepler-193 c;Kepler-193;6.057561264898757;True
3162;Kepler-1940 b;Kepler-1940;5.329838168684424;True
3163;Kepler-1941 b;Kepler-1941;3.665294060401308;True
3164;Kepler-1942 Ab;Kepler-1942 A;3.656020841807751;True
3165;Kepler-1943 Ab;Kepler-1943 A;7.399768634215472;True
3166;Kepler-1944 Ab;Kepler-1944 A;14.806830924778945;True
3167;Kepler-1945 Ab;Kepler-1945 A;16.92044410683666;True
3168;Kepler-1946 b;Kepler-1946;16.518873997277147;True
3169;Kepler-1947 b;Kepler-1947;1.355679820588617;True
3170;Kepler-1948 Ab;Kepler-1948 A;125.01094450329208;True
3171;Kepler-1949 Ab;Kepler-1949 A;8.746107383904679;True
3172;Kepler-194 b;Kepler-194;7.284854907283019;True
3173;Kepler-194 c;Kepler-194;7.284854907283019;True
3174;Kepler-194 d;Kepler-194;7.284854907283019;True
3175;Kepler-1950 Ab;Kepler-1950 A;15.338824938241444;True
3176;Kepler-1951 b;Kepler-1951;38.92569418854677;True
3177;Kepler-1952 Ab;Kepler-1952 A;2.296774759858653;True
3178;Kepler-1953 b;Kepler-1953;2.745904047988802;True
3179;Kepler-1954 b;Kepler-1954;6.034862993653335;True
3180;Kepler-1955 b;Kepler-1955;1.6408041023629238;True
3181;Kepler-1956 b;Kepler-1956;86.31470575010276;True
3182;Kepler-1957 Ab;Kepler-1957 A;5.682970945467606;True
3183;Kepler-1958 Ab;Kepler-1958 A;23.84926785779609;True
3184;Kepler-1959 b;Kepler-1959;25.56339950971699;True
3185;Kepler-195 b;Kepler-195;8.289647509691427;True
3186;Kepler-195 c;Kepler-195;8.289647509691427;True
3187;Kepler-1960 b;Kepler-1960;8.330288178240597;True
3188;Kepler-1961 b;Kepler-1961;2.536789703633893;True
3189;Kepler-1962 b;Kepler-1962;10.340625695278629;True
3190;Kepler-1963 b;Kepler-1963;1.3947065215413126;True
3191;Kepler-1964 b;Kepler-1964;5.901169090207566;True
3192;Kepler-1965 Ab;Kepler-1965 A;7.721891776088869;True
3193;Kepler-1966 Ab;Kepler-1966 A;5.8009239100296295;True
3194;Kepler-1967 b;Kepler-1967;5.606526379722544;True
3195;Kepler-1968 b;Kepler-1968;4.648267371197965;True
3196;Kepler-1969 Ab;Kepler-1969 A;4.481705126605875;True
3197;Kepler-196 b;Kepler-196;5.8381691792473855;True
3198;Kepler-196 c;Kepler-196;5.8381691792473855;True
3199;Kepler-196 d;Kepler-196;5.8381691792473855;True
3200;Kepler-1970 b;Kepler-1970;32.74930077746003;True
3201;Kepler-1971 b;Kepler-1971;222.08850154539635;True
3202;Kepler-1972 Ab;Kepler-1972 A;19.691257693259367;True
3203;Kepler-1972 Ac;Kepler-1972 A;19.691257693259367;True
3204;Kepler-1973 Ab;Kepler-1973 A;13.277890970683735;True
3205;Kepler-1973 Ac;Kepler-1973 A;13.277890970683735;True
3206;Kepler-1974 b;Kepler-1974;78.96969567908442;True
3207;Kepler-1975 Ab;Kepler-1975 A;4.249880722838528;True
3208;Kepler-1976 b;Kepler-1976;1.3947065215413126;True
3209;Kepler-1977 Bb;Kepler-1977 B;5.682970945467606;True
3210;Kepler-1978 b;Kepler-1978;2.718232168369556;True
3211;Kepler-1979 Ab;Kepler-1979 A;3.601350877968173;True
3212;Kepler-197 Ab;Kepler-197 A;7.725108354169397;True
3213;Kepler-197 Ac;Kepler-197 A;7.725108354169397;True
3214;Kepler-197 Ad;Kepler-197 A;7.725108354169397;True
3215;Kepler-197 Ae;Kepler-197 A;7.725108354169397;True
3216;Kepler-1980 b;Kepler-1980;3.601350877968173;True
3217;Kepler-1981 Ab;Kepler-1981 A;5.621770178859459;True
3218;Kepler-1982 b;Kepler-1982;6.056818843672631;True
3219;Kepler-1983 b;Kepler-1983;3.687635600821907;True
3220;Kepler-1984 Ab;Kepler-1984 A;26.92321301327536;True
3221;Kepler-1985 b;Kepler-1985;17.059078348995925;True
3222;Kepler-1986 Ab;Kepler-1986;1.7388877203625852;True
3223;Kepler-1987 Bb;Kepler-1987 B;5.682970945467606;True
3224;Kepler-1987 Bc;Kepler-1987 B;5.682970945467606;True
3225;Kepler-1987 Bd;Kepler-1987 B;5.682970945467606;True
3226;Kepler-1987 Be;Kepler-1987 B;5.682970945467606;True
3227;Kepler-1988 Ab;Kepler-1988 A;18.864831937798424;True
3228;Kepler-1989 Ab;Kepler-1989 A;7.725108354169398;True
3229;Kepler-198 b;Kepler-198;2.0660544383663955;True
3230;Kepler-198 c;Kepler-198;2.0660544383663955;True
3231;Kepler-198 d;Kepler-198;2.0660544383663955;True
3232;Kepler-1990 b;Kepler-1990;1.1549940700580177;True
3233;Kepler-1990 c;Kepler-1990;1.1549940700580177;True
3234;Kepler-1991 b;Kepler-1991;1.3139343231119989;True
3235;Kepler-1991 c;Kepler-1991;1.3139343231119989;True
3236;Kepler-1992 b;Kepler-1992;2.9042370323397546;True
3237;Kepler-1993 b;Kepler-1993;2.371512446515341;True
3238;Kepler-1994 b;Kepler-1994;6.088623478996027;True
3239;Kepler-1995 b;Kepler-1995;18.074969809835657;True
3240;Kepler-1996 b;Kepler-1996;5.572641460638402;True
3241;Kepler-1996 c;Kepler-1996;5.572641460638402;True
3242;Kepler-1997 Ab;Kepler-1997 A;5.278505445729815;True
3243;Kepler-1998 b;Kepler-1998;4.03459137639174;True
3244;Kepler-1999 b;Kepler-1999;6.841013193037563;True
3245;Kepler-199 Bb;Kepler-199 B;3.601350877968173;True
3246;Kepler-199 Bc;Kepler-199 B;3.601350877968173;True
3247;Kepler-19 b;Kepler-19;2.9722199168975747;True
3248;Kepler-19 c;Kepler-19;2.9722199168975747;True
3249;Kepler-19 d;Kepler-19;2.9722199168975747;True
3250;Kepler-2000 b;Kepler-2000;225.4427403413791;True
3251;Kepler-2000 c;Kepler-2000;225.4427403413791;True
3252;Kepler-2001 b;Kepler-2001;17.396066131144636;True
3253;Kepler-2001 c;Kepler-2001;17.396066131144636;True
3254;Kepler-2003 b;Kepler-2003;15.284158110048482;True
3255;Kepler-200 b;Kepler-200;6.528902973999974;True
3256;Kepler-200 c;Kepler-200;6.528902973999974;True
3257;Kepler-201 b;Kepler-201;2.3347274566272285;True
3258;Kepler-201 c;Kepler-201;2.3347274566272285;True
3259;Kepler-202 b;Kepler-202;8.995094917804327;True
3260;Kepler-202 c;Kepler-202;8.995094917804327;True
3261;Kepler-203 b;Kepler-203;6.781842960046857;True
3262;Kepler-203 c;Kepler-203;6.781842960046857;True
3263;Kepler-203 d;Kepler-203;6.781842960046857;True
3264;Kepler-204 b;Kepler-204;5.277560858339562;True
3265;Kepler-204 c;Kepler-204;5.277560858339562;True
3266;Kepler-205 b;Kepler-205;41.29809970133875;True
3267;Kepler-205 c;Kepler-205;41.29809970133875;True
3268;Kepler-206 b;Kepler-206;2.820812770654882;True
3269;Kepler-206 c;Kepler-206;2.820812770654882;True
3270;Kepler-206 d;Kepler-206;2.820812770654882;True
3271;Kepler-207 b;Kepler-207;3.6564762115983394;True
3272;Kepler-207 c;Kepler-207;3.6564762115983394;True
3273;Kepler-207 d;Kepler-207;3.6564762115983394;True
3274;Kepler-208 b;Kepler-208;1.4153038085940812;True
3275;Kepler-208 c;Kepler-208;1.4153038085940812;True
3276;Kepler-208 d;Kepler-208;1.4153038085940812;True
3277;Kepler-208 e;Kepler-208;1.4153038085940812;True
3278;Kepler-209 b;Kepler-209;6.152030830801679;True
3279;Kepler-209 c;Kepler-209;6.152030830801679;True
3280;Kepler-20 Ab;Kepler-20 A;23.84926785779609;True
3281;Kepler-20 Ac;Kepler-20 A;23.84926785779609;True
3282;Kepler-20 Ad;Kepler-20 A;23.84926785779609;True
3283;Kepler-20 Ae;Kepler-20 A;23.84926785779609;True
3284;Kepler-20 Af;Kepler-20 A;23.84926785779609;True
3285;Kepler-20 Ag;Kepler-20 A;23.84926785779609;True
3286;Kepler-210 b;Kepler-210;11.363593045678853;True
3287;Kepler-210 c;Kepler-210;11.363593045678853;True
3288;Kepler-211 b;Kepler-211;1.770912169470917;True
3289;Kepler-211 c;Kepler-211;1.770912169470917;True
3290;Kepler-212 b;Kepler-212;1.3879086282505229;True
3291;Kepler-212 c;Kepler-212;1.3879086282505229;True
3292;Kepler-213 b;Kepler-213;2.4182668113772454;True
3293;Kepler-213 c;Kepler-213;2.4182668113772454;True
3294;Kepler-214 b;Kepler-214;2.3119466046485826;True
3295;Kepler-214 c;Kepler-214;2.3119466046485826;True
3296;Kepler-215 b;Kepler-215;3.414828762364715;True
3297;Kepler-215 c;Kepler-215;3.414828762364715;True
3298;Kepler-215 d;Kepler-215;3.414828762364715;True
3299;Kepler-215 e;Kepler-215;3.414828762364715;True
3300;Kepler-216 b;Kepler-216;4.218231075455549;True
3301;Kepler-216 c;Kepler-216;4.218231075455549;True
3302;Kepler-217 b;Kepler-217;4.931671903397365;True
3303;Kepler-217 c;Kepler-217;4.931671903397365;True
3304;Kepler-217 d;Kepler-217;4.931671903397365;True
3305;Kepler-218 b;Kepler-218;6.528902973999974;True
3306;Kepler-218 c;Kepler-218;6.528902973999974;True
3307;Kepler-218 d;Kepler-218;6.528902973999974;True
3308;Kepler-219 b;Kepler-219;3.303242174093409;True
3309;Kepler-219 c;Kepler-219;3.303242174093409;True
3310;Kepler-219 d;Kepler-219;3.303242174093409;True
3311;Kepler-21 Ab;Kepler-21 A;1.7336395316301374;True
3312;Kepler-220 b;Kepler-220;38.55560056516266;True
3313;Kepler-220 c;Kepler-220;38.55560056516266;True
3314;Kepler-220 d;Kepler-220;38.55560056516266;True
3315;Kepler-220 e;Kepler-220;38.55560056516266;True
3316;Kepler-221 b;Kepler-221;17.428764138868136;True
3317;Kepler-221 c;Kepler-221;17.428764138868136;True
3318;Kepler-221 d;Kepler-221;17.428764138868136;True
3319;Kepler-221 e;Kepler-221;17.428764138868136;True
3320;Kepler-222 b;Kepler-222;10.802314954539185;True
3321;Kepler-222 c;Kepler-222;10.802314954539185;True
3322;Kepler-222 d;Kepler-222;10.802314954539185;True
3323;Kepler-223 b;Kepler-223;1.3447113107923254;True
3324;Kepler-223 c;Kepler-223;1.3447113107923254;True
3325;Kepler-223 d;Kepler-223;1.3447113107923254;True
3326;Kepler-223 e;Kepler-223;1.3447113107923254;True
3327;Kepler-224 b;Kepler-224;5.572641460638402;True
3328;Kepler-224 c;Kepler-224;5.572641460638402;True
3329;Kepler-224 d;Kepler-224;5.572641460638402;True
3330;Kepler-224 e;Kepler-224;5.572641460638402;True
3331;Kepler-225 b;Kepler-225;115.75216453632002;True
3332;Kepler-225 c;Kepler-225;115.75216453632002;True
3333;Kepler-226 b;Kepler-226;1.4559390558717729;True
3334;Kepler-226 c;Kepler-226;1.4559390558717729;True
3335;Kepler-226 d;Kepler-226;1.4559390558717729;True
3336;Kepler-227 b;Kepler-227;9.863372655745207;True
3337;Kepler-227 c;Kepler-227;9.863372655745207;True
3338;Kepler-228 b;Kepler-228;6.837913024403919;True
3339;Kepler-228 c;Kepler-228;6.837913024403919;True
3340;Kepler-228 d;Kepler-228;6.837913024403919;True
3341;Kepler-229 b;Kepler-229;7.847606270969879;True
3342;Kepler-229 c;Kepler-229;7.847606270969879;True
3343;Kepler-229 d;Kepler-229;7.847606270969879;True
3344;Kepler-22 b;Kepler-22;2.853876292958335;True
3345;Kepler-230 b;Kepler-230;13.868936466135562;True
3346;Kepler-230 c;Kepler-230;13.868936466135562;True
3347;Kepler-231 b;Kepler-231;78.75755742977111;True
3348;Kepler-231 c;Kepler-231;78.75755742977111;True
3349;Kepler-232 b;Kepler-232;2.831945698156633;True
3350;Kepler-232 c;Kepler-232;2.831945698156633;True
3351;Kepler-233 b;Kepler-233;6.472027422030099;True
3352;Kepler-233 c;Kepler-233;6.472027422030099;True
3353;Kepler-234 b;Kepler-234;3.3126135616595893;True
3354;Kepler-234 c;Kepler-234;3.3126135616595893;True
3355;Kepler-235 b;Kepler-235;233.41282156755636;True
3356;Kepler-235 c;Kepler-235;233.41282156755636;True
3357;Kepler-235 d;Kepler-235;233.41282156755636;True
3358;Kepler-235 e;Kepler-235;233.41282156755636;True
3359;Kepler-236 b;Kepler-236;93.14404358822794;True
3360;Kepler-236 c;Kepler-236;93.14404358822794;True
3361;Kepler-237 b;Kepler-237;4.277553762395355;True
3362;Kepler-237 c;Kepler-237;4.277553762395355;True
3363;Kepler-238 b;Kepler-238;18.70524686849204;True
3364;Kepler-238 c;Kepler-238;18.70524686849204;True
3365;Kepler-238 d;Kepler-238;18.70524686849204;True
3366;Kepler-238 e;Kepler-238;18.70524686849204;True
3367;Kepler-238 f;Kepler-238;18.70524686849204;True
3368;Kepler-239 b;Kepler-239;3.7828660442739945;True
3369;Kepler-239 c;Kepler-239;3.7828660442739945;True
3370;Kepler-23 b;Kepler-23;2.371512446515341;True
3371;Kepler-23 c;Kepler-23;2.371512446515341;True
3372;Kepler-23 d;Kepler-23;2.371512446515341;True
3373;Kepler-240 b;Kepler-240;15.485009341778316;True
3374;Kepler-240 c;Kepler-240;15.485009341778316;True
3375;Kepler-241 Ab;Kepler-241 A;38.757688588350334;True
3376;Kepler-241 Ac;Kepler-241 A;38.757688588350334;True
3377;Kepler-242 b;Kepler-242;15.485009341778316;True
3378;Kepler-242 c;Kepler-242;15.485009341778316;True
3379;Kepler-243 b;Kepler-243;3.2407678895877603;True
3380;Kepler-243 c;Kepler-243;3.2407678895877603;True
3381;Kepler-244 b;Kepler-244;6.528902973999974;True
3382;Kepler-244 c;Kepler-244;6.528902973999974;True
3383;Kepler-244 d;Kepler-244;6.528902973999974;True
3384;Kepler-245 b;Kepler-245;5.057719803242407;True
3385;Kepler-245 c;Kepler-245;5.057719803242407;True
3386;Kepler-245 d;Kepler-245;5.057719803242407;True
3387;Kepler-245 e;Kepler-245;5.057719803242407;True
3388;Kepler-246 b;Kepler-246;4.196199360310873;True
3389;Kepler-246 c;Kepler-246;4.196199360310873;True
3390;Kepler-247 b;Kepler-247;2.9722199168975747;True
3391;Kepler-247 c;Kepler-247;2.9722199168975747;True
3392;Kepler-247 d;Kepler-247;2.9722199168975747;True
3393;Kepler-248 b;Kepler-248;8.787998101203927;True
3394;Kepler-248 c;Kepler-248;8.787998101203927;True
3395;Kepler-249 b;Kepler-249;153.73252030737052;True
3396;Kepler-249 c;Kepler-249;153.73252030737052;True
3397;Kepler-249 d;Kepler-249;153.73252030737052;True
3398;Kepler-24 b;Kepler-24;61.88079286126655;True
3399;Kepler-24 c;Kepler-24;61.88079286126655;True
3400;Kepler-24 d;Kepler-24;61.88079286126655;True
3401;Kepler-24 e;Kepler-24;61.88079286126655;True
3402;Kepler-250 b;Kepler-250;4.4195127867930415;True
3403;Kepler-250 c;Kepler-250;4.4195127867930415;True
3404;Kepler-250 d;Kepler-250;4.4195127867930415;True
3405;Kepler-251 b;Kepler-251;2.655368324786669;True
3406;Kepler-251 c;Kepler-251;2.655368324786669;True
3407;Kepler-251 d;Kepler-251;2.655368324786669;True
3408;Kepler-251 e;Kepler-251;2.655368324786669;True
3409;Kepler-252 b;Kepler-252;46.563603355595944;True
3410;Kepler-252 c;Kepler-252;46.563603355595944;True
3411;Kepler-253 b;Kepler-253;11.470459470184982;True
3412;Kepler-253 c;Kepler-253;11.470459470184982;True
3413;Kepler-253 d;Kepler-253;11.470459470184982;True
3414;Kepler-254 b;Kepler-254;12.886477682432847;True
3415;Kepler-254 c;Kepler-254;12.886477682432847;True
3416;Kepler-254 d;Kepler-254;12.886477682432847;True
3417;Kepler-255 b;Kepler-255;1.489987294148411;True
3418;Kepler-255 c;Kepler-255;1.489987294148411;True
3419;Kepler-255 d;Kepler-255;1.489987294148411;True
3420;Kepler-256 b;Kepler-256;1.3139343231119989;True
3421;Kepler-256 c;Kepler-256;1.3139343231119989;True
3422;Kepler-256 d;Kepler-256;1.3139343231119989;True
3423;Kepler-256 e;Kepler-256;1.3139343231119989;True
3424;Kepler-257 b;Kepler-257;6.472027422030099;True
3425;Kepler-257 c;Kepler-257;6.472027422030099;True
3426;Kepler-257 d;Kepler-257;6.472027422030099;True
3427;Kepler-258 b;Kepler-258;4.4195127867930415;True
3428;Kepler-258 c;Kepler-258;4.4195127867930415;True
3429;Kepler-259 b;Kepler-259;6.528902973999974;True
3430;Kepler-259 c;Kepler-259;6.528902973999974;True
3431;Kepler-25 Ab;Kepler-25 A;5.535715109855702;True
3432;Kepler-25 Ac;Kepler-25 A;5.535715109855702;True
3433;Kepler-25 Ad;Kepler-25 A;5.535715109855702;True
3434;Kepler-260 b;Kepler-260;2.7739235970829452;True
3435;Kepler-260 c;Kepler-260;2.7739235970829452;True
3436;Kepler-261 b;Kepler-261;5.47472677061097;True
3437;Kepler-261 c;Kepler-261;5.47472677061097;True
3438;Kepler-262 b;Kepler-262;15.701146458128738;True
3439;Kepler-262 c;Kepler-262;15.701146458128738;True
3440;Kepler-263 b;Kepler-263;5.838169179247385;True
3441;Kepler-263 c;Kepler-263;5.838169179247385;True
3442;Kepler-264 b;Kepler-264;9.110046590697332;True
3443;Kepler-264 c;Kepler-264;9.110046590697332;True
3444;Kepler-265 b;Kepler-265;1.0703731359649238;True
3445;Kepler-265 c;Kepler-265;1.0703731359649238;True
3446;Kepler-265 d;Kepler-265;1.0703731359649238;True
3447;Kepler-265 e;Kepler-265;1.0703731359649238;True
3448;Kepler-266 b;Kepler-266;3.318348746471478;True
3449;Kepler-266 c;Kepler-266;3.318348746471478;True
3450;Kepler-267 b;Kepler-267;76.03726412544142;True
3451;Kepler-267 c;Kepler-267;76.03726412544142;True
3452;Kepler-267 d;Kepler-267;76.03726412544142;True
3453;Kepler-268 b;Kepler-268;4.935538891781173;True
3454;Kepler-268 c;Kepler-268;4.935538891781173;True
3455;Kepler-269 b;Kepler-269;5.386764693410121;True
3456;Kepler-269 c;Kepler-269;5.386764693410121;True
3457;Kepler-26 b;Kepler-26;161.81543598125216;True
3458;Kepler-26 c;Kepler-26;161.81543598125216;True
3459;Kepler-26 d;Kepler-26;161.81543598125216;True
3460;Kepler-26 e;Kepler-26;161.81543598125216;True
3461;Kepler-270 b;Kepler-270;3.3126135616595893;True
3462;Kepler-270 c;Kepler-270;3.3126135616595893;True
3463;Kepler-271 Ab;Kepler-271 A;3.601350877968172;True
3464;Kepler-271 Ac;Kepler-271 A;3.601350877968172;True
3465;Kepler-271 Ad;Kepler-271 A;3.601350877968172;True
3466;Kepler-272 b;Kepler-272;5.285512032455847;True
3467;Kepler-272 c;Kepler-272;5.285512032455847;True
3468;Kepler-272 d;Kepler-272;5.285512032455847;True
3469;Kepler-273 b;Kepler-273;10.88950231408456;True
3470;Kepler-273 c;Kepler-273;10.88950231408456;True
3471;Kepler-274 b;Kepler-274;5.262950370720394;True
3472;Kepler-274 c;Kepler-274;5.262950370720394;True
3473;Kepler-275 b;Kepler-275;7.188940226743326;True
3474;Kepler-275 c;Kepler-275;7.188940226743326;True
3475;Kepler-275 d;Kepler-275;7.188940226743326;True
3476;Kepler-276 b;Kepler-276;1.4559390558717729;True
3477;Kepler-276 c;Kepler-276;1.4559390558717729;True
3478;Kepler-276 d;Kepler-276;1.4559390558717729;True
3479;Kepler-277 b;Kepler-277;2.070974277562234;True
3480;Kepler-277 c;Kepler-277;2.070974277562234;True
3481;Kepler-278 b;Kepler-278;11.470459470184982;True
3482;Kepler-278 c;Kepler-278;11.470459470184982;True
3483;Kepler-279 b;Kepler-279;7.261241923517239;True
3484;Kepler-279 c;Kepler-279;7.261241923517239;True
3485;Kepler-279 d;Kepler-279;7.261241923517239;True
3486;Kepler-279 e;Kepler-279;7.261241923517239;True
3487;Kepler-27 Ab;Kepler-27 A;21.111546243880188;True
3488;Kepler-27 Ac;Kepler-27 A;21.111546243880188;True
3489;Kepler-27 Ad;Kepler-27 A;21.111546243880188;True
3490;Kepler-280 b;Kepler-280;1.3947065215413126;True
3491;Kepler-280 c;Kepler-280;1.3947065215413126;True
3492;Kepler-281 b;Kepler-281;3.601350877968173;True
3493;Kepler-281 c;Kepler-281;3.601350877968173;True
3494;Kepler-281 d;Kepler-281;3.601350877968173;True
3495;Kepler-282 b;Kepler-282;2.371512446515341;True
3496;Kepler-282 c;Kepler-282;2.371512446515341;True
3497;Kepler-282 d;Kepler-282;2.371512446515341;True
3498;Kepler-282 e;Kepler-282;2.371512446515341;True
3499;Kepler-283 Ab;Kepler-283 A;8.298119975907554;True
3500;Kepler-283 Ac;Kepler-283 A;8.298119975907554;True
3501;Kepler-284 b;Kepler-284;9.008652714987122;True
3502;Kepler-284 c;Kepler-284;9.008652714987122;True
3503;Kepler-285 b;Kepler-285;2.820812770654882;True
3504;Kepler-285 c;Kepler-285;2.820812770654882;True
3505;Kepler-286 b;Kepler-286;7.11151448173168;True
3506;Kepler-286 c;Kepler-286;7.11151448173168;True
3507;Kepler-286 d;Kepler-286;7.11151448173168;True
3508;Kepler-286 e;Kepler-286;7.11151448173168;True
3509;Kepler-287 b;Kepler-287;9.863372655745207;True
3510;Kepler-287 c;Kepler-287;9.863372655745207;True
3511;Kepler-288 b;Kepler-288;1.4559390558717729;True
3512;Kepler-288 c;Kepler-288;1.4559390558717729;True
3513;Kepler-288 d;Kepler-288;1.4559390558717729;True
3514;Kepler-289 b;Kepler-289;4.604096989331093;True
3515;Kepler-289 c;Kepler-289;4.604096989331093;True
3516;Kepler-289 d;Kepler-289;4.604096989331093;True
3517;Kepler-289 e;Kepler-289;4.604096989331093;True
3518;Kepler-28 b;Kepler-28;18.074969809835657;True
3519;Kepler-28 c;Kepler-28;18.074969809835657;True
3520;Kepler-290 b;Kepler-290;7.1497296803990915;True
3521;Kepler-290 c;Kepler-290;7.1497296803990915;True
3522;Kepler-290 d;Kepler-290;7.1497296803990915;True
3523;Kepler-291 b;Kepler-291;1.3947065215413126;True
3524;Kepler-291 c;Kepler-291;1.3947065215413126;True
3525;Kepler-292 b;Kepler-292;2.536789703633893;True
3526;Kepler-292 c;Kepler-292;2.536789703633893;True
3527;Kepler-292 d;Kepler-292;2.536789703633893;True
3528;Kepler-292 e;Kepler-292;2.536789703633893;True
3529;Kepler-292 f;Kepler-292;2.536789703633893;True
3530;Kepler-293 b;Kepler-293;1.4559390558717729;True
3531;Kepler-293 c;Kepler-293;1.4559390558717729;True
3532;Kepler-294 b;Kepler-294;5.262950370720394;True
3533;Kepler-294 c;Kepler-294;5.262950370720394;True
3534;Kepler-295 b;Kepler-295;3.5838697361814784;True
3535;Kepler-295 c;Kepler-295;3.5838697361814784;True
3536;Kepler-295 d;Kepler-295;3.5838697361814784;True
3537;Kepler-296 Ab;Kepler-296 A;224.0131309230994;True
3538;Kepler-296 Ac;Kepler-296 A;224.0131309230994;True
3539;Kepler-296 Ad;Kepler-296 A;224.0131309230994;True
3540;Kepler-296 Ae;Kepler-296 A;224.0131309230994;True
3541;Kepler-296 Af;Kepler-296 A;224.0131309230994;True
3542;Kepler-297 b;Kepler-297;1.3139343231119989;True
3543;Kepler-297 c;Kepler-297;1.3139343231119989;True
3544;Kepler-297 d;Kepler-297;1.3139343231119989;True
3545;Kepler-298 b;Kepler-298;7.766796816610809;True
3546;Kepler-298 c;Kepler-298;7.766796816610809;True
3547;Kepler-298 d;Kepler-298;7.766796816610809;True
3548;Kepler-299 b;Kepler-299;2.4182668113772454;True
3549;Kepler-299 c;Kepler-299;2.4182668113772454;True
3550;Kepler-299 d;Kepler-299;2.4182668113772454;True
3551;Kepler-299 e;Kepler-299;2.4182668113772454;True
3552;Kepler-29 b;Kepler-29;3.2973765798134207;True
3553;Kepler-29 c;Kepler-29;3.2973765798134207;True
3554;Kepler-300 b;Kepler-300;6.095157800111858;True
3555;Kepler-300 c;Kepler-300;6.095157800111858;True
3556;Kepler-301 Ab;Kepler-301 A;5.856666368370464;True
3557;Kepler-301 Ac;Kepler-301 A;5.856666368370464;True
3558;Kepler-301 Ad;Kepler-301 A;5.856666368370464;True
3559;Kepler-302 b;Kepler-302;6.528902973999974;True
3560;Kepler-302 c;Kepler-302;6.528902973999974;True
3561;Kepler-303 b;Kepler-303;166.19384824405086;True
3562;Kepler-303 c;Kepler-303;166.19384824405086;True
3563;Kepler-304 b;Kepler-304;13.81636933655006;True
3564;Kepler-304 c;Kepler-304;13.81636933655006;True
3565;Kepler-304 d;Kepler-304;13.81636933655006;True
3566;Kepler-304 e;Kepler-304;13.81636933655006;True
3567;Kepler-305 b;Kepler-305;3.830703146674391;True
3568;Kepler-305 c;Kepler-305;3.830703146674391;True
3569;Kepler-305 d;Kepler-305;3.830703146674391;True
3570;Kepler-305 e;Kepler-305;3.830703146674391;True
3571;Kepler-306 b;Kepler-306;3.185494632668544;True
3572;Kepler-306 c;Kepler-306;3.185494632668544;True
3573;Kepler-306 d;Kepler-306;3.185494632668544;True
3574;Kepler-306 e;Kepler-306;3.185494632668544;True
3575;Kepler-307 b;Kepler-307;6.689292803209044;True
3576;Kepler-307 c;Kepler-307;6.689292803209044;True
3577;Kepler-308 b;Kepler-308;2.206227369884538;True
3578;Kepler-308 c;Kepler-308;2.206227369884538;True
3579;Kepler-309 b;Kepler-309;6.715067368972574;True
3580;Kepler-309 c;Kepler-309;6.715067368972574;True
3581;Kepler-30 b;Kepler-30;6.894190651262958;True
3582;Kepler-30 c;Kepler-30;6.894190651262958;True
3583;Kepler-30 d;Kepler-30;6.894190651262958;True
3584;Kepler-310 b;Kepler-310;3.414828762364716;True
3585;Kepler-310 c;Kepler-310;3.414828762364716;True
3586;Kepler-310 d;Kepler-310;3.414828762364716;True
3587;Kepler-311 b;Kepler-311;1.6585004729791386;True
3588;Kepler-311 c;Kepler-311;1.6585004729791386;True
3589;Kepler-311 d;Kepler-311;1.6585004729791386;True
3590;Kepler-312 b;Kepler-312;7.156944741537693;True
3591;Kepler-312 c;Kepler-312;7.156944741537693;True
3592;Kepler-313 b;Kepler-313;2.718232168369556;True
3593;Kepler-313 c;Kepler-313;2.718232168369556;True
3594;Kepler-314 b;Kepler-314;3.2407678895877603;True
3595;Kepler-314 c;Kepler-314;3.2407678895877603;True
3596;Kepler-315 b;Kepler-315;3.414828762364715;True
3597;Kepler-315 c;Kepler-315;3.414828762364715;True
3598;Kepler-316 b;Kepler-316;31.72499594229923;True
3599;Kepler-316 c;Kepler-316;31.72499594229923;True
3600;Kepler-317 b;Kepler-317;23.84926785779609;True
3601;Kepler-317 c;Kepler-317;23.84926785779609;True
3602;Kepler-318 b;Kepler-318;5.058331183421599;True
3603;Kepler-318 c;Kepler-318;5.058331183421599;True
3604;Kepler-319 b;Kepler-319;2.9225422221086883;True
3605;Kepler-319 c;Kepler-319;2.9225422221086883;True
3606;Kepler-319 d;Kepler-319;2.9225422221086883;True
3607;Kepler-31 b;Kepler-31;125.032987363755;True
3608;Kepler-31 c;Kepler-31;125.032987363755;True
3609;Kepler-31 d;Kepler-31;125.032987363755;True
3610;Kepler-320 b;Kepler-320;6.815205942306268;True
3611;Kepler-320 c;Kepler-320;6.815205942306268;True
3612;Kepler-321 b;Kepler-321;2.6449304904347315;True
3613;Kepler-321 c;Kepler-321;2.6449304904347315;True
3614;Kepler-322 b;Kepler-322;8.578255163100529;True
3615;Kepler-322 c;Kepler-322;8.578255163100529;True
3616;Kepler-323 b;Kepler-323;2.169991138264917;True
3617;Kepler-323 c;Kepler-323;2.169991138264917;True
3618;Kepler-324 b;Kepler-324;3.1354236657253387;True
3619;Kepler-324 c;Kepler-324;3.1354236657253387;True
3620;Kepler-324 d;Kepler-324;3.1354236657253387;True
3621;Kepler-324 e;Kepler-324;3.1354236657253387;True
3622;Kepler-325 b;Kepler-325;3.959407428090981;True
3623;Kepler-325 c;Kepler-325;3.959407428090981;True
3624;Kepler-325 d;Kepler-325;3.959407428090981;True
3625;Kepler-326 Ab;Kepler-326 A;33.23423474908486;True
3626;Kepler-326 Ac;Kepler-326 A;33.23423474908486;True
3627;Kepler-326 Ad;Kepler-326 A;33.23423474908486;True
3628;Kepler-327 b;Kepler-327;105.24329074028896;True
3629;Kepler-327 c;Kepler-327;105.24329074028896;True
3630;Kepler-327 d;Kepler-327;105.24329074028896;True
3631;Kepler-328 b;Kepler-328;16.530390705385997;True
3632;Kepler-328 c;Kepler-328;16.530390705385997;True
3633;Kepler-329 b;Kepler-329;31.724995942299216;True
3634;Kepler-329 c;Kepler-329;31.724995942299216;True
3635;Kepler-32 b;Kepler-32;166.19384824405086;True
3636;Kepler-32 c;Kepler-32;166.19384824405086;True
3637;Kepler-32 d;Kepler-32;166.19384824405086;True
3638;Kepler-32 e;Kepler-32;166.19384824405086;True
3639;Kepler-32 f;Kepler-32;166.19384824405086;True
3640;Kepler-330 b;Kepler-330;3.2973765798134207;True
3641;Kepler-330 c;Kepler-330;3.2973765798134207;True
3642;Kepler-331 b;Kepler-331;126.86061369189342;True
3643;Kepler-331 c;Kepler-331;126.86061369189342;True
3644;Kepler-331 d;Kepler-331;126.86061369189342;True
3645;Kepler-332 b;Kepler-332;3.687635600821907;True
3646;Kepler-332 c;Kepler-332;3.687635600821907;True
3647;Kepler-332 d;Kepler-332;3.687635600821907;True
3648;Kepler-333 Ab;Kepler-333 A;4.249880722838528;True
3649;Kepler-333 Ac;Kepler-333 A;4.249880722838528;True
3650;Kepler-334 b;Kepler-334;5.470285738549735;True
3651;Kepler-334 c;Kepler-334;5.470285738549735;True
3652;Kepler-334 d;Kepler-334;5.470285738549735;True
3653;Kepler-335 b;Kepler-335;1.4632909729122217;True
3654;Kepler-335 c;Kepler-335;1.4632909729122217;True
3655;Kepler-336 Ab;Kepler-336 A;34.592573131481096;True
3656;Kepler-336 Ac;Kepler-336 A;34.592573131481096;True
3657;Kepler-336 Ad;Kepler-336 A;34.592573131481096;True
3658;Kepler-337 b;Kepler-337;1.5392271397582211;True
3659;Kepler-337 c;Kepler-337;1.5392271397582211;True
3660;Kepler-338 b;Kepler-338;1.3266119383763764;True
3661;Kepler-338 c;Kepler-338;1.3266119383763764;True
3662;Kepler-338 d;Kepler-338;1.3266119383763764;True
3663;Kepler-338 e;Kepler-338;1.3266119383763764;True
3664;Kepler-339 b;Kepler-339;2.0292822215842374;True
3665;Kepler-339 c;Kepler-339;2.0292822215842374;True
3666;Kepler-339 d;Kepler-339;2.0292822215842374;True
3667;Kepler-33 b;Kepler-33;2.2746040861682775;True
3668;Kepler-33 c;Kepler-33;2.2746040861682775;True
3669;Kepler-33 d;Kepler-33;2.2746040861682775;True
3670;Kepler-33 e;Kepler-33;2.2746040861682775;True
3671;Kepler-33 f;Kepler-33;2.2746040861682775;True
3672;Kepler-340 b;Kepler-340;53.0654048179251;True
3673;Kepler-340 c;Kepler-340;53.0654048179251;True
3674;Kepler-341 b;Kepler-341;2.4182668113772454;True
3675;Kepler-341 c;Kepler-341;2.4182668113772454;True
3676;Kepler-341 d;Kepler-341;2.4182668113772454;True
3677;Kepler-341 e;Kepler-341;2.4182668113772454;True
3678;Kepler-342 b;Kepler-342;7.1872385834624035;True
3679;Kepler-342 c;Kepler-342;7.1872385834624035;True
3680;Kepler-342 d;Kepler-342;7.1872385834624035;True
3681;Kepler-342 e;Kepler-342;7.1872385834624035;True
3682;Kepler-343 b;Kepler-343;2.072399039198528;True
3683;Kepler-343 c;Kepler-343;2.072399039198528;True
3684;Kepler-344 b;Kepler-344;4.034591376391741;True
3685;Kepler-344 c;Kepler-344;4.034591376391741;True
3686;Kepler-345 Ab;Kepler-345 A;11.363593045678853;True
3687;Kepler-345 Ac;Kepler-345 A;11.363593045678853;True
3688;Kepler-346 b;Kepler-346;1.3947065215413126;True
3689;Kepler-346 c;Kepler-346;1.3947065215413126;True
3690;Kepler-347 b;Kepler-347;1.0703731359649238;True
3691;Kepler-347 c;Kepler-347;1.0703731359649238;True
3692;Kepler-348 Ab;Kepler-348 A;7.552120272756244;True
3693;Kepler-348 Ac;Kepler-348 A;7.552120272756244;True
3694;Kepler-349 b;Kepler-349;6.095157800111858;True
3695;Kepler-349 c;Kepler-349;6.095157800111858;True
3696;Kepler-34 (AB)b;Kepler-34 (AB);44.14500808821764;True
3697;Kepler-350 b;Kepler-350;28.82450927336367;True
3698;Kepler-350 c;Kepler-350;28.82450927336367;True
3699;Kepler-350 d;Kepler-350;28.82450927336367;True
3700;Kepler-351 b;Kepler-351;59.30405344656922;True
3701;Kepler-351 c;Kepler-351;59.30405344656922;True
3702;Kepler-351 d;Kepler-351;59.30405344656922;True
3703;Kepler-352 b;Kepler-352;2.504193220752514;True
3704;Kepler-352 c;Kepler-352;2.504193220752514;True
3705;Kepler-352 d;Kepler-352;2.504193220752514;True
3706;Kepler-353 Ab;Kepler-353 A;125.01094450329208;True
3707;Kepler-353 Ac;Kepler-353 A;125.01094450329208;True
3708;Kepler-354 b;Kepler-354;5.30327659290056;True
3709;Kepler-354 c;Kepler-354;5.30327659290056;True
3710;Kepler-354 d;Kepler-354;5.30327659290056;True
3711;Kepler-355 b;Kepler-355;1.2571973321414078;True
3712;Kepler-355 c;Kepler-355;1.2571973321414078;True
3713;Kepler-356 b;Kepler-356;1.7388877203625852;True
3714;Kepler-356 c;Kepler-356;1.7388877203625852;True
3715;Kepler-357 b;Kepler-357;3.4867227083730925;True
3716;Kepler-357 c;Kepler-357;3.4867227083730925;True
3717;Kepler-357 d;Kepler-357;3.4867227083730925;True
3718;Kepler-358 b;Kepler-358;1.7987413756360666;True
3719;Kepler-358 c;Kepler-358;1.7987413756360666;True
3720;Kepler-359 b;Kepler-359;2.5375802975927164;True
3721;Kepler-359 c;Kepler-359;2.5375802975927164;True
3722;Kepler-359 d;Kepler-359;2.5375802975927164;True
3723;Kepler-35 (AB)b;Kepler-35 (AB);9.762359367455613;True
3724;Kepler-360 b;Kepler-360;1.5522501543080116;True
3725;Kepler-360 c;Kepler-360;1.5522501543080116;True
3726;Kepler-361 b;Kepler-361;3.214354738091892;True
3727;Kepler-361 c;Kepler-361;3.214354738091892;True
3728;Kepler-362 Ab;Kepler-362 A;10.340625695278629;True
3729;Kepler-362 Ac;Kepler-362 A;10.340625695278629;True
3730;Kepler-363 b;Kepler-363;2.253463594598772;True
3731;Kepler-363 c;Kepler-363;2.253463594598772;True
3732;Kepler-363 d;Kepler-363;2.253463594598772;True
3733;Kepler-364 b;Kepler-364;3.665294060401308;True
3734;Kepler-364 c;Kepler-364;3.665294060401308;True
3735;Kepler-365 Ab;Kepler-365 A;3.667916498166737;True
3736;Kepler-365 Ac;Kepler-365 A;3.667916498166737;True
3737;Kepler-366 b;Kepler-366;1.826860608377143;True
3738;Kepler-366 c;Kepler-366;1.826860608377143;True
3739;Kepler-367 b;Kepler-367;19.292115343908353;True
3740;Kepler-367 c;Kepler-367;19.292115343908353;True
3741;Kepler-368 b;Kepler-368;23.73880431779111;True
3742;Kepler-368 c;Kepler-368;23.73880431779111;True
3743;Kepler-369 Ab;Kepler-369 A;171.43171931343105;True
3744;Kepler-369 Ac;Kepler-369 A;171.43171931343105;True
3745;Kepler-36 b;Kepler-36;1.2756574736348056;True
3746;Kepler-36 c;Kepler-36;1.2756574736348056;True
3747;Kepler-370 b;Kepler-370;4.034591376391741;True
3748;Kepler-370 c;Kepler-370;4.034591376391741;True
3749;Kepler-371 b;Kepler-371;0.9955174169545388;True
3750;Kepler-371 c;Kepler-371;0.9955174169545388;True
3751;Kepler-372 b;Kepler-372;1.981053202080555;True
3752;Kepler-372 c;Kepler-372;1.981053202080555;True
3753;Kepler-372 d;Kepler-372;1.981053202080555;True
3754;Kepler-373 b;Kepler-373;5.47472677061097;True
3755;Kepler-373 c;Kepler-373;5.47472677061097;True
3756;Kepler-374 b;Kepler-374;4.196199360310873;True
3757;Kepler-374 c;Kepler-374;4.196199360310873;True
3758;Kepler-374 d;Kepler-374;4.196199360310873;True
3759;Kepler-375 b;Kepler-375;2.820812770654882;True
3760;Kepler-375 c;Kepler-375;2.820812770654882;True
3761;Kepler-376 b;Kepler-376;2.5632799383375446;True
3762;Kepler-376 c;Kepler-376;2.5632799383375446;True
3763;Kepler-377 b;Kepler-377;2.9722199168975747;True
3764;Kepler-377 c;Kepler-377;2.9722199168975747;True
3765;Kepler-378 b;Kepler-378;1.7388877203625852;True
3766;Kepler-378 c;Kepler-378;1.7388877203625852;True
3767;Kepler-379 Ab;Kepler-379 A;5.235716180788548;True
3768;Kepler-379 Ac;Kepler-379 A;5.235716180788548;True
3769;Kepler-37 b;Kepler-37;2.692831780126589;True
3770;Kepler-37 c;Kepler-37;2.692831780126589;True
3771;Kepler-37 d;Kepler-37;2.692831780126589;True
3772;Kepler-37 e;Kepler-37;2.692831780126589;True
3773;Kepler-380 Ab;Kepler-380 A;4.244313557205995;True
3774;Kepler-380 Ac;Kepler-380 A;4.244313557205995;True
3775;Kepler-381 b;Kepler-381;2.8451042517999197;True
3776;Kepler-381 c;Kepler-381;2.8451042517999197;True
3777;Kepler-381 d;Kepler-381;2.8451042517999197;True
3778;Kepler-382 b;Kepler-382;2.745904047988802;True
3779;Kepler-382 c;Kepler-382;2.745904047988802;True
3780;Kepler-383 Ab;Kepler-383 A;5.56983130306451;True
3781;Kepler-383 Ac;Kepler-383 A;5.56983130306451;True
3782;Kepler-384 b;Kepler-384;3.687635600821908;True
3783;Kepler-384 c;Kepler-384;3.687635600821908;True
3784;Kepler-385 b;Kepler-385;2.6780367799352516;True
3785;Kepler-385 c;Kepler-385;2.6780367799352516;True
3786;Kepler-385 d;Kepler-385;2.6780367799352516;True
3787;Kepler-386 b;Kepler-386;3.7828660442739945;True
3788;Kepler-386 c;Kepler-386;3.7828660442739945;True
3789;Kepler-387 b;Kepler-387;1.257197332141408;True
3790;Kepler-387 c;Kepler-387;1.257197332141408;True
3791;Kepler-388 Ab;Kepler-388 A;11.363593045678853;True
3792;Kepler-388 Ac;Kepler-388 A;11.363593045678853;True
3793;Kepler-389 b;Kepler-389;3.477536741327941;True
3794;Kepler-389 c;Kepler-389;3.477536741327941;True
3795;Kepler-38 (AB)b;Kepler-38 A;5.705295319516248;True
3796;Kepler-390 Ab;Kepler-390 A;9.746335791333893;True
3797;Kepler-390 Ac;Kepler-390 A;9.746335791333893;True
3798;Kepler-391 b;Kepler-391;2.371512446515341;True
3799;Kepler-391 c;Kepler-391;2.371512446515341;True
3800;Kepler-392 b;Kepler-392;91.54468133771816;True
3801;Kepler-392 c;Kepler-392;91.54468133771816;True
3802;Kepler-393 Ab;Kepler-393 A;13.725168001891523;True
3803;Kepler-393 Ac;Kepler-393 A;13.725168001891523;True
3804;Kepler-394 b;Kepler-394;1.1473266633912558;True
3805;Kepler-394 c;Kepler-394;1.1473266633912558;True
3806;Kepler-394 d;Kepler-394;1.1473266633912558;True
3807;Kepler-395 b;Kepler-395;145.9152746812797;True
3808;Kepler-395 c;Kepler-395;145.9152746812797;True
3809;Kepler-396 b;Kepler-396;4.4195127867930415;True
3810;Kepler-396 c;Kepler-396;4.4195127867930415;True
3811;Kepler-397 Ab;Kepler-397 A;12.64442014195681;True
3812;Kepler-397 Ac;Kepler-397 A;12.64442014195681;True
3813;Kepler-398 b;Kepler-398;12.8303472603857;True
3814;Kepler-398 c;Kepler-398;12.8303472603857;True
3815;Kepler-398 d;Kepler-398;12.8303472603857;True
3816;Kepler-399 b;Kepler-399;6.152030830801681;True
3817;Kepler-399 c;Kepler-399;6.152030830801681;True
3818;Kepler-399 d;Kepler-399;6.152030830801681;True
3819;Kepler-400 Ab;Kepler-400 A;5.0276345752069185;True
3820;Kepler-400 Ac;Kepler-400 A;5.0276345752069185;True
3821;Kepler-401 b;Kepler-401;4.935538891781173;True
3822;Kepler-401 c;Kepler-401;4.935538891781173;True
3823;Kepler-401 d;Kepler-401;4.935538891781173;True
3824;Kepler-402 b;Kepler-402;4.935538891781173;True
3825;Kepler-402 c;Kepler-402;4.935538891781173;True
3826;Kepler-402 d;Kepler-402;4.935538891781173;True
3827;Kepler-402 e;Kepler-402;4.935538891781173;True
3828;Kepler-403 b;Kepler-403;5.021847394414894;True
3829;Kepler-403 c;Kepler-403;5.021847394414894;True
3830;Kepler-403 d;Kepler-403;5.021847394414894;True
3831;Kepler-404 b;Kepler-404;6.528902973999974;True
3832;Kepler-404 c;Kepler-404;6.528902973999974;True
3833;Kepler-405 b;Kepler-405;55.621392992606815;True
3834;Kepler-405 c;Kepler-405;55.621392992606815;True
3835;Kepler-406 b;Kepler-406;1.1473266633912558;True
3836;Kepler-406 c;Kepler-406;1.1473266633912558;True
3837;Kepler-407 Ab;Kepler-407 A;23.84926785779609;True
3838;Kepler-407 Ac;Kepler-407 A;23.84926785779609;True
3839;Kepler-408 b;Kepler-408;2.072214220842012;True
3840;Kepler-409 b;Kepler-409;4.148444628093995;True
3841;Kepler-40 b;Kepler-40;59.30105296096596;True
3842;Kepler-410 Ab;Kepler-410 A;4.465293808362089;True
3843;Kepler-411 Ab;Kepler-411 A;63.98008408169947;True
3844;Kepler-411 Ac;Kepler-411 A;63.98008408169947;True
3845;Kepler-411 Ad;Kepler-411 A;63.98008408169947;True
3846;Kepler-411 Ae;Kepler-411 A;63.98008408169947;True
3847;Kepler-412 b;Kepler-412;4.3668381740916855;True
3848;Kepler-413 (AB)b;Kepler-413 (AB);14.831376367017084;True
3849;Kepler-414 b;Kepler-414;2.718232168369556;True
3850;Kepler-414 c;Kepler-414;2.718232168369556;True
3851;Kepler-415 b;Kepler-415;72.72918115083712;True
3852;Kepler-415 c;Kepler-415;72.72918115083712;True
3853;Kepler-416 b;Kepler-416;6.894190651262958;True
3854;Kepler-416 c;Kepler-416;6.894190651262958;True
3855;Kepler-416 d;Kepler-416;6.894190651262958;True
3856;Kepler-417 b;Kepler-417;2.692831780126589;True
3857;Kepler-417 c;Kepler-417;2.692831780126589;True
3858;Kepler-418 b;Kepler-418;5.386764693410121;True
3859;Kepler-418 c;Kepler-418;5.386764693410121;True
3860;Kepler-419 b;Kepler-419;6.056818843672631;True
3861;Kepler-419 c;Kepler-419;6.056818843672631;True
3862;Kepler-41 b;Kepler-41;0.9538668676984222;True
3863;Kepler-420 Ab;Kepler-420 A;13.389480125780157;True
3864;Kepler-421 Ab;Kepler-421 A;5.329838168684424;True
3865;Kepler-422 b;Kepler-422;2.3347274566272285;True
3866;Kepler-423 b;Kepler-423;2.853876292958335;True
3867;Kepler-424 b;Kepler-424;1.621146102390228;True
3868;Kepler-424 c;Kepler-424;1.621146102390228;True
3869;Kepler-425 b;Kepler-425;16.70991770522236;True
3870;Kepler-426 b;Kepler-426;3.6333075282532694;True
3871;Kepler-427 b;Kepler-427;2.794299997135086;True
3872;Kepler-428 b;Kepler-428;9.746335791333893;True
3873;Kepler-42 b;Kepler-42;446.9141528039238;True
3874;Kepler-42 c;Kepler-42;446.9141528039238;True
3875;Kepler-42 d;Kepler-42;446.9141528039238;True
3876;Kepler-430 b;Kepler-430;2.303858607574318;True
3877;Kepler-430 c;Kepler-430;2.303858607574318;True
3878;Kepler-431 b;Kepler-431;2.072214220842012;True
3879;Kepler-431 c;Kepler-431;2.072214220842012;True
3880;Kepler-431 d;Kepler-431;2.072214220842012;True
3881;Kepler-432 b;Kepler-432;14.556807376515591;True
3882;Kepler-432 c;Kepler-432;14.556807376515591;True
3883;Kepler-433 b;Kepler-433;36.523731689921206;True
3884;Kepler-434 b;Kepler-434;3.665294060401308;True
3885;Kepler-435 b;Kepler-435;59.30105296096596;True
3886;Kepler-436 b;Kepler-436;16.69172595350551;True
3887;Kepler-436 c;Kepler-436;16.69172595350551;True
3888;Kepler-437 Ab;Kepler-437 A;2.9537341623346527;True
3889;Kepler-438 b;Kepler-438;185.4063953126049;True
3890;Kepler-439 b;Kepler-439;2.9722199168975747;True
3891;Kepler-43 b;Kepler-43;4.688937146439792;True
3892;Kepler-440 b;Kepler-440;87.14457859904147;True
3893;Kepler-441 b;Kepler-441;45.18283756557154;True
3894;Kepler-442 b;Kepler-442;233.41282156755636;True
3895;Kepler-443 b;Kepler-443;4.927757156105401;True
3896;Kepler-444 Ab;Kepler-444 A;21.51336628104559;True
3897;Kepler-444 Ac;Kepler-444 A;21.51336628104559;True
3898;Kepler-444 Ad;Kepler-444 A;21.51336628104559;True
3899;Kepler-444 Ae;Kepler-444 A;21.51336628104559;True
3900;Kepler-444 Af;Kepler-444 A;21.51336628104559;True
3901;Kepler-445 b;Kepler-445;358.5300692633403;True
3902;Kepler-445 c;Kepler-445;358.5300692633403;True
3903;Kepler-445 d;Kepler-445;358.5300692633403;True
3904;Kepler-446 b;Kepler-446;1011.1899088906156;True
3905;Kepler-446 c;Kepler-446;1011.1899088906156;True
3906;Kepler-446 d;Kepler-446;1011.1899088906156;True
3907;Kepler-447 b;Kepler-447;13.875637842737268;True
3908;Kepler-448 b;Kepler-448;11.222938042745955;True
3909;Kepler-449 Ab;Kepler-449 A;5.718790500457345;True
3910;Kepler-449 Ac;Kepler-449 A;5.718790500457345;True
3911;Kepler-44 b;Kepler-44;1.3447113107923254;True
3912;Kepler-450 Ab;Kepler-450 A;5.535715109855702;True
3913;Kepler-450 Ac;Kepler-450 A;5.535715109855702;True
3914;Kepler-450 Ad;Kepler-450 A;5.535715109855702;True
3915;Kepler-451 (AB)b;Kepler-451 (AB);582.5323321455486;True
3916;Kepler-451 (AB)c;Kepler-451 (AB);582.5323321455486;True
3917;Kepler-451 (AB)d;Kepler-451 (AB);582.5323321455486;True
3918;Kepler-452 b;Kepler-452;1.3139343231119989;True
3919;Kepler-453 (AB)b;Kepler-453 A;25.342865986847627;True
3920;Kepler-454 Ab;Kepler-454 A;6.600057012895927;True
3921;Kepler-454 Ac;Kepler-454 A;6.600057012895927;True
3922;Kepler-454 Ad;Kepler-454 A;6.600057012895927;True
3923;Kepler-455 b;Kepler 455;2.20103715930844;True
3924;Kepler-457 b;Kepler-457;2.027977483852745;True
3925;Kepler-457 c;Kepler-457;2.027977483852745;True
3926;Kepler-457 d;Kepler-457;2.027977483852745;True
3927;Kepler-458 b;KIC 9663113;28.71939305153889;True
3928;Kepler-458 c;KIC 9663113;28.71939305153889;True
3929;Kepler-459 b;Kepler-459;2.2831933579947767;True
3930;Kepler-45 b;Kepler-45;78.75755742977111;True
3931;Kepler-460 b;KIC 5437945;1.1473266633912558;True
3932;Kepler-460 c;KIC 5437945;1.1473266633912558;True
3933;Kepler-461 b;Kepler-461;28.71939305153889;True
3934;Kepler-462 b;Kepler-462;119.6036442893777;True
3935;Kepler-462 c;Kepler-462;119.6036442893777;True
3936;Kepler-463 b;Kepler-463;2.9722199168975747;True
3937;Kepler-464 b;Kepler-464;1.9391192754980224;True
3938;Kepler-465 b;Kepler-465;7.156944741537693;True
3939;Kepler-466 b;Kepler-466;2.5632799383375446;True
3940;Kepler-466 c;Kepler-466;2.5632799383375446;True
3941;Kepler-467 b;Kepler-467;0.9955174169545388;True
3942;Kepler-468 b;Kepler-468;1.5165021271666368;True
3943;Kepler-469 b;Kepler-469;5.37190736466815;True
3944;Kepler-46 b;Kepler-46;2.4182668113772454;True
3945;Kepler-46 c;Kepler-46;2.4182668113772454;True
3946;Kepler-46 d;Kepler-46;2.4182668113772454;True
3947;Kepler-471 b;Kepler-471;501.4993744385096;True
3948;Kepler-472 b;Kepler-472;4.455540252464051;True
3949;Kepler-473 b;Kepler-473;1.3266119383763764;True
3950;Kepler-474 b;Kepler-474;1.4739407868982866;True
3951;Kepler-475 b;Kepler-475;1.944470341713428;True
3952;Kepler-476 Ab;Kepler-476 A;9.461653274009825;True
3953;Kepler-477 Ab;Kepler-477 A;16.072615259831405;True
3954;Kepler-478 Ab;Kepler-478 A;7.772169827413365;True
3955;Kepler-479 b;Kepler-479;1.4559390558717729;True
3956;Kepler-47 (AB)b;Kepler-47 A;11.13513410263712;True
3957;Kepler-47 (AB)c;Kepler-47 A;11.13513410263712;True
3958;Kepler-47 (AB)d;Kepler-47 A;11.13513410263712;True
3959;Kepler-480 b;Kepler-480;1.9391192754980224;True
3960;Kepler-481 b;Kepler-481;1.6532016261273774;True
3961;Kepler-482 Ab;Kepler-482 A;4.648267371197965;True
3962;Kepler-483 b;Kepler-483;7.156944741537693;True
3963;Kepler-484 b;Kepler-484;1.770912169470917;True
3964;Kepler-485 b;Kepler-485;1.2350245471454215;True
3965;Kepler-487 Ab;Kepler-487 A;23.4411548797114;True
3966;Kepler-487 Ac;Kepler-487 A;23.4411548797114;True
3967;Kepler-487 Ad;Kepler-487 A;23.4411548797114;True
3968;Kepler-489 b;Kepler-489;3.5917217215798023;True
3969;Kepler-48 b;Kepler-48;2.655368324786669;True
3970;Kepler-48 c;Kepler-48;2.655368324786669;True
3971;Kepler-48 d;Kepler-48;2.655368324786669;True
3972;Kepler-48 e;Kepler-48;2.655368324786669;True
3973;Kepler-48 f;Kepler-48;2.655368324786669;True
3974;Kepler-490 b;Kepler-490;7.1872385834624035;True
3975;Kepler-491 b;Kepler-491;1.0703731359649238;True
3976;Kepler-493 b;Kepler-493;2.6716209743581096;True
3977;Kepler-495 b;Kepler-495;2.4182668113772454;True
3978;Kepler-495 c;Kepler-495;2.4182668113772454;True
3979;Kepler-496 b;Kepler-496;12.13772965151009;True
3980;Kepler-497 b;Kepler-497;21.831208243819606;True
3981;Kepler-498 b;Kepler-498;3.601350877968173;True
3982;Kepler-499 b;Kepler-499;16.538646400321632;True
3983;Kepler-49 b;Kepler-49;106.21916264571016;True
3984;Kepler-49 c;Kepler-49;106.21916264571016;True
3985;Kepler-49 d;Kepler-49;106.21916264571016;True
3986;Kepler-49 e;Kepler-49;106.21916264571016;True
3987;Kepler-4 b;Kepler-4;1.4429465697334265;True
3988;Kepler-500 b;Kepler-500;1.4372675944968345;True
3989;Kepler-501 b;Kepler-501;1.6912228732794197;True
3990;Kepler-501 c;Kepler-501;1.6912228732794197;True
3991;Kepler-502 b;Kepler-502;2.027977483852745;True
3992;Kepler-504 Ab;Kepler-504 A;87.60328010708284;True
3993;Kepler-505 b;Kepler-505;82.954720077375;True
3994;Kepler-506 b;Kepler-506;5.195785013632331;True
3995;Kepler-507 b;Kepler-507;0.9538668676984222;True
3996;Kepler-508 b;Kepler-508;2.5614068876808287;True
3997;Kepler-509 b;Kepler-509;1.9391192754980224;True
3998;Kepler-50 b;Kepler-50;7.156944741537693;True
3999;Kepler-50 c;Kepler-50;7.156944741537693;True
4000;Kepler-510 b;Kepler-510;4.207788586161939;True
4001;Kepler-511 b;Kepler-511;1.0703731359649238;True
4002;Kepler-511 c;Kepler-511;1.0703731359649238;True
4003;Kepler-512 b;Kepler-512;1.0477858298976432;True
4004;Kepler-513 b;Kepler-513;1.0703731359649238;True
4005;Kepler-514 Ab;Kepler-514 A;13.713754773969786;True
4006;Kepler-515 Ab;Kepler-515 A;5.329838168684424;True
4007;Kepler-516 b;Kepler-516;988.145332061107;True
4008;Kepler-517 Ab;Kepler-517 A;3.065925538963944;True
4009;Kepler-518 b;Kepler-518;1.327769719171929;True
4010;Kepler-519 Ab;Kepler-519 A;9.427789937768196;True
4011;Kepler-51 b;Kepler-51;6.095157800111858;True
4012;Kepler-51 c;Kepler-51;6.095157800111858;True
4013;Kepler-51 d;Kepler-51;6.095157800111858;True
4014;Kepler-51 e;Kepler-51;6.095157800111858;True
4015;Kepler-520 Ab;Kepler-520 A;4.79544752799751;True
4016;Kepler-520 Ac;Kepler-520 A;4.79544752799751;True
4017;Kepler-521 b;Kepler-521;50.6445745974547;True
4018;Kepler-522 b;Kepler-522;114.62130741438918;True
4019;Kepler-523 b;Kepler-523;1.8053695116822115;True
4020;Kepler-524 b;Kepler-524;1.6408041023629238;True
4021;Kepler-524 c;Kepler-524;1.6408041023629238;True
4022;Kepler-525 b;Kepler-525;7.627834124351343;True
4023;Kepler-526 Ab;Kepler-526 A;18.95563949776005;True
4024;Kepler-527 b;Kepler-527;6.098068201067479;True
4025;Kepler-528 b;Kepler-528;1.0632674837963303;True
4026;Kepler-529 b;Kepler-529;2.072214220842012;True
4027;Kepler-529 c;Kepler-529;2.072214220842012;True
4028;Kepler-529 d;Kepler-529;2.072214220842012;True
4029;Kepler-52 Ab;Kepler-52 A;73.66002936801222;True
4030;Kepler-52 Ac;Kepler-52 A;73.66002936801222;True
4031;Kepler-52 d;Kepler-52 A;73.66002936801222;True
4032;Kepler-530 Ab;Kepler-530 A;3.656020841807751;True
4033;Kepler-531 b;Kepler-531;4.4195127867930415;True
4034;Kepler-532 b;Kepler-532;3.6400462484835088;True
4035;Kepler-533 b;Kepler-533;5.16898637437586;True
4036;Kepler-534 Ab;Kepler-534 A;5.621770178859459;True
4037;Kepler-534 Ac;Kepler-534 A;5.621770178859459;True
4038;Kepler-535 b;Kepler-535;0.9538668676984222;True
4039;Kepler-536 Ab;Kepler-536 A;15.338824938241444;True
4040;Kepler-537 b;Kepler-537;2.6780367799352516;True
4041;Kepler-538 Ab;Kepler-538 A;106.45116013468476;True
4042;Kepler-538 Ac;Kepler-538 A;106.45116013468476;True
4043;Kepler-539 b;Kepler-539;1.2176027434829055;True
4044;Kepler-539 c;Kepler-539;1.2176027434829055;True
4045;Kepler-53 c;Kepler-53;3.352879191374571;True
4046;Kepler-53 d;Kepler-53;3.352879191374571;True
4047;Kepler-540 b;Kepler-540;2.5632799383375446;True
4048;Kepler-541 b;Kepler-541;13.764263157087736;True
4049;Kepler-542 b;Kepler-542;3.414828762364715;True
4050;Kepler-543 Ab;Kepler-543 A;5.682970945467606;True
4051;Kepler-544 b;Kepler-544;4.790704055205866;True
4052;Kepler-545 b;Kepler-545;1.0703731359649238;True
4053;Kepler-546 b;Kepler-546;8.642394812081344;True
4054;Kepler-547 Ab;Kepler-547 A;19.142296530863288;True
4055;Kepler-548 b;Kepler-548;15.284158110048482;True
4056;Kepler-549 Bb;Kepler-549 B;16.518873997277147;True
4057;Kepler-549 Bc;Kepler-549 B;16.518873997277147;True
4058;Kepler-549 Bd;Kepler-549 B;16.518873997277147;True
4059;Kepler-54 Ab;Kepler-54 A;277.71061394174365;True
4060;Kepler-54 Ac;Kepler-54 A;277.71061394174365;True
4061;Kepler-54 Ad;Kepler-54 A;277.71061394174365;True
4062;Kepler-550 b;Kepler-550;16.538646400321632;True
4063;Kepler-551 b;Kepler-551;11.48896608295883;True
4064;Kepler-552 b;Kepler-552;5.536603988968383;True
4065;Kepler-553 b;Kepler-553;8.578255163100529;True
4066;Kepler-553 c;Kepler-553;8.578255163100529;True
4067;Kepler-554 b;Kepler-554;2.418266811377245;True
4068;Kepler-555 Ab;Kepler-555 A;4.308894755574049;True
4069;Kepler-556 b;Kepler-556;1.4559390558717729;True
4070;Kepler-557 b;Kepler-557;1.3840901553293423;True
4071;Kepler-558 b;Kepler-558;7.225239856936161;True
4072;Kepler-559 b;Kepler-559;5.705295319516248;True
4073;Kepler-55 Ab;Kepler-55 A;6.841013193037563;True
4074;Kepler-55 Ac;Kepler-55 A;6.841013193037563;True
4075;Kepler-55 Ad;Kepler-55 A;6.841013193037563;True
4076;Kepler-55 Ae;Kepler-55 A;6.841013193037563;True
4077;Kepler-55 Af;Kepler-55 A;6.841013193037563;True
4078;Kepler-560 Bb;Kepler-560 B;207.31165669432153;True
4079;Kepler-561 b;Kepler-561;1.327769719171929;True
4080;Kepler-561 c;Kepler-561;1.327769719171929;True
4081;Kepler-562 b;Kepler-562;7.627834124351347;True
4082;Kepler-563 b;Kepler-563;2.375656195378466;True
4083;Kepler-564 b;Kepler-564;72.72918115083712;True
4084;Kepler-565 Ab;Kepler-565 A;3.601350877968173;True
4085;Kepler-566 b;Kepler-566;3.273759235933418;True
4086;Kepler-567 b;Kepler-567;8.409763187000474;True
4087;Kepler-568 b;Kepler-568;163.41111394761816;True
4088;Kepler-569 b;Kepler-569;1.4559390558717729;True
4089;Kepler-56 b;Kepler-56;14.556807376515607;True
4090;Kepler-56 c;Kepler-56;14.556807376515607;True
4091;Kepler-56 d;Kepler-56;14.556807376515607;True
4092;Kepler-570 b;Kepler-570;23.84926785779609;True
4093;Kepler-571 b;Kepler-571;15.284158110048482;True
4094;Kepler-572 b;Kepler-572;18.22359904759005;True
4095;Kepler-573 b;Kepler-573;1.9312283737563256;True
4096;Kepler-574 b;Kepler-574;9.830114155969795;True
4097;Kepler-575 b;Kepler-575;1.327769719171929;True
4098;Kepler-576 b;Kepler-576;3.601350877968173;True
4099;Kepler-577 b;Kepler-577;16.92044410683666;True
4100;Kepler-578 b;Kepler-578;3.6400462484835088;True
4101;Kepler-579 b;Kepler-579;3.656020841807751;True
4102;Kepler-57 b;Kepler-57;3.4867227083730925;True
4103;Kepler-57 c;Kepler-57;3.4867227083730925;True
4104;Kepler-580 b;Kepler-580;17.670598872816466;True
4105;Kepler-581 b;Kepler-581;4.6599299739100495;True
4106;Kepler-582 b;Kepler-582;8.578255163100529;True
4107;Kepler-583 b;Kepler-583;25.342865986847627;True
4108;Kepler-584 b;Kepler-584;6.502423575301975;True
4109;Kepler-585 b;Kepler-585;1.770912169470917;True
4110;Kepler-586 b;Kepler-586;2.4182668113772454;True
4111;Kepler-587 b;Kepler-587;6.689292803209044;True
4112;Kepler-588 b;Kepler-588;3.667916498166737;True
4113;Kepler-589 Ab;Kepler-589 A;5.329838168684424;True
4114;Kepler-589 Ac;Kepler-589 A;5.329838168684424;True
4115;Kepler-58 b;Kepler-58;1.3947065215413126;True
4116;Kepler-58 c;Kepler-58;1.3947065215413126;True
4117;Kepler-58 d;Kepler-58;1.3947065215413126;True
4118;Kepler-58 e;Kepler-58;1.3947065215413126;True
4119;Kepler-590 b;Kepler-590;4.423089411397942;True
4120;Kepler-591 b;Kepler-591;3.065925538963944;True
4121;Kepler-592 b;Kepler-592;4.068353012669964;True
4122;Kepler-593 b;Kepler-593;2.4922285867749663;True
4123;Kepler-594 b;Kepler-594;42.51901791638067;True
4124;Kepler-595 b;Kepler-595;1.7523391609049308;True
4125;Kepler-595 c;Kepler-595;1.7523391609049308;True
4126;Kepler-596 b;Kepler-596;2.3347274566272285;True
4127;Kepler-597 b;Kepler-597;1.327769719171929;True
4128;Kepler-598 b;Kepler-598;1.4576492667223953;True
4129;Kepler-598 c;Kepler-598;1.4576492667223953;True
4130;Kepler-599 b;Kepler-599;20.869766149360267;True
4131;Kepler-59 b;Kepler-59;1.7748285550919147;True
4132;Kepler-59 c;Kepler-59;1.7748285550919147;True
4133;Kepler-5 b;Kepler-5;18.70524686849204;True
4134;Kepler-600 b;Kepler-600;8.457259480804105;True
4135;Kepler-601 b;Kepler-601;1.4559390558717729;True
4136;Kepler-602 b;Kepler-602;5.235716180788548;True
4137;Kepler-603 Ab;Kepler-603 A;4.263827257032779;True
4138;Kepler-603 Ac;Kepler-603 A;4.263827257032779;True
4139;Kepler-603 Ad;Kepler-603 A;4.263827257032779;True
4140;Kepler-604 b;Kepler-604;5.099988492294524;True
4141;Kepler-605 Ab;Kepler-605 A;23.441154879711377;True
4142;Kepler-605 Ac;Kepler-605 A;23.441154879711377;True
4143;Kepler-606 b;Kepler-606;2.2579735011659787;True
4144;Kepler-607 b;Kepler-607;2.655368324786669;True
4145;Kepler-607 c;Kepler-607;2.655368324786669;True
4146;Kepler-608 b;Kepler-608;1.3676229494058674;True
4147;Kepler-609 b;Kepler-609;7.725108354169397;True
4148;Kepler-60 b;Kepler-60;2.5632799383375446;True
4149;Kepler-60 c;Kepler-60;2.5632799383375446;True
4150;Kepler-60 d;Kepler-60;2.5632799383375446;True
4151;Kepler-610 b;Kepler-610;1.6408041023629238;True
4152;Kepler-610 c;Kepler-610;1.6408041023629238;True
4153;Kepler-611 b;Kepler-611;1.6912228732794197;True
4154;Kepler-612 b;Kepler-612;3.656020841807751;True
4155;Kepler-613 b;Kepler-613;3.601350877968173;True
4156;Kepler-614 Ab;Kepler-614 A;5.329838168684424;True
4157;Kepler-615 Ab;Kepler-615 A;5.682970945467606;True
4158;Kepler-616 b;Kepler-616;1.4153038085940812;True
4159;Kepler-616 c;Kepler-616;1.4153038085940812;True
4160;Kepler-616 d;Kepler-616;1.4153038085940812;True
4161;Kepler-617 b;Kepler-617;219.74315300565448;True
4162;Kepler-618 b;Kepler-618;1.6663383469595976;True
4163;Kepler-619 b;Kepler-619;1.6912228732794197;True
4164;Kepler-619 c;Kepler-619;1.6912228732794197;True
4165;Kepler-619 d;Kepler-619;1.6912228732794197;True
4166;Kepler-61 Ab;Kepler-61 A;210.53773353890645;True
4167;Kepler-620 b;Kepler-620;2.4991091670964893;True
4168;Kepler-621 Ab;Kepler-621 A;2.9537341623346527;True
4169;Kepler-622 b;Kepler-622;23.15821014817357;True
4170;Kepler-623 b;Kepler-623;16.78205770609162;True
4171;Kepler-624 b;Kepler-624;1.0477858298976432;True
4172;Kepler-625 b;Kepler-625;2.072214220842012;True
4173;Kepler-625 c;Kepler-625;2.072214220842012;True
4174;Kepler-626 Ab;Kepler-626 A;4.481705126605875;True
4175;Kepler-627 b;Kepler-627;1.836827015526608;True
4176;Kepler-629 b;Kepler-629;6.088623478996027;True
4177;Kepler-62 b;Kepler-62;24.364960739242928;True
4178;Kepler-62 c;Kepler-62;24.364960739242928;True
4179;Kepler-62 d;Kepler-62;24.364960739242928;True
4180;Kepler-62 e;Kepler-62;24.364960739242928;True
4181;Kepler-62 f;Kepler-62;24.364960739242928;True
4182;Kepler-630 b;Kepler-630;1.0632674837963303;True
4183;Kepler-631 b;Kepler-631;3.579413150558897;True
4184;Kepler-632 Ab;Kepler-632 A;13.277890970683725;True
4185;Kepler-633 b;Kepler-633;2.066145511152086;True
4186;Kepler-633 c;Kepler-633;2.066145511152086;True
4187;Kepler-634 b;Kepler-634;2.072399039198528;True
4188;Kepler-635 b;Kepler-635;12.064790071713082;True
4189;Kepler-636 Ab;Kepler-636 A;7.772169827413365;True
4190;Kepler-637 b;Kepler-637;106.07525941339996;True
4191;Kepler-638 b;Kepler-638;2.655368324786669;True
4192;Kepler-639 b;Kepler-639;1.355679820588617;True
4193;Kepler-63 b;Kepler-63;6.095157800111858;True
4194;Kepler-640 b;Kepler-640;1.2805701776001888;True
4195;Kepler-641 b;Kepler-641;2.066145511152086;True
4196;Kepler-642 b;Kepler-642;7.156944741537693;True
4197;Kepler-643 b;Kepler-643;1.5392271397582211;True
4198;Kepler-644 b;Kepler-644;17.606933533678937;True
4199;Kepler-645 Ab;Kepler-645 A;2.2579735011659787;True
4200;Kepler-646 b;Kepler-646;3.414828762364715;True
4201;Kepler-647 b;Kepler-647;2.5632799383375446;True
4202;Kepler-647 c;Kepler-647;2.5632799383375446;True
4203;Kepler-648 b;Kepler-648;77.33355431678694;True
4204;Kepler-649 Ab;Kepler-649 A;3.318348746471478;True
4205;Kepler-64 (AB)b;Kepler-64 (AB);635.1216055348885;True
4206;Kepler-650 Ab;Kepler-650 A;10.511143614961323;True
4207;Kepler-651 b;Kepler-651;4.034591376391741;True
4208;Kepler-652 b;Kepler-652;2.4182668113772454;True
4209;Kepler-653 b;Kepler-653;2.6449304904347315;True
4210;Kepler-653 c;Kepler-653;2.6449304904347315;True
4211;Kepler-654 Ab;Kepler-654 A;4.067974707294332;True
4212;Kepler-655 b;Kepler-655;1.981053202080555;True
4213;Kepler-656 b;Kepler-656;2.655368324786669;True
4214;Kepler-656 c;Kepler-656;2.655368324786669;True
4215;Kepler-657 b;Kepler-657;2.2831933579947767;True
4216;Kepler-658 b;Kepler-658;116.09686751475463;True
4217;Kepler-659 b;Kepler-659;3.4867227083730925;True
4218;Kepler-65 b;Kepler-65;7.156944741537693;True
4219;Kepler-65 c;Kepler-65;7.156944741537693;True
4220;Kepler-65 d;Kepler-65;7.156944741537693;True
4221;Kepler-65 e;Kepler-65;7.156944741537693;True
4222;Kepler-660 b;Kepler-660;18.074969809835657;True
4223;Kepler-661 b;Kepler-661;3.200260771960673;True
4224;Kepler-662 Ab;Kepler-662 A;16.92044410683666;True
4225;Kepler-663 b;Kepler-663;6.844926010836627;True
4226;Kepler-664 b;Kepler-664;1.0703731359649238;True
4227;Kepler-665 b;Kepler-665;16.92044410683666;True
4228;Kepler-666 b;Kepler-666;5.536603988968387;True
4229;Kepler-667 b;Kepler-667;2.536789703633893;True
4230;Kepler-668 b;Kepler-668;14.051197398671858;True
4231;Kepler-669 b;Kepler-669;4.628930757435649;True
4232;Kepler-66 b;Kepler-66;1.6912228732794197;True
4233;Kepler-670 b;Kepler-670;6.894190651262958;True
4234;Kepler-671 b;Kepler-671;4.481705126605875;True
4235;Kepler-672 b;Kepler-672;9.830114155969795;True
4236;Kepler-673 b;Kepler-673;14.05048739431557;True
4237;Kepler-674 b;Kepler-674;75.7388243971009;True
4238;Kepler-675 b;Kepler-675;5.285512032455847;True
4239;Kepler-676 b;Kepler-676;267.25982797115915;True
4240;Kepler-677 b;Kepler-677;3.601350877968173;True
4241;Kepler-678 b;Kepler-678;1.7388877203625852;True
4242;Kepler-679 b;Kepler-679;3.959407428090981;True
4243;Kepler-67 b;Kepler-67;5.47472677061097;True
4244;Kepler-680 b;Kepler-680;12.314125099081464;True
4245;Kepler-681 b;Kepler-681;21.636701829550216;True
4246;Kepler-682 b;Kepler-682;15.284158110048482;True
4247;Kepler-683 b;Kepler-683;2.4182668113772454;True
4248;Kepler-684 b;Kepler-684;7.719246316017036;True
4249;Kepler-685 b;Kepler-685;23.90868594966984;True
4250;Kepler-686 b;Kepler-686;1.5165021271666368;True
4251;Kepler-687 b;Kepler-687;17.35889291402956;True
4252;Kepler-688 b;Kepler-688;3.601350877968173;True
4253;Kepler-689 b;Kepler-689;72.72918115083712;True
4254;Kepler-68 b;Kepler-68;1.1473266633912558;True
4255;Kepler-68 c;Kepler-68;1.1473266633912558;True
4256;Kepler-68 d;Kepler-68;1.1473266633912558;True
4257;Kepler-68 e;Kepler-68;1.1473266633912558;True
4258;Kepler-690 b;Kepler-690;22.772074700808098;True
4259;Kepler-691 b;Kepler-691;282.157279571445;True
4260;Kepler-692 b;Kepler-692;16.78205770609162;True
4261;Kepler-693 Ab;Kepler-693 A;19.142296530863288;True
4262;Kepler-694 b;Kepler-694;3.656020841807751;True
4263;Kepler-695 b;Kepler-695;3.185494632668543;True
4264;Kepler-696 b;Kepler-696;2.072214220842012;True
4265;Kepler-697 b;Kepler-697;15.284158110048482;True
4266;Kepler-698 b;Kepler-698;9.830114155969795;True
4267;Kepler-69 b;Kepler-69;3.185494632668544;True
4268;Kepler-69 c;Kepler-69;3.185494632668544;True
4269;Kepler-6 b;Kepler-6;1.7388469057368796;True
4270;Kepler-700 b;Kepler-700;3.656020841807751;True
4271;Kepler-701 b;Kepler-701;14.05048739431557;True
4272;Kepler-702 b;Kepler-702;2.332374128527533;True
4273;Kepler-703 b;Kepler-703;5.552611742757164;True
4274;Kepler-704 b;Kepler-704;4.481705126605875;True
4275;Kepler-705 b;Kepler-705;282.157279571445;True
4276;Kepler-707 b;Kepler-707;15.265675856953466;True
4277;Kepler-708 b;Kepler-708;1.543913038078952;True
4278;Kepler-709 b;Kepler-709;41.761911583959794;True
4279;Kepler-70 b;Kepler-70;126.86061369189342;True
4280;Kepler-70 c;Kepler-70;126.86061369189342;True
4281;Kepler-710 b;Kepler-710;6.095157800111858;True
4282;Kepler-711 b;Kepler-711;8.415410129786176;True
4283;Kepler-712 b;Kepler-712;3.185494632668544;True
4284;Kepler-712 c;Kepler-712;3.185494632668544;True
4285;Kepler-713 b;Kepler-713;5.104663917703318;True
4286;Kepler-714 b;Kepler-714;7.725108354169397;True
4287;Kepler-715 b;Kepler-715;5.766070680169536;True
4288;Kepler-716 b;Kepler-716;4.673628784315147;True
4289;Kepler-716 c;Kepler-716;4.673628784315147;True
4290;Kepler-717 b;Kepler-717;17.059078348995936;True
4291;Kepler-718 b;Kepler-718;5.535715109855702;True
4292;Kepler-719 b;Kepler-719;3.601350877968173;True
4293;Kepler-71 b;KOI-217;17.059078348995936;True
4294;Kepler-720 b;Kepler-720;9.830114155969795;True
4295;Kepler-721 b;Kepler-721;3.687635600821907;True
4296;Kepler-722 b;Kepler-722;5.536603988968383;True
4297;Kepler-722 c;Kepler-722;5.536603988968383;True
4298;Kepler-723 b;Kepler-723;1.7523391609049308;True
4299;Kepler-724 b;Kepler-724;3.2407678895877603;True
4300;Kepler-725 b;Kepler-725;6.689292803209044;True
4301;Kepler-725 c;Kepler-725;6.689292803209044;True
4302;Kepler-726 b;Kepler-726;43.77338947822833;True
4303;Kepler-727 b;Kepler-727;2.718232168369556;True
4304;Kepler-728 b;Kepler-728;5.705295319516248;True
4305;Kepler-729 b;Kepler-729;2.4182668113772454;True
4306;Kepler-730 b;Kepler-730;2.072214220842012;True
4307;Kepler-730 c;Kepler-730;2.072214220842012;True
4308;Kepler-731 b;Kepler-731;12.521637246883753;True
4309;Kepler-732 b;Kepler-732;186.417278834136;True
4310;Kepler-732 c;Kepler-732;186.417278834136;True
4311;Kepler-733 b;Kepler-733;2.9722199168975747;True
4312;Kepler-734 b;Kepler-734;19.23670286470364;True
4313;Kepler-735 b;Kepler-735;1.944470341713428;True
4314;Kepler-736 b;Kepler-736;5.225446657870149;True
4315;Kepler-737 b;Kepler-737;300.64396587753333;True
4316;Kepler-738 b;Kepler-738;2.655368324786669;True
4317;Kepler-739 b;Kepler-739;7.780402762633943;True
4318;Kepler-740 b;Kepler-740;17.059078348995936;True
4319;Kepler-741 b;Kepler-741;0.9538668676984222;True
4320;Kepler-742 b;Kepler-742;5.682970945467606;True
4321;Kepler-743 Ab;Kepler-743 A;23.84926785779609;True
4322;Kepler-744 Ab;Kepler-744 A;9.830114155969795;True
4323;Kepler-745 b;Kepler-745;1.770912169470917;True
4324;Kepler-746 Ab;Kepler-746 A;17.33272561602602;True
4325;Kepler-748 b;Kepler-748;1.8821461724076851;True
4326;Kepler-749 b;Kepler-749;17.743918010008354;True
4327;Kepler-74 b;Kepler-74;5.195785013632331;True
4328;Kepler-750 b;Kepler-750;1.229238926205652;True
4329;Kepler-750 c;Kepler-750;1.229238926205652;True
4330;Kepler-751 b;Kepler-751;55.76513182210859;True
4331;Kepler-752 b;Kepler-752;14.051197398671858;True
4332;Kepler-753 b;Kepler-753;35.52257580861464;True
4333;Kepler-754 b;Kepler-754;1.6408041023629238;True
4334;Kepler-755 Ab;Kepler-755 A;9.746335791333893;True
4335;Kepler-755 Ac;Kepler-755 A;9.746335791333893;True
4336;Kepler-756 b;Kepler-756;21.760271134061572;True
4337;Kepler-757 b;Kepler-757;1.6470097370557086;True
4338;Kepler-758 b;Kepler-758;3.9025370869134695;True
4339;Kepler-758 c;Kepler-758;3.9025370869134695;True
4340;Kepler-758 d;Kepler-758;3.9025370869134695;True
4341;Kepler-758 e;Kepler-758;3.9025370869134695;True
4342;Kepler-759 Ab;Kepler-759 A;4.067974707294332;True
4343;Kepler-75 b;Kepler-75;1.835934560913967;True
4344;Kepler-760 b;Kepler-760;2.9722199168975747;True
4345;Kepler-760 c;Kepler-760;2.9722199168975747;True
4346;Kepler-761 b;Kepler-761;6.539013036790847;True
4347;Kepler-762 b;Kepler-762;6.034862993653335;True
4348;Kepler-763 b;Kepler-763;16.538372956788532;True
4349;Kepler-763 c;Kepler-763;16.538372956788532;True
4350;Kepler-763 d;Kepler-763;16.538372956788532;True
4351;Kepler-764 b;Kepler-764;15.284158110048482;True
4352;Kepler-765 b;Kepler-765;4.244313557205995;True
4353;Kepler-766 b;Kepler-766;7.574158889223536;True
4354;Kepler-767 b;Kepler-767;1.6912834501112577;True
4355;Kepler-768 Ab;Kepler-768 A;11.2882093782997;True
4356;Kepler-769 b;Kepler-769;5.535715109855702;True
4357;Kepler-769 c;Kepler-769;5.535715109855702;True
4358;Kepler-76 b;Kepler-76;7.156944741537693;True
4359;Kepler-770 b;Kepler-770;2.4182668113772454;True
4360;Kepler-770 c;Kepler-770;2.4182668113772454;True
4361;Kepler-770 d;Kepler-770;2.4182668113772454;True
4362;Kepler-771 b;Kepler-771;2.5632799383375446;True
4363;Kepler-772 b;Kepler-772;5.386764693410121;True
4364;Kepler-773 Ab;Kepler-773 A;3.601350877968172;True
4365;Kepler-774 b;Kepler-774;28.063451429943697;True
4366;Kepler-775 b;Kepler-775;8.57825516310053;True
4367;Kepler-776 b;Kepler-776;16.538372956788532;True
4368;Kepler-777 b;Kepler-777;125.0109445032922;True
4369;Kepler-778 b;Kepler-778;12.544510399341556;True
4370;Kepler-779 Ab;Kepler-779 A;43.36505812342046;True
4371;Kepler-77 b;Kepler-77;2.4182668113772454;True
4372;Kepler-780 Ab;Kepler-780 A;4.6599299739100495;True
4373;Kepler-781 b;Kepler-781;5.036108172152027;True
4374;Kepler-782 Ab;Kepler-782 A;3.601350877968173;True
4375;Kepler-783 Ab;Kepler-783 A;23.84926785779609;True
4376;Kepler-783 Ac;Kepler-783 A;23.84926785779609;True
4377;Kepler-784 b;Kepler-784;1.5392271397582211;True
4378;Kepler-784 c;Kepler-784;1.5392271397582211;True
4379;Kepler-785 b;Kepler-785;35.38077612950864;True
4380;Kepler-786 b;Kepler-786;5.474166188151881;True
4381;Kepler-787 b;Kepler-787;46.96989265503597;True
4382;Kepler-788 b;Kepler-788;5.195785013632331;True
4383;Kepler-789 b;Kepler-789;3.667916498166737;True
4384;Kepler-78 Ab;Kepler-78 A;21.51336628104559;True
4385;Kepler-790 b;Kepler-790;3.687635600821907;True
4386;Kepler-791 b;Kepler-791;16.31426928662606;True
4387;Kepler-792 b;Kepler-792;1.6470097370557086;True
4388;Kepler-793 b;Kepler-793;3.601350877968173;True
4389;Kepler-794 b;Kepler-794;1.7388469057368796;True
4390;Kepler-795 Ab;Kepler-795 A;4.481705126605875;True
4391;Kepler-796 b;Kepler-796;7.627834124351343;True
4392;Kepler-797 b;Kepler-797;1.5522501543080116;True
4393;Kepler-798 b;Kepler-798;5.195785013632331;True
4394;Kepler-799 Ab;Kepler-799 A;6.539013036790847;True
4395;Kepler-799 Ac;Kepler-799 A;6.539013036790847;True
4396;Kepler-79 b;Kepler-79;9.09314061988248;True
4397;Kepler-79 c;Kepler-79;9.09314061988248;True
4398;Kepler-79 d;Kepler-79;9.09314061988248;True
4399;Kepler-79 e;Kepler-79;9.09314061988248;True
4400;Kepler-7 b;Kepler-7;1.791156221533359;True
4401;Kepler-800 b;Kepler-800;2.655368324786669;True
4402;Kepler-801 b;Kepler-801;73.0596328742218;True
4403;Kepler-802 b;Kepler-802;1.7523391609049308;True
4404;Kepler-803 b;Kepler-803;3.161103596085283;True
4405;Kepler-804 b;Kepler-804;1.3947065215413126;True
4406;Kepler-804 c;Kepler-804;1.3947065215413126;True
4407;Kepler-805 b;Kepler-805;4.890289958246936;True
4408;Kepler-806 b;Kepler-806;6.894190651262958;True
4409;Kepler-808 Ab;Kepler-808 A;52.644061842616026;True
4410;Kepler-809 b;Kepler-809;3.601350877968173;True
4411;Kepler-80 b;Kepler-80;18.074969809835657;True
4412;Kepler-80 c;Kepler-80;18.074969809835657;True
4413;Kepler-80 d;Kepler-80;18.074969809835657;True
4414;Kepler-80 e;Kepler-80;18.074969809835657;True
4415;Kepler-80 f;Kepler-80;18.074969809835657;True
4416;Kepler-80 g;Kepler-80;18.074969809835657;True
4417;Kepler-810 b;Kepler-810;9.461653274009825;True
4418;Kepler-811 b;Kepler-811;1.0703731359649238;True
4419;Kepler-812 b;Kepler-812;142.1852918777508;True
4420;Kepler-813 b;Kepler-813;2.5228429226352698;True
4421;Kepler-814 b;Kepler-814;7.139868619583382;True
4422;Kepler-815 b;Kepler-815;2.371512446515341;True
4423;Kepler-816 b;Kepler-816;5.329838168684424;True
4424;Kepler-817 b;Kepler-817;5.536603988968383;True
4425;Kepler-818 b;Kepler-818;9.606668396464851;True
4426;Kepler-819 b;Kepler-819;8.262303912183976;True
4427;Kepler-81 b;Kepler-81;73.0596328742218;True
4428;Kepler-81 c;Kepler-81;73.0596328742218;True
4429;Kepler-81 d;Kepler-81;73.0596328742218;True
4430;Kepler-820 b;Kepler-820;8.444700069417916;True
4431;Kepler-821 b;Kepler-821;4.455540252464051;True
4432;Kepler-822 b;Kepler-822;0.9194554769061424;True
4433;Kepler-823 b;Kepler-823;3.065925538963944;True
4434;Kepler-824 b;Kepler-824;4.628930757435649;True
4435;Kepler-825 b;Kepler-825;4.625516283420242;True
4436;Kepler-825 c;Kepler-825;4.625516283420242;True
4437;Kepler-826 b;Kepler-826;3.1611035960852822;True
4438;Kepler-827 b;Kepler-827;13.669985527441874;True
4439;Kepler-828 b;Kepler-828;3.110669170956403;True
4440;Kepler-829 b;Kepler-829;3.656020841807751;True
4441;Kepler-82 b;Kepler-82;6.689292803209044;True
4442;Kepler-82 c;Kepler-82;6.689292803209044;True
4443;Kepler-82 d;Kepler-82;6.689292803209044;True
4444;Kepler-82 e;Kepler-82;6.689292803209044;True
4445;Kepler-82 f;Kepler-82;6.689292803209044;True
4446;Kepler-830 b;Kepler-830;9.29689518431462;True
4447;Kepler-831 b;Kepler-831;1.0703731359649238;True
4448;Kepler-832 b;Kepler-832;13.669985527441874;True
4449;Kepler-833 b;Kepler-833;11.48896608295883;True
4450;Kepler-834 b;Kepler-834;21.065770580559768;True
4451;Kepler-835 b;Kepler-835;1.7879722913198033;True
4452;Kepler-836 b;Kepler-836;2.2831933579947767;True
4453;Kepler-837 b;Kepler-837;3.687635600821907;True
4454;Kepler-838 b;Kepler-838;2.9050749928863904;True
4455;Kepler-839 b;Kepler-839;1.5502047069679092;True
4456;Kepler-83 Ab;Kepler-83 A;130.2238682025238;True
4457;Kepler-83 Ac;Kepler-83 A;130.2238682025238;True
4458;Kepler-83 Ad;Kepler-83 A;130.2238682025238;True
4459;Kepler-841 b;Kepler-841;11.400479062873927;True
4460;Kepler-842 b;Kepler-842;17.06401145558363;True
4461;Kepler-843 b;Kepler-843;1.3139343231119989;True
4462;Kepler-844 b;Kepler-844;216.1166403364356;True
4463;Kepler-845 b;Kepler-845;5.035592501868984;True
4464;Kepler-846 b;Kepler-846;9.830114155969795;True
4465;Kepler-847 Ab;Kepler-847 A;4.648267371197965;True
4466;Kepler-848 b;Kepler-848;1.770912169470917;True
4467;Kepler-849 b;Kepler-849;1.542250431078263;True
4468;Kepler-84 Ab;Kepler-84 A;3.667916498166737;True
4469;Kepler-84 Ac;Kepler-84 A;3.667916498166737;True
4470;Kepler-84 Ad;Kepler-84 A;3.667916498166737;True
4471;Kepler-84 Ae;Kepler-84 A;3.667916498166737;True
4472;Kepler-84 Af;Kepler-84 A;3.667916498166737;True
4473;Kepler-850 b;Kepler-850;6.034862993653333;True
4474;Kepler-851 b;Kepler-851;42.41440732602576;True
4475;Kepler-852 b;Kepler-852;7.156944741537693;True
4476;Kepler-853 b;Kepler-853;6.0301646114347065;True
4477;Kepler-855 b;Kepler-855;9.461653274009825;True
4478;Kepler-856 b;Kepler-856;1.3277697191719289;True
4479;Kepler-857 b;Kepler-857;4.6599299739100495;True
4480;Kepler-858 b;Kepler-858;3.9101682568425087;True
4481;Kepler-859 b;Kepler-859;5.036108172152027;True
4482;Kepler-85 b;Kepler-85;3.9101682568425087;True
4483;Kepler-85 c;Kepler-85;3.9101682568425087;True
4484;Kepler-85 d;Kepler-85;3.9101682568425087;True
4485;Kepler-85 e;Kepler-85;3.9101682568425087;True
4486;Kepler-860 b;Kepler-860;1.2756574736348056;True
4487;Kepler-861 b;Kepler-861;3.2737592359334173;True
4488;Kepler-862 Ab;Kepler-862 A;8.44762999931936;True
4489;Kepler-863 b;Kepler-863;3.902981149650852;True
4490;Kepler-864 b;Kepler-864;1.4153038085940812;True
4491;Kepler-864 c;Kepler-864;1.4153038085940812;True
4492;Kepler-865 b;Kepler-865;5.329838168684424;True
4493;Kepler-865 c;Kepler-865;5.329838168684424;True
4494;Kepler-866 b;Kepler-866;4.648267371197965;True
4495;Kepler-867 Ab;Kepler-867 A;15.284158110048482;True
4496;Kepler-868 b;Kepler-868;13.669985527441874;True
4497;Kepler-869 Ab;Kepler-869 A;3.065925538963944;True
4498;Kepler-86 b;Kepler-86;2.536789703633894;True
4499;Kepler-870 b;Kepler-870;1.6912228732794197;True
4500;Kepler-871 b;Kepler-871;4.423089411397942;True
4501;Kepler-872 b;Kepler-872;4.244313557205995;True
4502;Kepler-873 b;Kepler-873;1.121709366362818;True
4503;Kepler-874 b;Kepler-874;3.9536315692802257;True
4504;Kepler-875 b;Kepler-875;6.034862993653335;True
4505;Kepler-876 b;Kepler-876;44.86730482259857;True
4506;Kepler-877 b;Kepler-877;4.196199360310874;True
4507;Kepler-878 Ab;Kepler-878 A;39.52458913264877;True
4508;Kepler-879 b;Kepler-879;1.0703731359649238;True
4509;Kepler-87 b;Kepler-87;1.6470097370557086;True
4510;Kepler-87 c;Kepler-87;1.6470097370557086;True
4511;Kepler-880 Ab;Kepler-880 A;23.261466300474503;True
4512;Kepler-880 Ac;Kepler-880 A;23.261466300474503;True
4513;Kepler-881 b;Kepler-881;3.2143547380918913;True
4514;Kepler-882 b;Kepler-882;2.536789703633893;True
4515;Kepler-883 b;Kepler-883;2.5375802975927164;True
4516;Kepler-884 Ab;Kepler-884 A;4.263827257032779;True
4517;Kepler-885 b;Kepler-885;3.665294060401308;True
4518;Kepler-886 b;Kepler-886;2.371512446515341;True
4519;Kepler-887 b;Kepler-887;5.552611742757164;True
4520;Kepler-887 c;Kepler-887;5.552611742757164;True
4521;Kepler-888 b;Kepler-888;3.414828762364715;True
4522;Kepler-889 b;Kepler-889;0.9538668676984222;True
4523;Kepler-88 b;Kepler-88;1.0632674837963303;True
4524;Kepler-88 c;Kepler-88;1.0632674837963303;True
4525;Kepler-88 d;Kepler-88;1.0632674837963303;True
4526;Kepler-890 b;Kepler-890;7.725108354169397;True
4527;Kepler-891 b;Kepler-891;5.621770178859459;True
4528;Kepler-892 b;Kepler-892;4.648267371197965;True
4529;Kepler-893 b;Kepler-893;6.894190651262958;True
4530;Kepler-894 b;Kepler-894;3.6322122578179066;True
4531;Kepler-895 b;Kepler-895;11.48896608295883;True
4532;Kepler-896 b;Kepler-896;1.4576492667223953;True
4533;Kepler-897 b;Kepler-897;9.461653274009825;True
4534;Kepler-898 b;Kepler-898;86.31470575010276;True
4535;Kepler-899 b;Kepler-899;2.0660544383663955;True
4536;Kepler-89 Ab;Kepler-89 A;5.535715109855702;True
4537;Kepler-89 Ac;Kepler-89 A;5.535715109855702;True
4538;Kepler-89 Ad;Kepler-89 A;5.535715109855702;True
4539;Kepler-89 Ae;Kepler-89 A;5.535715109855702;True
4540;Kepler-8 b;Kepler-8;13.171681072006582;True
4541;Kepler-900 Ab;Kepler-900 A;5.682970945467606;True
4542;Kepler-901 b;Kepler-901;57.182683415826006;True
4543;Kepler-902 b;Kepler-902;1.770912169470917;True
4544;Kepler-903 b;Kepler-903;1.327769719171929;True
4545;Kepler-903 c;Kepler-903;1.327769719171929;True
4546;Kepler-904 b;Kepler-904;2.4991091670964893;True
4547;Kepler-905 b;Kepler-905;8.082724784603418;True
4548;Kepler-906 b;Kepler-906;2.248579844717407;True
4549;Kepler-907 Ab;Kepler-907 A;4.79544752799751;True
4550;Kepler-908 Ab;Kepler-908 A;13.277890970683725;True
4551;Kepler-909 b;Kepler-909;2.5614068876808287;True
4552;Kepler-90 b;Kepler-90;1.121709366362818;True
4553;Kepler-90 c;Kepler-90;1.121709366362818;True
4554;Kepler-90 d;Kepler-90;1.121709366362818;True
4555;Kepler-90 e;Kepler-90;1.121709366362818;True
4556;Kepler-90 f;Kepler-90;1.121709366362818;True
4557;Kepler-90 g;Kepler-90;1.121709366362818;True
4558;Kepler-90 h;Kepler-90;1.121709366362818;True
4559;Kepler-90 i;Kepler-90;1.121709366362818;True
4560;Kepler-910 b;Kepler-910;7.188940226743326;True
4561;Kepler-911 b;Kepler-911;4.772825767833327;True
4562;Kepler-912 b;Kepler-912;2.072214220842012;True
4563;Kepler-913 b;Kepler-913;2.2029911762346392;True
4564;Kepler-913 c;Kepler-913;2.2029911762346392;True
4565;Kepler-914 b;Kepler-914;1.3266119383763764;True
4566;Kepler-915 b;Kepler-915;5.584409909239751;True
4567;Kepler-916 b;Kepler-916;7.225239856936161;True
4568;Kepler-917 b;Kepler-917;32.80935219190646;True
4569;Kepler-918 b;Kepler-918;4.535109572925661;True
4570;Kepler-919 b;Kepler-919;2.185931684207305;True
4571;Kepler-91 b;Kepler-91;3.9706123454562903;True
4572;Kepler-920 b;Kepler-920;20.939434016150457;True
4573;Kepler-920 c;Kepler-920;20.939434016150457;True
4574;Kepler-921 b;Kepler-921;9.606668396464851;True
4575;Kepler-922 b;Kepler-922;4.034591376391741;True
4576;Kepler-923 b;Kepler-923;2.6625550400325597;True
4577;Kepler-924 b;Kepler-924;4.604096989331091;True
4578;Kepler-925 b;Kepler-925;6.792025798100383;True
4579;Kepler-926 Ab;Kepler-926;4.263827257032779;True
4580;Kepler-927 b;Kepler-927;3.601350877968173;True
4581;Kepler-928 Ab;Kepler-928 A;5.682970945467606;True
4582;Kepler-929 b;Kepler-929;2.9050749928863904;True
4583;Kepler-92 Ab;Kepler-92 A;10.269026909583854;True
4584;Kepler-92 Ac;Kepler-92 A;10.269026909583854;True
4585;Kepler-92 Ad;Kepler-92 A;10.269026909583854;True
4586;Kepler-930 Ab;Kepler-930 A;7.087369395809489;True
4587;Kepler-931 Ab;Kepler-931 A;6.844926010836627;True
4588;Kepler-932 b;Kepler-932;3.1354236657253387;True
4589;Kepler-933 b;Kepler-933;14.051197398671858;True
4590;Kepler-934 b;Kepler-934;4.4195127867930415;True
4591;Kepler-935 b;Kepler-935;5.606526379722544;True
4592;Kepler-936 Ab;Kepler-936 A;42.51901791638067;True
4593;Kepler-937 b;Kepler-937;1.9391192754980224;True
4594;Kepler-937 c;Kepler-937;1.9391192754980224;True
4595;Kepler-938 b;Kepler-938;1.7388877203625852;True
4596;Kepler-939 b;Kepler-939;6.095157800111858;True
4597;Kepler-93 b;Kepler-93;1.1473266633912558;True
4598;Kepler-93 c;Kepler-93;1.1473266633912558;True
4599;Kepler-940 b;Kepler-940;4.41439427929796;True
4600;Kepler-941 b;Kepler-941;3.2407678895877603;True
4601;Kepler-942 b;Kepler-942;5.036108172152027;True
4602;Kepler-943 b;Kepler-943;13.669985527441874;True
4603;Kepler-944 b;Kepler-944;12.823430477065283;True
4604;Kepler-945 b;Kepler-945;3.656020841807751;True
4605;Kepler-946 b;Kepler-946;9.606668396464851;True
4606;Kepler-947 b;Kepler-947;76.93387780005828;True
4607;Kepler-948 b;Kepler-948;2.4182668113772454;True
4608;Kepler-949 b;Kepler-949;3.2183226258359334;True
4609;Kepler-949 c;Kepler-949;3.2183226258359334;True
4610;Kepler-94 b;Kepler-94;4.4195127867930415;True
4611;Kepler-94 c;Kepler-94;4.4195127867930415;True
4612;Kepler-950 b;Kepler-950;5.099988492294524;True
4613;Kepler-951 Ab;Kepler-951 A;17.35889291402956;True
4614;Kepler-952 b;Kepler-952;3.601350877968173;True
4615;Kepler-953 Ab;Kepler-953 A;23.84926785779609;True
4616;Kepler-953 Ac;Kepler-953 A;23.84926785779609;True
4617;Kepler-954 b;Kepler-954;13.81636933655006;True
4618;Kepler-955 b;Kepler-955;5.329838168684424;True
4619;Kepler-956 b;Kepler-956;2.6625550400325597;True
4620;Kepler-957 b;Kepler-957;154.01021557404357;True
4621;Kepler-958 b;Kepler-958;2.730409897426318;True
4622;Kepler-959 b;Kepler-959;91.47038499067467;True
4623;Kepler-960 b;Kepler-960;4.927757156105401;True
4624;Kepler-961 b;Kepler-961;1.770912169470917;True
4625;Kepler-962 b;Kepler-962;1.8053695116822115;True
4626;Kepler-963 b;Kepler-963;14.806830924778945;True
4627;Kepler-963 c;Kepler-963;14.806830924778945;True
4628;Kepler-964 b;Kepler-964;3.352157284758734;True
4629;Kepler-965 b;Kepler-965;2.2127098428706184;True
4630;Kepler-966 b;Kepler-966;1.2176027434829055;True
4631;Kepler-967 b;Kepler-967;35.38077612950864;True
4632;Kepler-967 c;Kepler-967;35.38077612950864;True
4633;Kepler-968 Ab;Kepler-968 A;5.682970945467606;True
4634;Kepler-968 Ac;Kepler-968 A;5.682970945467606;True
4635;Kepler-968 Ad;Kepler-968 A;5.682970945467606;True
4636;Kepler-969 b;Kepler-969;1.7523391609049308;True
4637;Kepler-969 c;Kepler-969;1.7523391609049308;True
4638;Kepler-96 b;Kepler-96;6.894190651262958;True
4639;Kepler-970 Bb;Kepler-970 B;17.670598872816466;True
4640;Kepler-971 Ab;Kepler-971 A;15.338824938241444;True
4641;Kepler-972 b;Kepler-972;13.171681072006582;True
4642;Kepler-973 Ab;Kepler-973 A;4.405545770709381;True
4643;Kepler-974 b;Kepler-974;290.185694170627;True
4644;Kepler-974 c;Kepler-974;290.185694170627;True
4645;Kepler-975 Ab;Kepler-975 A;18.590576465339264;True
4646;Kepler-975 Ac;Kepler-975 A;18.590576465339264;True
4647;Kepler-976 b;Kepler-976;2.9722199168975747;True
4648;Kepler-977 b;Kepler-977;14.92140641663308;True
4649;Kepler-978 b;Kepler-978;3.214354738091892;True
4650;Kepler-979 b;Kepler-979;16.538646400321632;True
4651;Kepler-97 Ab;Kepler-97 A;2.5228429226352698;True
4652;Kepler-97 Ac;Kepler-97 A;2.5228429226352698;True
4653;Kepler-980 b;Kepler-980;1.4372675944968345;True
4654;Kepler-981 b;Kepler-981;6.095157800111858;True
4655;Kepler-982 b;Kepler-982;1.121709366362818;True
4656;Kepler-983 Ab;Kepler-983 A;5.278505445729815;True
4657;Kepler-984 b;Kepler-984;1.4576492667223953;True
4658;Kepler-985 b;Kepler-985;4.148444628093995;True
4659;Kepler-986 b;Kepler-986;2.4182668113772454;True
4660;Kepler-987 b;Kepler-987;1.327769719171929;True
4661;Kepler-988 b;Kepler-988;42.30680775598657;True
4662;Kepler-989 b;Kepler-989;10.777025816192571;True
4663;Kepler-98 b;Kepler-98;1.327769719171929;True
4664;Kepler-990 b;Kepler-990;1.3139343231119989;True
4665;Kepler-990 c;Kepler-990;1.3139343231119989;True
4666;Kepler-991 b;Kepler-991;95.85284552684402;True
4667;Kepler-992 b;Kepler-992;5.057719803242407;True
4668;Kepler-993 b;Kepler-993;94.73759700627406;True
4669;Kepler-994 b;Kepler-994;62.15522421557628;True
4670;Kepler-995 b;Kepler-995;3.273759235933418;True
4671;Kepler-996 b;Kepler-996;3.9536315692802257;True
4672;Kepler-997 b;Kepler-997;3.665294060401308;True
4673;Kepler-998 b;Kepler-998;2.287420108547427;True
4674;Kepler-999 Ab;Kepler-999 A;9.6480632150689;True
4675;Kepler-99 Bb;Kepler-99 B;14.916820683045731;True
4676;Kepler-9 b;Kepler-9;2.6449304904347315;True
4677;Kepler-9 c;Kepler-9;2.6449304904347315;True
4678;Kepler-9 d;Kepler-9;2.6449304904347315;True
4679;KIC 10255705 b;KIC 10255705;1.6585004729791386;True
4680;KIC 11152511 b;KIC 11152511;35.50987774932887;True
4681;KIC 12454613 b;KIC 12454613;60.73839308318651;True
4682;KIC 3853259 (AB)b;KIC 3853259 (AB);4.936544213511961;True
4683;KIC 5010054 b;KIC 5010054;8.746107383904679;True
4684;KIC 5094412 b;KIC 5094412;1.4576492667223953;True
4685;KIC 5522786 b;KIC 5522786;962.4668377749024;True
4686;KIC 5732155 b;KIC 5732155;18.864831937798424;True
4687;KIC 6372194 b;KIC 6372194;93.618615039242;True
4688;KIC 7177553 (AB)b;KIC 7177553 (AB);4.244313557205995;True
4689;KIC 7821010 (AB)b;KIC 7821010 (AB);15.641806524525116;True
4690;KIC 9413313 b;KIC 9413313;19.72323373196163;True
4691;KIC 9662267 b;KIC 9662267;102.44851738609223;True
4692;KIC 9704149 b;KIC 9704149;102.44851738609223;True
4693;KMT-2016-BLG-0625 b;KMT-2016-BLG-0625;0.9861709475517273;True
4694;KMT-2016-BLG-1105 b;KMT-2016-BLG-1105;370.1112456561769;True
4695;KMT-2016-BLG-1107 b;KMT-2016-BLG-1107;512.390752545706;True
4696;KMT-2016-BLG-1397 b;KMT-2016-BLG-1397;174.5817020827828;True
4697;KMT-2016-BLG-1751;KMT-2016-BLG-1751;0.9861709475517273;True
4698;KMT-2016-BLG-1836L b;KMT-2016-BLG-1836L;31.07145517100759;True
4699;KMT-2016-BLG-2321 b;KMTNet-2016-BLG-2321;8.593028870185222;True
4700;KMT-2016-BLG-2364 b;KMT-2016-BLG-2364;474.53079190109696;True
4701;KMT-2016-BLG-2397 b;KMT-2016-BLG-2397;127.8781382594606;True
4702;KMT-2016-BLG-2605 b;KMT-2016-BLG-2605;2189.8635578489516;True
4703;KMT-2017-BLG-0165L b;KMT-2017-BLG-0165L;25.590894404507555;True
4704;KMT-2017-BLG-0428 b;KMT-2017-BLG-0428;821.7776611521247;True
4705;KMT-2017-BLG-0673L b;KMT-2017-BLG-0673L;75.31424512933485;True
4706;KMT-2017-BLG-0849 b;KMT-2017-BLG-0849;480.9922191457268;True
4707;KMT-2017-BLG-1003 b;KMT-2017-BLG-1003;201.43312644097745;True
4708;KMT-2017-BLG-1038 b;KMT-2017-BLG-1038;148.314362554932;True
4709;KMT-2017-BLG-1057 b;KMT-2017-BLG-1057;288.2701469133673;True
4710;KMT-2017-BLG-1146 b;KMT-2017-BLG-1146;638.4802758500366;True
4711;KMT-2017-BLG-1194 b;KMT-2017-BLG-1194;370.1112456561769;True
4712;KMT-2017-BLG-2197 b;KMT-2017-BLG-2197;342.4476418038473;True
4713;KMT-2017-BLG-2331 b;KMT-2017-BLG-2331;638.4802758500366;True
4714;KMT-2017-BLG-2509 b;KMT-2017-BLG-2509;212.05276827194817;True
4715;KMT-2018-BLG-0029L b;KMT-2018-BLG-0029;65.27520048431303;True
4716;KMT-2018-BLG-0030 b;KMT-2018-BLG-0030;173.95089261338677;True
4717;KMT-2018-BLG-0087 b;KMT-2018-BLG-0087;2047.63714724199;True
4718;KMT-2018-BLG-0247 b;KMT-2018-BLG-0247;317.71239249729604;True
4719;KMT-2018-BLG-0748 b;KMT-2018-BLG-0748;512.390752545706;True
4720;KMT-2018-BLG-1025L b;KMT-2018-BLG-1025L;789.5031938817121;True
4721;KMT-2018-BLG-1292L b;KMT-2018-BLG-1292L;115.88590104058264;True
4722;KMT-2018-BLG-1743 b;KMT-2018-BLG-1743;362.5411824930714;True
4723;KMT-2018-BLG-1976L b;KMT-2018-BLG-1976L;82.86888733089852;True
4724;KMT-2018-BLG-1988L b;KMT-2018-BLG-1988L;1087.6394459125636;True
4725;KMT-2018-BLG-1990L b;KMT-2018-BLG-1990L;1422.9369831370984;True
4726;KMT-2018-BLG-1996L b;KMT-2018-BLG-1996L;80.88520498633795;True
4727;KMT-2018-BLG-2004 b;KMT-2018-BLG-2004;80.88520498633795;True
4728;KMT-2018-BLG-2119 b;KMT-2018-BLG-2119;1200.0105957229323;True
4729;KMT-2018-BLG-2602 b;KMT-2018-BLG-2602;47.48229968532698;True
4730;KMT-2019-BLG-0253 b;KMT-2019-BLG-0253;65.27520048431303;True
4731;KMT-2019-BLG-0298 b;KMT-2019-BLG-0298;0.9861709475517273;True
4732;KMT-2019-BLG-0414L b;KMT-2019-BLG-0414;20.2970100800565;True
4733;KMT-2019-BLG-0578 b;KMT-2019-BLG-0578;486.5982965796743;True
4734;KMT-2019-BLG-0842 b;KMT-2019-BLG-0842;25.590894404507555;True
4735;KMT-2019-BLG-1042 b;KMT-2019-BLG-1042;362.5411824930714;True
4736;KMT-2019-BLG-1216 b;KMT-2019-BLG-1216;389.75763487053894;True
4737;KMT-2019-BLG-1339 b;KMT-2019-BLG-1339;254.534976739362;True
4738;KMT-2019-BLG-1367 b;KMT-2019-BLG-1367;956.5905370178396;True
4739;KMT-2019-BLG-1552 b;KMT-2019-BLG-1552;47.943635629962245;True
4740;KMT-2019-BLG-1715 b;KMT-2019-BLG-1715;25.590894404507555;True
4741;KMT-2019-BLG-1806 b;KMT-2019-BLG-1806;20.2970100800565;True
4742;KMT-2019-BLG-1953L b;KMT-2019-BLG-1953;147.2656539475442;True
4743;KMT-2019-BLG-1953L c;KMT-2019-BLG-1953;147.2656539475442;True
4744;KMT-2019-BLG-2783 b;KMT-219:BLG-2783;0.9861709475517273;True
4745;KMT-2019-BLG-2974 b;KMT-2019-BLG-2974;1087.6394459125636;True
4746;KMT-2020-BLG-0414L b;KMT-2020-BLG-0414L;31.07145517100759;True
4747;KMT-2020-BLG-0757 b;KMT-2020-BLG-0757;293.5623552323831;True
4748;KMT-2021-BLG-0119 b;KMT-2021-BLG-0119;0.9861709475517273;True
4749;KMT-2021-BLG-0171L b;KMT-2021-BLG-0171L;30.635919161164235;True
4750;KMT-2021-BLG-0192 b;KMT-2021-BLG-0192;638.4802758500366;True
4751;KMT-2021-BLG-0240 b;KMT-2021-BLG-0240;1087.6394459125636;True
4752;KMT-2021-BLG-0240 c;KMT-2021-BLG-0240;1087.6394459125636;True
4753;KMT-2021-BLG-0320 b;KMT-2021-BLG-0320;201.43312644097745;True
4754;KMT-2021-BLG-0322 b;KMT-2021-BLG-0322;0.9861709475517273;True
4755;KMT-2021-BLG-0712 b;KMT-2021-BLG-0712;789.5031938817121;True
4756;KMT-2021-BLG-0736 b;KMT-2021-BLG-0736;582.5323321455486;True
4757;KMT-2021-BLG-0748 b;KMT-2021-BLG-0748;342.4476418038473;True
4758;KMT-2021-BLG-0909 b;KMT-2021-BLG-0909;279.1532002295814;True
4759;KMT-2021-BLG-0912 b;KMT-2021-BLG-0912;11.186748410875778;True
4760;KMT-2021-BLG-1077L b;KMT-2021-BLG-1077L;1422.9369831370984;True
4761;KMT-2021-BLG-1077L c;KMT-2021-BLG-1077L;1422.9369831370984;True
4762;KMT-2021-BLG-1105 b;KMT-2021-BLG-1105;75.31424512933485;True
4763;KMT-2021-BLG-1150L b;KMT-2021-BLG-1150L;8.593028870185222;True
4764;KMT-2021-BLG-1253 b;KMT-2021-BLG-1253;1600.4238170607102;True
4765;KMT-2021-BLG-1303 b;KMT-2021-BLG-1303;288.2701469133673;True
4766;KMT-2021-BLG-1372 b;KMT-2021-BLG-1372;147.11280898970824;True
4767;KMT-2021-BLG-1391 b;KMT-2021-BLG-1391;487.8843803196499;True
4768;KMT-2021-BLG-1547L b;KMT-2021-BLG-1547L;15.54392883812428;True
4769;KMT-2021-BLG-1554 b;KMT-2021-BLG-1554;842.953236526825;True
4770;KMT-2021-BLG-1689L b;KMT-2021-BLG-1689L;293.5623552323831;True
4771;KMT-2021-BLG-1898 b;KMT-2021-BLG-1898;217.3645137549085;True
4772;KMT-2021-BLG-2010 b;KMT-2021-BLG-2010;487.8843803196499;True
4773;KMT-2021-BLG-2294 b;KMT-2021-BLG-2294;1034.367291494465;True
4774;KMT-2021-BLG-2478 b;KMT-2021-BLG-2478;1026.7042044199975;True
4775;KMT-2021-BLG-2609 b;KMT-2021-BLG-2609;805.1754219796485;True
4776;KMT-2022-BLG-0303 b;KMT-2022-BLG-0303;487.8843803196489;True
4777;KMT-2022-BLG-0371 b;KMT-2022-BLG-0371;75.31424512933485;True
4778;KMT-2022-BLG-0440L b;KMT-2022-BLG-0440L;281.6633331387259;True
4779;KMT-2022-BLG-0475 b;KMT-2022-BLG-0475;148.314362554932;True
4780;KMT-2022-BLG-0732 b;KMT-2022-BLG-0732;281.6633331387259;True
4781;KMT-2022-BLG-1013 b;KMT-2022-BLG-1013;0.9861709475517273;True
4782;KMT-2022-BLG-1480 b;KMT-2022-BLG-1480;489.7129936181675;True
4783;KMT-2022-BLG-1787 b;KMT-2022-BLG-1787;147.11280898970824;True
4784;KMT-2022-BLG-1790 b;KMT-2022-BLG-1790;293.5623552323831;True
4785;KMT-2022-BLG-1818L b;KMT-2022-BLG-1818L;362.5411824930714;True
4786;KMT-2022-BLG-1818L c;KMT-2022-BLG-1818L;362.5411824930714;True
4787;KMT-2022-BLG-1852 b;KMT-2022-BLG-1852;201.43312644097745;True
4788;KMT-2022-BLG-2076 b;KMT-2022-BLG-2076;70.62360216442178;True
4789;KMT-2023-BLG-0119 b;KMT-2023-BLG-0119;35.56499420128089;True
4790;KMT-2023-BLG-0416 b;KMT-2023-BLG-0416;71.83570414604698;True
4791;KMT-2023-BLG-0469 b;KMT-2023-BLG-0469;1087.6394459125636;True
4792;KMT-2023-BLG-0548 b;KMT-2023-BLG-0548;824.2817529174383;True
4793;KMT-2023-BLG-0735 b;KMT-2023-BLG-0735;71.83570414604698;True
4794;KMT-2023-BLG-0830 b;KMT-2023-BLG-0830;789.5031938817121;True
4795;KMT-2023-BLG-0949;KMT-2023-BLG-0949;217.3645137549085;True
4796;KMT-2023-BLG-1454 b;KMT-2023-BLG-1454;0.9861709475517273;True
4797;KMT-2023-BLG-1642 b;KMT-2023-BLG-1642;905.2310215641786;True
4798;KMT-2023-BLG-1866L b;KMT-2023-BLG-1866L;474.53079190109696;True
4799;KMT-2023-BLG-1896 b;KMT-2023-BLG-1896;15.54392883812428;True
4800;KMT-2023-BLG-2209 b;KMT-2023-BLG-2209;8.593028870185222;True
4801;KMT-2024-BLG-0404L b;KMT-2024-BLG-0404L;1169.3077286825735;True
4802;KMT-2024-BLG-1044 b;KMT-2024-BLG-1044;1371.84350921768;True
4803;KMT-2024-BLG-1209L b;KMT-2024-BLG-1209;11.43189345754312;True
4804;KMT-2024-BLG-1281 b;KMT-2024-BLG-1281;201.43312644097745;True
4805;KMT-2024-BLG-2059;KMT-2024-BLG-2059;173.95089261338677;True
4806;KMT-2024-BLG-2242;KMT-2024-BLG-2242;1314.4320036234271;True
4807;KOBE-1 b;KOBE-1;67.06285631337893;True
4808;KOBE-1 c;KOBE-1;67.06285631337893;True
4809;KOI-1066 b;KOI-1066;10.399733486190453;True
4810;KOI-134 b;KOI-134;1.3447113107923254;True
4811;KOI-134 c;KOI-134;1.3447113107923254;True
4812;KOI-212 b;KOI-212;1.0037499891430564;True
4813;KOI-2700 b;KOI-2700;7.766796816610809;True
4814;KOI-4427 Ab;KOI-4427 A;106.92843239565872;True
4815;KOI-4644 b;KOI-4644;11.330863999379098;True
4816;KOI-4878 b;KOI-4878;1.5165021271666368;True
4817;KOI-4896 b;2MASS J19233610+4844461;4.625516283420242;True
4818;KOI-4896 c;2MASS J19233610+4844461;4.625516283420242;True
4819;KOI-5372 b;2MASS J19334766+4244416;5.099988492294526;True
4820;KOI-5 b;KOI-5;9.008652714987122;True
4821;KOI-6256 b;KOI-6526;5.682970945467606;True
4822;KOI-6526 b;2MASS J19434782+4014521;17.606948137190688;True
4823;KOI-6532 b;LPI-7913;6.539013036790849;True
4824;KOI-6538 b;2MASS J19344243+4020026;2.5617010966334326;True
4825;KOI-6653 b;2MASS J19303502+4121109;23.84926785779609;True
4826;KOI-6664 b;2MASS J19095216+4128178;92.94419883802708;True
4827;KOI-6666 b;2MASS J19330703+4124132;1.7987413756360666;True
4828;KOI-6672 b;2MASS J19012151+4132230;30.436613485855723;True
4829;KOI-6793 b;2MASS J19255900+4228412;48.68450874570407;True
4830;KOI-6798 b;2MASS J19361857+4224080;26.824448421438593;True
4831;KOI-6918 b;2MASS J19101695+4331542;51.10271800757654;True
4832;KOI-6921 b;2MASS J19200188+4330076;2.061410654905305;True
4833;KOI-6925 b;2MASS J18452562+4339300;87.95815870727634;True
4834;KOI-6931 b;2MASS J19420054+4336355;10.340625695278629;True
4835;KOI-6934 b;2MASS J18504142+4347179;6.021966962610473;True
4836;KOI-7051 b;2MASS J20052510+4431298;7.161019035780909;True
4837;KOI-7057 b;2MASS J19264939+4437067;66.66138731616431;True
4838;KOI-7069 b;2MASS J19073983+4442163;1.0037499891430564;True
4839;KOI-7073 b;2MASS J19280416+4442477;3.214354738091892;True
4840;KOI-7076 b;2MASS J19340728+4449579;8.987106843158285;True
4841;KOI-7197 b;2MASS J19394814+4614317;5.9857677418940485;True
4842;KOI-7209;2MASS J19100257+4623238;3.898939948349848;True
4843;KOI-7319 b;2MASS J18552341+4730563;248.36182899316793;True
4844;KOI-7320 b;2MASS J19131131+4733361;39.178852701135725;True
4845;KOI-7327 b;2MASS J18483788+4741115;4.936544213511961;True
4846;KOI-7449 b;2MASS J19013040+4927421;19.407237800065776;True
4847;KOI-7455;2MASS J19101799+4933042;86.31978123132893;True
4848;KOI-7460 b;2MASS J19091658+4939251;43.77338947822833;True
4849;KOI-901 b;KOI-901;35.522575808614604;True
4850;KPNO-Tau 12;IRAS 04158+2805;491.066959914928;True
4851;KPS-1 b;KPS-1;11.282568337909368;True
4852;ksi Aql b;ksi Aql;10.069153825406756;True
4853;L 168-9 b;L 168-9;117.18529482092076;True
4854;L2 Pup Ab;L2 Pup A;116.10916170968538;True
4855;L 363-38 b;L 363-38;768.7539671915991;True
4856;L 98-59 b;L 98-59;166.13492247133308;True
4857;L 98-59 c;L 98-59;166.13492247133308;True
4858;L 98-59 d;L 98-59;166.13492247133308;True
4859;L 98-59 e;L 98-59;166.13492247133308;True
4860;L 98-59 f;L 98-59;166.13492247133308;True
4861;L 98-59 g;L 98-59;166.13492247133308;True
4862;Lalande 21185 b;Lalande 21185;43.36505812342044;True
4863;Lalande 21185 c;Lalande 21185;43.36505812342044;True
4864;Lalande 21185 d;Lalande 21185;43.36505812342044;True
4865;lam2 For Ab;lam2 For A;5.758742079966732;True
4866;lam Ser b;lam Ser;10.969024828755598;True
4867;LHS 1140 b;LHS 1140;702.9799187482341;True
4868;LHS 1140 c;LHS 1140;702.9799187482341;True
4869;LHS 1478 b;LHS 1478;1021.8288222673472;True
4870;LHS 1678 b;LHS 1678;195.6517816679004;True
4871;LHS 1678 c;LHS 1678;195.6517816679004;True
4872;LHS 1678 d;LHS 1678;195.6517816679004;True
4873;LHS 1815 b;LHS 1815;276.69734933740637;True
4874;LHS 3154 b;LHS-3154;960.8781349309508;True
4875;LHS 3844 b;LHS 3844;944.216093504172;True
4876;LHS 475 b;LHS 475;432.29398305360814;True
4877;LP 714-47 b;LP 714-47;125.01094450329208;True
4878;LP 791-18 b;LP 791-18;702.9799187482328;True
4879;LP 791-18 c;LP 791-18;702.9799187482328;True
4880;LP 791-18 d;LP 791-18;702.9799187482328;True
4881;LP 890-9 b;LP 890-9;744.6753781923419;True
4882;LP 890-9 c;LP 890-9;744.6753781923419;True
4883;LSPM J0220+3320 (AB)b;LSPM J0220+3320 (AB);300.6439658775336;True
4884;LSPM J2116+0234 b;LSPM J2116+0234;132.1724921048619;True
4885;LTT 1445 Ab;LTT 1445 A;432.2939830536086;True
4886;LTT 1445 Ac;LTT 1445 A;432.2939830536086;True
4887;LTT 1445 Ad;LTT 1445 A;432.2939830536086;True
4888;LTT 3780 b;LTT 3780;363.443002255377;True
4889;LTT 3780 c;LTT 3780;363.443002255377;True
4890;LTT 9779 b;LTT 9779;26.596965823759447;True
4891;Lupus-TR-3 b;Lupus-TR-3;39.33877915967509;True
4892;Luyten's Star b;Luyten's Star;184.6897869401111;True
4893;Luyten's Star c;Luyten's Star;184.6897869401111;True
4894;Luyten's Star d;Luyten's Star;184.6897869401111;True
4895;Luyten's Star e;Luyten's Star;184.6897869401111;True
4896;M62H b;M62H;70.89285527274173;True
4897;MASCARA-1 b;MASCARA-1;157.81795479710124;True
4898;MASCARA-3 Ab;MASCARA-3 A;10.655349846397751;True
4899;MASCARA-4 Ab;MASCARA-4 A;192.73486257731665;True
4900;MAXI J1957+032 b;MAXI J1957+032;70.89285527274173;True
4901;Mayrit 260182 b;Mayrit 260182;17.428764138868136;True
4902;MOA-2007-BLG-192L b;MOA-2007-BLG-192L;486.5982965796743;True
4903;MOA-2007-BLG-400L b;MOA-2007-BLG-400L;80.88520498633795;True
4904;MOA-2008-BLG-310L b;MOA-2008-BLG-310L;70.62360216442178;True
4905;MOA-2008-BLG-379L b;MOA-2008-BLG-379L;47.48229968532698;True
4906;MOA-2009-BLG-266L b;MOA-2009-BLG-266L;328.4407959424055;True
4907;MOA-2009-BLG-319L b;MOA-2009-BLG-319;279.1532002295814;True
4908;MOA-2009-BLG-387L b;MOA-2009-BLG-387L;480.9922191457268;True
4909;MOA-2010-BLG-073L b;MOA-2010-BLG-073L;805.558382424707;True
4910;MOA-2010-BLG-117 b;MOA-2010-BLG-117;293.5623552323831;True
4911;MOA-2010-BLG-328L b;MOA-2010-BLG-328L;1016.3421144396592;True
4912;MOA-2010-BLG-353L b;MOA-2010-BLG-353L;489.7129936181675;True
4913;MOA-2010-BLG-477L b;MOA-2010-BLG-477L;281.6633331387259;True
4914;MOA-2011-BLG-028L b;MOA-2011-BLGL-028L;11.186748410875778;True
4915;MOA-2011-BLG-262L b;MOA-2011-BLG-262L;480.9922191457268;True
4916;MOA-2011-BLG-274 b;MOA-2011-BLG-274;0.9861709475517273;True
4917;MOA-2011-BLG-291 b;MOA-2011-BLG-291;789.5031938817121;True
4918;MOA-2011-BLG-293L b;MOA-2011-BLG-293L;11.733612196397786;True
4919;MOA-2011-BLG-322L b;MOA-2011-BLG-322;147.2656539475442;True
4920;MOA-2012-BLG-006 b;MOA-2012-BLG-006;31.07145517100759;True
4921;MOA-2012-BLG-505L b;MOA-2012-BLG-505L;2047.63714724199;True
4922;MOA-2013-BLG-220L b;MOA-2013-BLG-220L;26.35462922118423;True
4923;MOA-2013-BLG-605L b;MOA-2013-BLG-605L;480.9922191457268;True
4924;MOA-2014-BLG-472 b;MOA-2014-BLG-472;147.2656539475442;True
4925;MOA-2016-BLG-227L b;MOA-2016-BLG-227L;1600.4238170607102;True
4926;MOA-2016-BLG-319L b;MOA-2016-BLG-319L;905.2310215641786;True
4927;MOA-2016-BLG-526 b;MOA-2016-BLG-526;0.9861709475517273;True
4928;MOA-2016-BLG-532 b;MOA-2016-BLG-532;0.9861709475517273;True
4929;MOA-2019-BLG-421 b;MOA-2019-BLG-421;362.5411824930714;True
4930;MOA-2020-BLG-135 b;MOA-2020-BLG-135;1069.511215333743;True
4931;MOA-2020-BLG-208 b;MOA-2020-BLG-208;77.37633143115855;True
4932;MOA-2022-BLG-033 b;MOA-2022-BLG-033L;173.95089261338677;True
4933;MOA-2022-BLG-091L b;MOA-2022-BLG-091;11.186748410875778;True
4934;MOA-2022-BLG-249L b;MOA-2022-BLG-249L;489.7129936181675;True
4935;MOA-2022-BLG-563 b;MOA-2022-BLG-563;217.3645137549085;True
4936;MOA-bin-1L b;MOA-bin-1L;11.186748410875778;True
4937;MP Mus b;MP Mus;30.846376727476684;True
4938;mu2 Oct Ab;mu2 Oct A;4.535109572925661;True
4939;mu2 Oct Ac;mu2 Oct A;4.535109572925661;True
4940;mu Ara b;mu Ara;20.62249151422996;True
4941;mu Ara c;mu Ara;20.62249151422996;True
4942;mu Ara d;mu Ara;20.62249151422996;True
4943;mu Ara e;mu Ara;20.62249151422996;True
4944;mu Leo b;mu Leo;18.496210327615707;True
4945;NGC 2423 3 b;NGC 2423 3;357.67149460572443;True
4946;NGC 6440 X-2 b;NGC 6440 X-2;70.89285527274173;True
4947;NGTS-10 Ab;NGTS-10 A;6.841013193037563;True
4948;NGTS-11 b;NGTS-11;37.621291661521745;True
4949;NGTS-11 c;NGTS-11;37.621291661521745;True
4950;NGTS-12 b;NGTS-12;4.746767182517791;True
4951;NGTS-13 b;NGTS-13;13.587064274180614;True
4952;NGTS-14 Ab;NGTS-14 A;11.282568337909368;True
4953;NGTS-15 b;NGTS-15;3.516261182234684;True
4954;NGTS-16 b;NGTS-16;5.1399962479949;True
4955;NGTS-17 b;NGTS-17;5.718790500457345;True
4956;NGTS-18 b;NGTS-18;4.020935948865448;True
4957;NGTS-1 b;NGTS-1;125.01094450329208;True
4958;NGTS-20 b;NGTS-20;6.561984556841768;True
4959;NGTS-21 b;NGTS-21;3.914092054211561;True
4960;NGTS-23 b;NGTS-23;4.625516283420242;True
4961;NGTS-24 b;NGTS-24;5.973371186501221;True
4962;NGTS-25 b;NGTS-25;7.729491793377943;True
4963;NGTS-26 b;NGTS-26;1.5392271397582211;True
4964;NGTS-27 b;NGTS-27;2.5375802975927164;True
4965;NGTS-29 b;NGTS-29;7.7379231419473316;True
4966;NGTS-2 b;NGTS-2;11.731593228197395;True
4967;NGTS-30 b;NGTS-30;23.84926785779609;True
4968;NGTS-31 b;NGTS-31;0.9861709475517273;True
4969;NGTS-32 b;NGTS-32;0.9861709475517273;True
4970;NGTS-33 b;NGTS-33;0.9861709475517273;True
4971;NGTS-3 Ab;NGTS-3 A;10.46657300869127;True
4972;NGTS-4 b;NGTS-4;21.51336628104559;True
4973;NGTS-5 Ab;NGTS-5 A;8.452482467758607;True
4974;NGTS-6 Ab;NGTS-6 A;13.513876046184953;True
4975;NGTS-8 b;NGTS-8;9.427789937768196;True
4976;NGTS-9 b;NGTS-9;8.151254461868803;True
4977;NN Ser (AB)c;NN Ser (AB);39.94972328785464;True
4978;NN Ser (AB)d;NN Ser (AB);39.94972328785464;True
4979;NN Ser (AB)e;NN Ser (AB);39.94972328785464;True
4980;NSVS 1425 (AB) b;NSVS 1425 (AB);1242.810296001071;True
4981;NSVS 1425 (AB) c;NSVS 1425 (AB);1242.810296001071;True
4982;NSVS 7826147 (AB)b;NSVS 7826147 (AB);1203.9751661200444;True
4983;nu2 CMa b;nu2 CMa;18.496210327615714;True
4984;nu2 CMa c;nu2 CMa;18.496210327615714;True
4985;nu2 Lup b;nu2 Lup;0.9861709475517273;True
4986;nu2 Lup c;nu2 Lup;0.9861709475517273;True
4987;nu2 Lup d;nu2 Lup;0.9861709475517273;True
4988;nu Oct b;nu Oct;15.715149628398754;True
4989;NY Vir (AB)b;NY Vir (AB);1103.7534071113791;True
4990;NY Vir (AB)c;NY Vir (AB);1103.7534071113791;True
4991;OGLE-2003-BLG-235L b;OGLE-2003-BLG-235L;328.4407959424055;True
4992;OGLE-2005-BLG-071L b;OGLE-2005-BLG-071L;212.05276827194817;True
4993;OGLE-2005-BLG-169L b;OGLE-2005-BLG-169L;80.88520498633795;True
4994;OGLE-2005-BLG-390L b;OGLE-2005-BLG-390L;789.5031938817121;True
4995;OGLE-2006-109L b;OGLE-2006-BLG-109L;173.95089261338677;True
4996;OGLE-2006-109L c;OGLE-2006-BLG-109L;173.95089261338677;True
4997;OGLE-2006-BLG-284 b;OGLE-2006-BLG-284;174.5817020827828;True
4998;OGLE-2007-BLG-349L (AB)b;OGLE-2007-BLG-349L (AB);35.56499420128089;True
4999;OGLE-2007-BLG-368L b;OGLE-2007-BLG-368L;65.07575178152155;True
5000;OGLE-2008-BLG-092L Ab;OGLE-2008-BLG-092L A;35.56499420128089;True
5001;OGLE-2008-BLG-355L b;OGLE-2008-BLG-355L;487.8843803196499;True
5002;OGLE-2011-BLG-0173L b;OGLE-2011-BLG-0173L;638.4802758500366;True
5003;OGLE-2011-BLG-0251L b;OGLE-2011-BLG-0251L;1087.6394459125636;True
5004;OGLE-2011-BLG-0265L b;OGLE-2011-BLG-0265L;1200.0105957229323;True
5005;OGLE-2012-BLG-0026L b;OGLE-2012-BLG-0026L;10.019586069185486;True
5006;OGLE-2012-BLG-0026L c;OGLE-2012-BLG-0026L;10.019586069185486;True
5007;OGLE-2012-BLG-0406L b;OGLE-2012-BLG-0406L;122.47883274890673;True
5008;OGLE-2012-BLG-0563L b;OGLE-2012-BLG-0563L;8.38589134697522;True
5009;OGLE-2012-BLG-0724L b;OGLE-2012-BLG-0724L;317.71239249729604;True
5010;OGLE-2012-BLG-0838 b;OGLE-2012-BLG-0838;131.62328152493976;True
5011;OGLE-2012-BLG-0950L b;OGLE-2012-BLG-0950L;16.0504822918013;True
5012;OGLE-2013-BLG-0132L b;OGLE-2013-BLG-0132L;131.62328152493976;True
5013;OGLE-2013-BLG-0341L Bb;OGLE-2013-BLG-0341L B;517.9894186069514;True
5014;OGLE-2013-BLG-0911L b;OGLE-2013-BLG-0911L;317.71239249729604;True
5015;OGLE-2013-BLG-1721L b;OGLE-2013-BLG-1721L;212.05276827194817;True
5016;OGLE-2013-BLG-1761L b;OGLE-2013-BLG-1761L;263.42997573962003;True
5017;OGLE-2014-BLG-0124L b;OGLE-2014-BLG-0124L;27.699816316152663;True
5018;OGLE-2014-BLG-0221L b;OGLE-2014-BLG-0221;80.88520498633795;True
5019;OGLE-2014-BLG-0319 b;OGLE-2014-BLG-0319;139.8265324578452;True
5020;OGLE-2014-BLG-0676L b;OGLE-2014-BLG-0676L;8.593028870185222;True
5021;OGLE-2014-BLG-1186L b;OGLE-2014-BLG-1186L;296.03509785748736;True
5022;OGLE-2014-BLG-1722L b;OGLE-2014-BLG-1722L;638.4802758500366;True
5023;OGLE-2014-BLG-1722L c;OGLE-2014-BLG-1722L;638.4802758500366;True
5024;OGLE-2014-BLG-1760L b;OGLE-2014-BLG-1760L;173.95089261338677;True
5025;OGLE-2015-BLG-0051L b;OGLE-2015-BLG-0051L;2047.63714724199;True
5026;OGLE-2015-BLG-0954L b;OGLE-2015-BLG-0954L;487.8843803196499;True
5027;OGLE-2015-BLG-0966L b;OGLE-2015-BLG-0966L;279.1532002295814;True
5028;OGLE-2015-BLG-1609L b;OGLE-2015-BLG-1609L;841.01936626302;True
5029;OGLE-2015-BLG-1649 b;OGLE-2015-BLG-1649;821.7776611521247;True
5030;OGLE-2015-BLG-1670L b;OGLE-2015-BLG-1670L;230.8781616181409;True
5031;OGLE-2015-BLG-1771L b;OGLE-2015-BLG-1771L;842.953236526825;True
5032;OGLE-2016-BLG-0007 b;OGLE-2016-BLG-0007;352.39068800657515;True
5033;OGLE-2016-BLG-0263L b;OGLE-2016-BLG-0263L;1371.84350921768;True
5034;OGLE-2016-BLG-0596L b;OGLE-2016-BLG-0596L;0.9861709475517273;True
5035;OGLE-2016-BLG-0613L (AB) b;OGLE-2016-BLG-0613L (AB);2.635190036882323;True
5036;OGLE-2016-BLG-1067L b;OGLE-2016-BLG-1067L;362.5411824930714;True
5037;OGLE-2016-BLG-1093L b;OGLE-2016-BLG-1093L;217.3645137549085;True
5038;OGLE-2016-BLG-1195L b;OGLE-2016-BLG-1195L;842.953236526825;True
5039;OGLE-2016-BLG-1227 b;OGLE-2016-BLG-1227;2047.63714724199;True
5040;OGLE-2016-BLG-1598 b;OGLE-2016-BLG-1598;230.8781616181409;True
5041;OGLE-2016-BLG-1635 b;OGLE-2016-BLG-1635;0.9861709475517273;True
5042;OGLE-2016-BLG-1800 b;OGLE-2016-BLG-1800;370.1112456561769;True
5043;OGLE-2016-BLG-1850 b;OGLE-2016-BLG-1850;0.9861709475517273;True
5044;OGLE-2017-BLG-0173L b;OGLE-2017-BLG-0173L;103.94308797090169;True
5045;OGLE-2017-BLG-0364 b;OGLE-2017-BLG-0364;31.07145517100759;True
5046;OGLE-2017-BLG-0406 b;OGLE-2017-BLG-0406;328.4407959424055;True
5047;OGLE-2017-BLG-0448 b;OGLE-2017-BLG-0448;201.43312644097745;True
5048;OGLE-2017-BLG-0482 b;OGLE-2017-BLG-0482;805.1754219796485;True
5049;OGLE-2017-BLG-0604 b;OGLE-2017-BLG-0604;65.27520048431303;True
5050;OGLE-2017-BLG-0640 b;OGLE-2017-BLG-0640;201.43312644097745;True
5051;OGLE-2017-BLG-1049 b;OGLE-2017-BLG-1049;230.8781616181409;True
5052;OGLE-2017-BLG-1099 b;OGLE-2017-BLG-1099;174.5817020827828;True
5053;OGLE-2017-BLG-1140L b;OGLE-2017-BLG-1140L;1003.2498664116048;True
5054;OGLE-2017-BLG-1237 b;OGLE-2017-BLG-1237;212.05276827194817;True
5055;OGLE-2017-BLG-1275 b;OGLE-2017-BLG-1275;75.31424512933485;True
5056;OGLE-2017-BLG-1375 b;OGLE-2017-BLG-1375;11.43189345754312;True
5057;OGLE-2017-BLG-1434L b;OGLE-2017-BLG-1434L;1069.511215333743;True
5058;OGLE-2017-BLG-1691L b;OGLE-2017-BLG-1691L;174.5817020827828;True
5059;OGLE-2017-BLG-1806 b;OGLE-2017-BLG-1806;279.1532002295814;True
5060;OGLE-2018-BLG-0298 b;OGLE-2018-BLG-0298;80.88520498633795;True
5061;OGLE-2018-BLG-0383 b;OGLE-2018-BLG-0383;2047.63714724199;True
5062;OGLE-2018-BLG-0506 b;OGLE-2018-BLG-0506;75.31424512933485;True
5063;OGLE-2018-BLG-0516 b;OGLE-2018-BLG-0516;1087.6394459125636;True
5064;OGLE-2018-BLG-0532 b;OGLE-2018-BLG-0532;805.1754219796485;True
5065;OGLE-2018-BLG-0567L b;OGLE-2018-BLG-0567L;1600.4238170607102;True
5066;OGLE-2018-BLG-0596 b;OGLE-2018-BLG-0596;805.1754219796485;True
5067;OGLE-2018-BLG-0677L b;OGLE-2018-BLG-0677L;2047.63714724199;True
5068;OGLE-2018-BLG-0740L b;OGLE-2018-BLG-0740L;2.635190036882323;True
5069;OGLE-2018-BLG-0799L b;OGLE-2018-BLG-0799L;805.558382424707;True
5070;OGLE-2018-BLG-0932 b;OGLE-2018-BLG-0932;15.54392883812428;True
5071;OGLE-2018-BLG-0962;OGLE-2018-BLG-0962L;230.8781616181409;True
5072;OGLE-2018-BLG-0977 b;OGLE-2018-BLG-0977;1087.6394459125636;True
5073;OGLE-2018-BLG-1011L b;OGLE-2018BLG-1011L;489.7129936181675;True
5074;OGLE-2018-BLG-1011L c;OGLE-2018BLG-1011L;489.7129936181675;True
5075;OGLE-2018-BLG-1119 b;OGLE-2018-BLG-1119;217.3645137549085;True
5076;OGLE-2018-BLG-1126 b;OGLE-2018-BLG-1126;80.88520498633795;True
5077;OGLE-2018-BLG-1185 b;OGLE-2018-BLG-1185;487.8843803196499;True
5078;OGLE-2018-BLG-1212 b;OGLE-2018-BLG-1212;805.558382424707;True
5079;OGLE-2018-BLG-1269L b;OGLE-2018-BLG-1269L;5.576435146049347;True
5080;OGLE-2018-BLG-1367 b;OGLE-2018-BLG-1367;486.5982965796743;True
5081;OGLE-2018-BLG-1428L b;OGLE-2018-BLG-1428L;148.314362554932;True
5082;OGLE-2018-BLG-1544 b;OGLE-2018-BLG-1544;127.8781382594606;True
5083;OGLE-2018-BLG-1647 b;OGLE-2018-BLG-1647;1531.1522016901831;True
5084;OGLE-2018-BLG-1700L b;OGLE-2018-BLG-1700L;131.62328152493976;True
5085;OGLE-2019-BLG-0249 b;OGLE-2019-BLG-0249;0.9861709475517273;True
5086;OGLE-2019-BLG-0299 b;KMT-2017-BLG-2509;212.05276827194817;True
5087;OGLE-2019-BLG-0304 b;OGLE-2019-BLG-0304;254.534976739362;True
5088;OGLE-2019-BLG-0362 b;OGLE-2019-BLG-0362;147.11280898970824;True
5089;OGLE-2019-BLG-0468L b;OGLE-2019-BLG-0468L;16.802021084707622;True
5090;OGLE-2019-BLG-0468L c;OGLE-2019-BLG-0468L;16.802021084707622;True
5091;OGLE-2019-BLG-0679 b;OGLE-2019-BLG-0679;0.9861709475517273;True
5092;OGLE-2019-BLG-0960L b;OGLE-2019-BLG-0960;638.4802758500366;True
5093;OGLE-2019-BLG-1053L b;OGLE-2019-BLG-1053L;71.83570414604698;True
5094;OGLE-2019-BLG-1180L b;OGLE-2019-BLG-1180L;158.82936948483498;True
5095;OGLE-2019-BLG-1470L (AB)b;OGLE-2019-BLG-1470L (AB);15.54392883812428;True
5096;OGLE-2019-BLG-1492 b;OGLE-2019-BLG-1492;43.44812540100644;True
5097;OGLE-2023-BLG-0836L (AB)b;OGLE-2023-BLG-0836L;328.4407959424055;True
5098;OGLE2-TR-L9 b;OGLE2-TR-L9;18.755782995512305;True
5099;OGLE-GD-ECL-11388 (AB)b;OGLE-GD-ECL-11388 (AB);1103.7534071113791;True
5100;OGLE-TR-10 b;OGLE-TR-10;2.185931684207305;True
5101;OGLE-TR-111 b;OGLE-TR-111;25.255375657876694;True
5102;OGLE-TR-113 b;OGLE-TR-113;3.914092054211561;True
5103;OGLE-TR-132 b;OGLE-TR-132;5.535715109855702;True
5104;OGLE-TR-182 b;OGLE-TR-182;8.746107383904679;True
5105;OGLE-TR-211 b;OGLE-TR-211;5.134473403955089;True
5106;OGLE-TR-56 b;OGLE-TR-56;5.289152986001378;True
5107;ome Cen-H b;ome Cen-H;70.89285527274173;True
5108;ome Ser Ab;ome Ser A;7.289647827503745;True
5109;omi CrB b;omi CrB;8.09658790450333;True
5110;omi UMa Ab;omi UMa A;33.27171410463691;True
5111;OY Car b;OY Car;0.9861709475517273;True
5112;PDS 70 b;PDS 70;8.639995514654933;True
5113;PDS 70 c;PDS 70;8.639995514654933;True
5114;pi2 UMa b;pi2 UMa;14.975753722455863;True
5115;pi Men b;pi Men;4.79544752799751;True
5116;pi Men c;pi Men;4.79544752799751;True
5117;pi Men d;pi Men;4.79544752799751;True
5118;Pollux b;Pollux;7.078408878143447;True
5119;POTS-1 b;POTS-1;6.841013193037563;True
5120;Pr 0201 b;Pr 0201;27.706068758018127;True
5121;Pr 0211 Ab;Pr 0211 A;10.703627250609784;True
5122;Pr 0211 Ac;Pr 0211 A;10.703627250609784;True
5123;Proxima Centauri b;Proxima Centauri;944.216093504172;True
5124;Proxima Centauri d;Proxima Centauri;944.216093504172;True
5125;psi1 Aqr Ab;psi1 Aqr A;14.831376367017084;True
5126;psi1 Dra Bb;psi1 Dra B;5.535715109855702;True
5127;PSR 1719-14 b;PSR 1719-14;70.89285527274173;True
5128;PSR B0329+54 b;PSR B0329+54;0.9861709475517273;True
5129;PSR B0943+10 b;PSR B0943+10;59.9040361825036;True
5130;PSR B0943+10 c;PSR B0943+10;59.9040361825036;True
5131;PSR B1257+12 c;PSR B1257+12;0.9861709475517273;True
5132;PSR B1257+12 d;PSR B1257+12;0.9861709475517273;True
5133;PSR B1620-26 (AB)b;PSR B1620-26 (AB);97.87167473582488;True
5134;PSR B1802-07 b;PSR B1802-07;70.89285527274173;True
5135;PSR J0312-0921 b;PSR J0312-0921;70.89285527274173;True
5136;PSR J0636+5129	b;PSR J0636+5129;70.89285527274173;True
5137;PSR J1211-0633 b;PSR J1211-0633;70.89285527274173;True
5138;PSR J1311-3430 b;PSR J1311-3430;0.9861709475517273;True
5139;PSR J1630+3550 b;PSR J1630+3550;70.89285527274173;True
5140;PSR J1748-2021H;PSR J1748-2021H;70.89285527274173;True
5141;PSR J1807-2459 A b;PSR J1807-2459A;70.89285527274173;True
5142;PSR J1824-2452G b;PSR J1824-2452G;70.89285527274173;True
5143;PSR J1824-2452M b;PSR J1824-2452M;70.89285527274173;True
5144;PSR J1928+1245 b;PSR J1928+1245;70.89285527274173;True
5145;PSR J2241-5236 b;PSR J2241-5236;97.87167473582488;True
5146;PSR J2322-2650 b;PSR J2322-2650;70.89285527274173;True
5147;Qatar-10 b;Qatar-10;4.294446811038887;True
5148;Qatar-1 Ab;Qatar-1 A;22.577092261191915;True
5149;Qatar-2 b;Qatar-2;5.682970945467606;True
5150;Qatar-3 Ab;Qatar-3 A;5.535715109855702;True
5151;Qatar-4 b;Qatar-4;11.282568337909368;True
5152;Qatar-5 b;Qatar-5;18.302744175472068;True
5153;Qatar-6 Ab;Qatar-6 A;28.10157509848832;True
5154;Qatar-7 b;Qatar-7;1.8788989272419885;True
5155;Qatar-8 b;Qatar-8;6.600057012895927;True
5156;Qatar-9 b;Qatar-9;4.249880722838528;True
5157;QZ Ser b;QZ Ser (AB);7.51432801580081;True
5158;rho CrB b;rho CrB;6.894190651262958;True
5159;rho Crb c;rho CrB;6.894190651262958;True
5160;rho Crb d;rho CrB;6.894190651262958;True
5161;rho Crb e;rho CrB;6.894190651262958;True
5162;rho Ind b;rho Ind;1.8821461724076851;True
5163;Ross 128 b;Ross 128;752.3834632699583;True
5164;Ross 176 b;Ross 176;130.2238682025238;True
5165;Ross 458 (AB)b;Ross 458;582.5323321455486;True
5166;Ross 508 b;Ross 508;546.4106816653638;True
5167;RR Cae (AB) b;RR Cae (AB);78.12552121370318;True
5168;S1429 b;S1429;11.148671841090376;True
5169;Sand 178 b;Sand 178;193.874693764124;True
5170;SDSS J1208+3550 b;SDSS J1208+3550;262.6886819359357;True
5171;SDSS J1212+0136 b;SDSS J1212+0136;256.4117336461794;True
5172;SDSS J1730+5545 b;SDSS J1730+5545;297.1132884851826;True
5173;SOI-1 b;SOI-1;0.9861709475517273;True
5174;SOI-2 b;SOI-2;0.9861709475517273;True
5175;SOI-7 b;SOI-7;0.9861709475517273;True
5176;SPECULOOS-3 b;SPECULOOS-3;960.878134930952;True
5177;SWEEPS-04 b;SWEEPS-04;64.42323856722842;True
5178;SWEEPS-11 b;SWEEPS-11;15.163718471875685;True
5179;SWIFT J1756-2508 b;SWIFT J1756-2508;289.7520617716226;True
5180;TAP 26 b;TAP 26;199.62399850885356;True
5181;tau1 Gru b;tau1 Gru;4.518926841330774;True
5182;tau Boo Ab;tau Boo A;30.846376727476684;True
5183;tau Cet e;tau Cet;3.4867227083730925;True
5184;tau Cet f;tau Cet;3.4867227083730925;True
5185;tau Cet g;tau Cet;3.4867227083730925;True
5186;tau Cet h;tau Cet;3.4867227083730925;True
5187;TCP J050742+244755 b;TCP J050742+244755;68.80932935087468;True
5188;Teegarden's b;Teegarden's;772.7967361589075;True
5189;Teegarden's c;Teegarden's;772.7967361589075;True
5190;Teegarden's d;Teegarden's;772.7967361589075;True
5191;TIC 118798035 b;TIC 118798035;9.461653274009825;True
5192;TIC 118798035 c;TIC 118798035;9.461653274009825;True
5193;TIC 118798035 d;TIC 118798035;9.461653274009825;True
5194;TIC 12999193 b;TIC 12999193;1402.4545693596865;True
5195;TIC 139270665 b;TIC 139270665;6.145071767472652;True
5196;TIC 139270665 c;TIC 139270665;6.145071767472652;True
5197;TIC 156514476 b;TIC 156514476;7.1872385834624035;True
5198;TIC 165227846 b;TIC 165227846;0.9861709475517273;True
5199;TIC 172900988 (AB)b;TIC 172900988 (AB);178.56687158354893;True
5200;TIC 231080232 b;TIC 231080232;167.41870154188402;True
5201;TIC 231949697 b;TIC 231949697;245.54445923807015;True
5202;TIC 237913194 b;TIC 237913194;2.066145511152086;True
5203;TIC 241249530 b;TIC 241249530;5.752289957751369;True
5204;TIC 251090642 b;TIC 251090642;175.55538099912877;True
5205;TIC 262605715 b;TIC 262605715;163.54280824930498;True
5206;TIC 268727719 b;TIC 268727719;114.46559016197136;True
5207;TIC 279401253 b;TIC 279401253;18.924255539314625;True
5208;TIC 279401253 c;TIC 279401253;18.924255539314625;True
5209;TIC 290048573 b;TIC 290048573;166.1349224713329;True
5210;TIC 303682623 b;TIC 303682623;253.49274720952377;True
5211;TIC 311276853 b;TIC 311276853;171.3799929924961;True
5212;TIC 365102760 b;TIC 365102760;34.09142008613074;True
5213;TIC 434398831 b;TIC 434398831;3.656020841807751;True
5214;TIC 434398831 c;TIC 434398831;3.656020841807751;True
5215;TIC 46432937 b;TIC 46432937;178.66116455569926;True
5216;TIC 4672985;TIC 4672985;0.9861709475517273;True
5217;TIC 88785435 b;TIC 88785435;70.35290777959698;True
5218;TOI-1011 b;TOI-1011;1.798299158408384;True
5219;TOI-1052 Ab;TOI-1052 A;5.535715109855702;True
5220;TOI-1052 Ac;TOI-1052 A;5.535715109855702;True
5221;TOI-1062 b;TOI-1062;14.806830924778945;True
5222;TOI-1062 c;TOI-1062;14.806830924778945;True
5223;TOI-1064 b;TOI-1064;4.648267371197965;True
5224;TOI-1064 c;TOI-1064;4.648267371197965;True
5225;TOI-1075 b;TOI-1075;125.01094450329208;True
5226;TOI-1097 b;TOI-1097;12.314125099081464;True
5227;TOI-1097 c;TOI-1097;12.314125099081464;True
5228;TOI-1098 Ab;TOI-1098 A;6.534442889652828;True
5229;TOI-1107 b;TOI-1107;28.692599406158696;True
5230;TOI-1117 b;TOI-1117;1.5392271397582211;True
5231;TOI-1117 c;TOI-1117;1.5392271397582211;True
5232;TOI-1117 d;TOI-1117;1.5392271397582211;True
5233;TOI-1130 b;TOI-1130;8.142965196993794;True
5234;TOI-1130 c;TOI-1130;8.142965196993794;True
5235;TOI-1135 b;TOI-1135;2.185931684207305;True
5236;TOI-1136 b;TOI-1136;15.722769487397397;True
5237;TOI-1136 c;TOI-1136;15.722769487397397;True
5238;TOI-1136 d;TOI-1136;15.722769487397397;True
5239;TOI-1136 e;TOI-1136;15.722769487397397;True
5240;TOI-1136 f;TOI-1136;15.722769487397397;True
5241;TOI-1136 g;TOI-1136;15.722769487397397;True
5242;TOI-1173 Ab;TOI-1173 A;7.729491793377943;True
5243;TOI-1174 b;TOI-1174;16.538372956788532;True
5244;TOI-1180 b;TOI-1180;5.682970945467606;True
5245;TOI-1181 b;TOI-1181;1.8895309825564797;True
5246;TOI-1184 b;TOI-1184;3.80687233868787;True
5247;TOI-1194 b;TOI-1194;24.855350310271064;True
5248;TOI-1199 b;TOI-1199;1.7643993968227285;True
5249;TOI-1201 Ab;TOI-1201 A;295.96856217295345;True
5250;TOI-1203 Ab;TOI-1203 A;69.79354487632668;True
5251;TOI-1203 Ac;TOI-1203 A;69.79354487632668;True
5252;TOI-1203 Ad;TOI-1203 A;69.79354487632668;True
5253;TOI-1203 Ae;TOI-1203 A;69.79354487632668;True
5254;TOI-1221 b;TOI-1221;2.072399039198528;True
5255;TOI-1224 b;TOI-1224;178.14743949400184;True
5256;TOI-1224 c;TOI-1224;178.14743949400184;True
5257;TOI-1227 Bb;TOI-1227 B;743.946911764019;True
5258;TOI-122 b;TOI-122;118.2290298563809;True
5259;TOI-1231 b;TOI-1231;208.05472385778447;True
5260;TOI-1235 b;TOI-1235;257.80132872791796;True
5261;TOI-1238 b;TOI-1238;130.2238682025238;True
5262;TOI-1238 c;TOI-1238;130.2238682025238;True
5263;TOI-1244 b;TOI-1244;2.745904047988802;True
5264;TOI-1246 Ab;TOI-1246 A;9.746335791333893;True
5265;TOI-1246 Ac;TOI-1246 A;9.746335791333893;True
5266;TOI-1246 Ad;TOI-1246 A;9.746335791333893;True
5267;TOI-1246 Ae;TOI-1246 A;9.746335791333893;True
5268;TOI-1247 b;TOI-1247;1.3676229494058674;True
5269;TOI-1248 Ab;TOI-1248 A;11.282568337909368;True
5270;TOI-1249 b;TOI-1249;23.84926785779609;True
5271;TOI-1259 Ab;TOI-1259 A;5.901169090207566;True
5272;TOI-125 b;TOI-125;19.23670286470364;True
5273;TOI-125 c;TOI-125;19.23670286470364;True
5274;TOI-125 d;TOI-125;19.23670286470364;True
5275;TOI-1260 b;TOI-1260;23.15821014817357;True
5276;TOI-1260 c;TOI-1260;23.15821014817357;True
5277;TOI-1260 d;TOI-1260;23.15821014817357;True
5278;TOI-1266 b;TOI-1266;26.92321301327536;True
5279;TOI-1266 c;TOI-1266;26.92321301327536;True
5280;TOI-1266 d;TOI-1266;26.92321301327536;True
5281;TOI-1268 b;TOI-1268;17.504738785964808;True
5282;TOI-1269 b;TOI-1269;79.20767337476798;True
5283;TOI-1272 b;TOI-1272;0.9861709475517273;True
5284;TOI-1272 c;TOI-1272;0.9861709475517273;True
5285;TOI-1273 b;TOI-1273;2.248579844717407;True
5286;TOI-1279 b;TOI-1279;23.84926785779609;True
5287;TOI-1288 b;TOI-1288;11.282568337909368;True
5288;TOI-1288 c;TOI-1288;11.282568337909368;True
5289;TOI-128 Ab;TOI-128 A;57.074176954948854;True
5290;TOI-1294 b;TOI-1294;4.746767182517791;True
5291;TOI-1294 c;TOI-1294;4.746767182517791;True
5292;TOI-1295 b;TOI-1295;2.8451042517999197;True
5293;TOI-1296 b;TOI-1296;9.355434942799528;True
5294;TOI-1298 b;TOI-1298;17.53297695844574;True
5295;TOI-132 Ab;TOI-132 A;23.84926785779609;True
5296;TOI-1333 Ab;TOI-1333 A;11.276427232835562;True
5297;TOI-1338 (AB)b;TOI-1338;8.861812394147814;True
5298;TOI-1338 (AB)c;TOI-1338;8.861812394147814;True
5299;TOI-1346 b;TOI-1346;12.544510399341556;True
5300;TOI-1346 c;TOI-1346;12.544510399341556;True
5301;TOI-1347 b;TOI-1347;2.0660544383663955;True
5302;TOI-1347 c;TOI-1347;2.0660544383663955;True
5303;TOI-1386 b;TOI-1386;0.9861709475517273;True
5304;TOI-1386 c;TOI-1386;0.9861709475517273;True
5305;TOI-139 b;TOI-139;6.841013193037563;True
5306;TOI-1408 b;TOI-1408;28.692599406158696;True
5307;TOI-1408 c;TOI-1408;28.692599406158696;True
5308;TOI-1410 Ab;TOI-1410 A;3.200260771960673;True
5309;TOI-1410 Ac;TOI-1410 A;3.200260771960673;True
5310;TOI-1411 Ab;TOI-1411 A;41.33241562750514;True
5311;TOI-1416 b;TOI-1416;31.18210582106483;True
5312;TOI-1416 c;TOI-1416;31.18210582106483;True
5313;TOI-1420 b;TOI-1420;26.596965823759447;True
5314;TOI-1422 b;TOI-1422;3.318348746471478;True
5315;TOI-1422 c;TOI-1422;3.318348746471478;True
5316;TOI-1430 b;TOI-1430;14.92140641663308;True
5317;TOI-1431 b;TOI-1431;366.7357121195863;True
5318;TOI-1437 b;TOI-1437;4.423089411397942;True
5319;TOI-1439 b;TOI-1439;3.667916498166737;True
5320;TOI-1442 b;TOI-1442;184.6897869401111;True
5321;TOI-1443 b;TOI-1443;9.4277899377682;True
5322;TOI-1444 b;TOI-1444;23.84926785779609;True
5323;TOI-1444 c;TOI-1444;23.84926785779609;True
5324;TOI-1448 b;TOI-1448;316.8603639841294;True
5325;TOI-1450 Ab;TOI-1450 A;110.54990770996088;True
5326;TOI-1450 Ac;TOI-1450 A;110.54990770996088;True
5327;TOI-1451 b;TOI-1451;10.399733486190453;True
5328;TOI-1452 Ab;TOI-1452 A;1021.8288222673472;True
5329;TOI-1453 Ab;TOI-1453 A;4.936544213511961;True
5330;TOI-1453 Ac;TOI-1453 A;4.936544213511961;True
5331;TOI-1467 b;TOI-1467;280.2618887084113;True
5332;TOI-1468 b;TOI-1468;197.98231516404175;True
5333;TOI-1468 c;TOI-1468;197.98231516404175;True
5334;TOI-1470 b;TOI-1470;100.28676735093272;True
5335;TOI-1470 c;TOI-1470;100.28676735093272;True
5336;TOI-1471 b;TOI-1471;1.6532016261273774;True
5337;TOI-1471 c;TOI-1471;1.6532016261273774;True
5338;TOI-1472 b;TOI-1472;14.055220143776824;True
5339;TOI-1472 c;TOI-1472;14.055220143776824;True
5340;TOI-1473 Ab;TOI-1473 A;7.725108354169397;True
5341;TOI-1478 b;TOI-1478;1.5165021271666368;True
5342;TOI-150 b;TOI-150;3.579413150558897;True
5343;TOI-1516 Ab;TOI-1516 A;5.221099010468636;True
5344;TOI-1518 b;TOI-1518;105.39523724737582;True
5345;TOI-157 b;TOI-157;1.7523391609049308;True
5346;TOI-1601 b;TOI-1601;59.30105296096596;True
5347;TOI-1605 b;TOI-1605;4.481705126605875;True
5348;TOI-1634 Ab;TOI-1634 A;194.5301819188012;True
5349;TOI-163 b;TOI-163;2.8361600848252855;True
5350;TOI-1648 b;TOI-1648;27.739853911686733;True
5351;TOI-1669 b;TOI-1669;0.9861709475517273;True
5352;TOI-1669 c;TOI-1669;0.9861709475517273;True
5353;TOI-1670 b;TOI-1670;7.156944741537693;True
5354;TOI-1670 c;TOI-1670;7.156944741537693;True
5355;TOI-1680 b;TOI-1680;362.59589351496095;True
5356;TOI-1683 b;TOI-1683;0.9861709475517273;True
5357;TOI-1685 b;TOI-1685;197.2717096357744;True
5358;TOI-1691 b;TOI-1691;10.340625695278629;True
5359;TOI-1693 b;TOI-1693;147.2343649236921;True
5360;TOI-1694 b;TOI-1694;0.9861709475517273;True
5361;TOI-1694 c;TOI-1694;0.9861709475517273;True
5362;TOI-1695 b;TOI-1695;178.66116455569926;True
5363;TOI-1696 Ab;TOI-1696 A;1130.0535875382925;True
5364;TOI-169 b;TOI-169;2.371512446515341;True
5365;TOI-1710 Ab;TOI-1710 A;3.656020841807751;True
5366;TOI-1716 b;TOI-1716;5.979785117182512;True
5367;TOI-1723 b;TOI-1723;48.24278147560217;True
5368;TOI-1728 b;TOI-1728;210.53773353890645;True
5369;TOI-172 Ab;TOI-172 A;9.437155963761535;True
5370;TOI-1736 Ab;TOI-1736 A;2.4104597752951222;True
5371;TOI-1736 Ac;TOI-1736 A;2.4104597752951222;True
5372;TOI-1739 b;TOI-1739;16.92044410683666;True
5373;TOI-1742 b;TOI-1742;4.746767182517791;True
5374;TOI-1743 b;TOI-1743;289.6420095845726;True
5375;TOI-1749 Ab;TOI-1749 A;135.09278398084845;True
5376;TOI-1749 Ac;TOI-1749 A;135.09278398084845;True
5377;TOI-1749 Ad;TOI-1749 A;135.09278398084845;True
5378;TOI-1751 b;TOI-1751;2.4193737915118168;True
5379;TOI-1753 b;TOI-1753;1.0632674837963303;True
5380;TOI-1758 b;TOI-1758;11.806537490785637;True
5381;TOI-1759 Ab;TOI-1759 A;242.67060666344125;True
5382;TOI-1775 b;TOI-1775;16.518873997277147;True
5383;TOI-1776 b;TOI-1776;1.770912169470917;True
5384;TOI-1778 b;TOI-1778;5.289152986001378;True
5385;TOI-1789 b;TOI-1789;6.888016488493193;True
5386;TOI-178 b;TOI-178;11.48896608295883;True
5387;TOI-178 c;TOI-178;11.48896608295883;True
5388;TOI-178 d;TOI-178;11.48896608295883;True
5389;TOI-178 e;TOI-178;11.48896608295883;True
5390;TOI-178 f;TOI-178;11.48896608295883;True
5391;TOI-178 g;TOI-178;11.48896608295883;True
5392;TOI-1794 b;TOI-1794;4.746767182517791;True
5393;TOI-1798 b;TOI-1798;2.718232168369556;True
5394;TOI-1798 c;TOI-1798;2.718232168369556;True
5395;TOI-1799 b;TOI-1799;3.601350877968172;True
5396;TOI-179 Ab;TOI-179 A;12.544510399341556;True
5397;TOI-1801 Ab;TOI-1801 A;171.8963347797405;True
5398;TOI-1803 b;TOI-1803;13.81636933655006;True
5399;TOI-1803 c;TOI-1803;13.81636933655006;True
5400;TOI-1806 b;TOI-1806;572.7221700648004;True
5401;TOI-1807 b;TOI-1807;17.428764138868136;True
5402;TOI-1811 b;TOI-1811;24.288036027583328;True
5403;TOI-181 b;TOI-181;5.057719803242407;True
5404;TOI-1820 Ab;TOI-1820 A;7.7379231419473316;True
5405;TOI-1823 b;TOI-1823;16.92044410683666;True
5406;TOI-1824 Ab;TOI-1824 A;7.772169827413365;True
5407;TOI-1828 b;TOI-1828;12.183604737715966;True
5408;TOI-1836 Ab;TOI-1836 A;10.221572492227535;True
5409;TOI-1836 Ac;TOI-1836 A;10.221572492227535;True
5410;TOI-1842 b;TOI-1842;18.70524686849205;True
5411;TOI-1846 b;TOI-1846;85.63172659054327;True
5412;TOI-1853 b;TOI-1853;3.185494632668544;True
5413;TOI-1855 Ab;TOI-1855 A;10.725633089898508;True
5414;TOI-1859 Ab;TOI-1859 A;9.58880618580288;True
5415;TOI-1860 Ab;TOI-1860 A;3.601350877968173;True
5416;TOI-1883 Ab;TOI-1883 A;211.565382899378;True
5417;TOI-1885 b;TOI-1885;6.534442889652828;True
5418;TOI-1899 b;TOI-1899;115.2937616228938;True
5419;TOI-1937 Ab;TOI-1937 A;6.241886546300392;True
5420;TOI-198 b;TOI-198;100.28676735093272;True
5421;TOI-199 Ab;TOI-199 A;13.277890970683735;True
5422;TOI-199 Ac;TOI-199 A;13.277890970683735;True
5423;TOI-2000 b;TOI-2000;20.3187349466504;True
5424;TOI-2000 c;TOI-2000;20.3187349466504;True
5425;TOI-2005 b;TOI-2005;119.6036442893777;True
5426;TOI-2010 Ab;TOI-2010 A;22.772074700808098;True
5427;TOI-2015 b;TOI-2015;173.97784379578127;True
5428;TOI-2015 c;TOI-2015;173.97784379578127;True
5429;TOI-2018 b;TOI-2018;78.75755742977111;True
5430;TOI-2018 c;TOI-2018;78.75755742977111;True
5431;TOI-2019 b;TOI-2019;4.481705126605875;True
5432;TOI-201 b;TOI-201;2.8451042517999197;True
5433;TOI-2025 b;TOI-2025;4.772825767833326;True
5434;TOI-2031 Ab;TOI-2031 A;6.0344198457481735;True
5435;TOI-203 b;TOI-203;539.1827986525985;True
5436;TOI-2045 b;TOI-2045;4.294446811038887;True
5437;TOI-2046 b;TOI-2046;2.4991091670964893;True
5438;TOI-2048 b;TOI-2048;14.92140641663308;True
5439;TOI-2068 Ab;TOI-2068 A;104.10874517632566;True
5440;TOI-206 b;TOI-206;187.51646342479543;True
5441;TOI-2076 b;TOI-2076;34.134974726224364;True
5442;TOI-2076 c;TOI-2076;34.134974726224364;True
5443;TOI-2076 d;TOI-2076;34.134974726224364;True
5444;TOI-2076 e;TOI-2076;34.134974726224364;True
5445;TOI-2081 b;TOI-2081;185.4063953126049;True
5446;TOI-2084 Ab;TOI-2084 A;208.05472385778447;True
5447;TOI-2088 b;TOI-2088;31.18210582106483;True
5448;TOI-2093 b;TOI-2093;3.801708668260484;True
5449;TOI-2093 c;TOI-2093;3.801708668260484;True
5450;TOI-2095 b;TOI-2095;100.28676735093272;True
5451;TOI-2095 c;TOI-2095;100.28676735093272;True
5452;TOI-2096 b;TOI-2096;1586.9510322348265;True
5453;TOI-2096 c;TOI-2096;1586.9510322348265;True
5454;TOI-2107 b;TOI-2107;0.9861709475517273;True
5455;TOI-2109 b;TOI-2109;5.663414146995177;True
5456;TOI-2120 b;TOI-2120;768.7539671915991;True
5457;TOI-2128 Ab;TOI-2128 A;7.574158889223536;True
5458;TOI-2134 b;TOI-2134;6.009417093174254;True
5459;TOI-2134 c;TOI-2134;6.009417093174254;True
5460;TOI-2136 b;TOI-2136;289.6420095845726;True
5461;TOI-2141 b;TOI-2141;3.2407678895877603;True
5462;TOI-2141 c;TOI-2141;3.2407678895877603;True
5463;TOI-2141 d;TOI-2141;3.2407678895877603;True
5464;TOI-2145 b;TOI-2145;988.145332061107;True
5465;TOI-2152 Ab;TOI-2152 A;11.257329010443184;True
5466;TOI-2154 b;TOI-2154;15.82149027617845;True
5467;TOI-2158 b;TOI-2158;9.437155963761535;True
5468;TOI-2169 Ab;TOI-2169 A;1.7161949300126111;True
5469;TOI-216 b;TOI-216;35.38077612950864;True
5470;TOI-216 c;TOI-216;35.38077612950864;True
5471;TOI-2180 b;TOI-2180;18.4626211827487;True
5472;TOI-2184 b;TOI-2184;59.30105296096596;True
5473;TOI-2193 Ab;TOI-2193 A;8.746107383904679;True
5474;TOI-2194 b;TOI-2194;5.682970945467606;True
5475;TOI-2196 b;TOI-2196;41.9046160743624;True
5476;TOI-2202 b;TOI-2202;3.4867227083730925;True
5477;TOI-2202 c;TOI-2202;3.4867227083730925;True
5478;TOI-2207 b;TOI-2207;14.208236222810855;True
5479;TOI-220 b;TOI-220;2.655368324786669;True
5480;TOI-2236 b;TOI-2236;3.156331302589918;True
5481;TOI-2257 b;TOI-2257;174.60898029607336;True
5482;TOI-2260 b;TOI-2260;2.9050749928863904;True
5483;TOI-2266 b;TOI-2266;1900.6279508104;True
5484;TOI-2267 Ab;TOI-2267 A;743.946911764019;True
5485;TOI-2267 Ac;TOI-2267 A;743.946911764019;True
5486;TOI-2274 b;TOI-2274;125.01094450329208;True
5487;TOI-2285 b;TOI-2285;112.16530059765104;True
5488;TOI-2290 b;TOI-2290;93.14404358822794;True
5489;TOI-2295 b;TOI-2295;4.3668381740916855;True
5490;TOI-2295 c;TOI-2295;4.3668381740916855;True
5491;TOI-2322 b;TOI-2322;3.548833449688179;True
5492;TOI-2322 c;TOI-2322;3.548833449688179;True
5493;TOI-2328 Ab;TOI-2328 A;14.801941062567083;True
5494;TOI-2337 b;TOI-2337;14.556807376515607;True
5495;TOI-2338 b;TOI-2338;4.481705126605875;True
5496;TOI-2345 b;TOI-2345;5.682970945467606;True
5497;TOI-2345 c;TOI-2345;5.682970945467606;True
5498;TOI-2346 b;TOI-2346;16.36247939381166;True
5499;TOI-2364 b;TOI-2364;1.3139343231119989;True
5500;TOI-2368 b;TOI-2368;0.9861709475517273;True
5501;TOI-2373 b;TOI-2373;2.2127098428706184;True
5502;TOI-2374 Bb;TOI-2374 B;5.901169090207566;True
5503;TOI-2379 b;TOI-2379;167.0265225905002;True
5504;TOI-237 b;TOI-237;362.59589351496095;True
5505;TOI-2382 b;TOI-2382;6.585993341276075;True
5506;TOI-2384 Ab;TOI-2384 A;257.80132872791796;True
5507;TOI-238 b;TOI-238;5.035592501868984;True
5508;TOI-238 c;TOI-238;5.035592501868984;True
5509;TOI-2406 b;TOI-2406;767.9980754439647;True
5510;TOI-2407 b;TOI-2407;178.66116455569926;True
5511;TOI-2411 b;TOI-2411;133.01290245098366;True
5512;TOI-2411 c;TOI-2411;133.01290245098366;True
5513;TOI-2416 b;TOI-2416;1.9391192754980224;True
5514;TOI-2420 b;TOI-2420;1.433367595749604;True
5515;TOI-2421 b;TOI-2421;20.01523224033085;True
5516;TOI-2427 b;TOI-2427;116.09686751475463;True
5517;TOI-2427 c;TOI-2427;116.09686751475463;True
5518;TOI-2431 b;TOI-2431;93.77762714608528;True
5519;TOI-2443 b;TOI-2443;228.28317787175948;True
5520;TOI-2443 c;TOI-2443;228.28317787175948;True
5521;TOI-2445 b;TOI-2445;670.0062669568697;True
5522;TOI-2449 b;TOI-2449;5.340061569848566;True
5523;TOI-2458 b;TOI-2458;1.27531832581029;True
5524;TOI-2458 c;TOI-2458;1.27531832581029;True
5525;TOI-2459 Bb;TOI-2459 B;23.15821014817357;True
5526;TOI-2485 b;TOI-2485;2.3351775674912254;True
5527;TOI-2497 b;TOI-2497;173.95279800016934;True
5528;TOI-2498 b;TOI-2498;22.772074700808098;True
5529;TOI-251 b;TOI-251;28.82450927336367;True
5530;TOI-2524 b;TOI-2524;1.1445401598081808;True
5531;TOI-2525 b;TOI-2525;3.687635600821907;True
5532;TOI-2525 c;TOI-2525;3.687635600821907;True
5533;TOI-2529 b;TOI-2529;0.9861709475517273;True
5534;TOI-2537 b;TOI-2537;17.35889291402956;True
5535;TOI-2537 c;TOI-2537;17.35889291402956;True
5536;TOI-2545 b;TOI-2545;35.37130597865016;True
5537;TOI-2567 b;TOI-2567;14.237825052689995;True
5538;TOI-2570 b;TOI-2570;4.603448911049859;True
5539;TOI-257 b;TOI-257;7.423808481040125;True
5540;TOI-2580 Ab;TOI-2580 A;3.0044090422034886;True
5541;TOI-2583 Ab;TOI-2583 A;6.17606392475813;True
5542;TOI-2587 Ab;TOI-2587 A;9.642745711183386;True
5543;TOI-2589 b;TOI-2589;9.830114155969795;True
5544;TOI-260 b;TOI-260;38.84324873586543;True
5545;TOI-261 b;TOI-261;0.9861709475517273;True
5546;TOI-262 b;TOI-262;0.9861709475517273;True
5547;TOI-2641 b;TOI-2641;0.9861709475517273;True
5548;TOI-2669 b;TOI-2669;26.853790762105888;True
5549;TOI-266 b;TOI-266;10.399733486190453;True
5550;TOI-266 c;TOI-266;10.399733486190453;True
5551;TOI-269 b;TOI-269;218.61208782341933;True
5552;TOI-270 b;TOI-270;330.95535158016025;True
5553;TOI-270 c;TOI-270;330.95535158016025;True
5554;TOI-270 d;TOI-270;330.95535158016025;True
5555;TOI-2714 b;TOI-2714;2.6780367799352516;True
5556;TOI-277 Bb;TOI-277 B;56.988373712784046;True
5557;TOI-2796 b;TOI-2796;2.6780367799352516;True
5558;TOI-2803 Ab;TOI-2803 A;4.630769906826829;True
5559;TOI-2818 b;TOI-2818;5.386764693410121;True
5560;TOI-282 b;HD 28109;8.673099934931216;True
5561;TOI-282 c;HD 28109;8.673099934931216;True
5562;TOI-282 d;HD 28109;8.673099934931216;True
5563;TOI-283 b;TOI-283;16.518873997277147;True
5564;TOI-2842 b;TOI-2842;1.9481251075565509;True
5565;TOI-286 b;TOI-286;3.687635600821907;True
5566;TOI-286 c;TOI-286;3.687635600821907;True
5567;TOI-2876 b;TOI-2876;13.277890970683735;True
5568;TOI-2886 b;TOI-2886;21.47804710876746;True
5569;TOI-2969 b;TOI-2969;5.108780996530373;True
5570;TOI-2977 Ab;TOI-2977 A;9.606668396464851;True
5571;TOI-2981 b;TOI-2981;1.2756574736348056;True
5572;TOI-2986 b;TOI-2986;22.772074700808098;True
5573;TOI-2989 b;TOI-2989;6.792025798100383;True
5574;TOI-2992 b;TOI-2992;3.579413150558897;True
5575;TOI-3023 b;TOI-3023;1.6610101296994075;True
5576;TOI-3071 b;TOI-3071;2.2605518350900113;True
5577;TOI-3082 b;TOI-3082;17.67059887281646;True
5578;TOI-3135 b;TOI-3135;4.515461334797166;True
5579;TOI-3160 Ab;TOI-3160 A;4.535109572925661;True
5580;TOI-322 Ab;TOI-322 A;5.294253655683805;True
5581;TOI-3235 Ab;TOI-3235 A;336.25456490855663;True
5582;TOI-3261 b;TOI-3261;12.494101067732355;True
5583;TOI-3288 Ab;TOI-3288 A;210.53773353890645;True
5584;TOI-329 b;TOI-329;4.481705126605875;True
5585;TOI-3321 Ab;TOI-3321 A;4.067974707294332;True
5586;TOI-332 b;TOI-332;12.700378537333869;True
5587;TOI-3331 Ab;TOI-3331 A;5.500176808660551;True
5588;TOI-3353 Ab;TOI-3353 A;10.216143783106;True
5589;TOI-3362 b;TOI-3362;6.84647079032835;True
5590;TOI-3364 b;TOI-3364;1.3447113107923254;True
5591;TOI-3457 b;TOI-3457;2.51577795838305;True
5592;TOI-3464 b;TOI-3464;2.4970446102599952;True
5593;TOI-3474 b;TOI-3474;5.278505445729815;True
5594;TOI-3486 b;TOI-3486;25.56339950971699;True
5595;TOI-3493 b;TOI-3493;5.099988492294524;True
5596;TOI-3495 b;TOI-3495;1.8788989272419885;True
5597;TOI-3523 Ab;TOI-3523 A;8.179180322192117;True
5598;TOI-3540 Ab;TOI-3540 A;5.536977451988744;True
5599;TOI-3568 b;TOI-3568;3.4867227083730925;True
5600;TOI-3593 b;TOI-3593;7.359146950514423;True
5601;TOI-3629 b;TOI-3629;225.4427403413791;True
5602;TOI-3682 Ab;TOI-3682 A;4.518926841330774;True
5603;TOI-3688 Ab;TOI-3688 A;6.17606392475813;True
5604;TOI-3693 b;TOI-3693;25.222582794922108;True
5605;TOI-3714 Ab;TOI-3714 A;270.5830043259021;True
5606;TOI-3757 b;TOI-3757;254.3849811381278;True
5607;TOI-375 b;TOI-375;24.53672704209456;True
5608;TOI-375 c;TOI-375;24.53672704209456;True
5609;TOI-375 d;TOI-375;24.53672704209456;True
5610;TOI-3785 b;TOI-3785;175.55538099912877;True
5611;TOI-3807 b;TOI-3807;2.070974277562234;True
5612;TOI-3819 b;TOI-3819;2.5758739078815056;True
5613;TOI-3837 b;TOI-3837;0.9861709475517273;True
5614;TOI-3856 b;TOI-3856;19.544744508160953;True
5615;TOI-3877 b;TOI-3877;4.3668381740916855;True
5616;TOI-3884 b;TOI-3884;313.09244131343274;True
5617;TOI-3894 b;TOI-3894;0.9861709475517273;True
5618;TOI-3912 b;TOI-3912;1.1549940700580177;True
5619;TOI-3919 b;TOI-3919;0.9861709475517273;True
5620;TOI-396A b;HR 858 A;4.1583809617782475;True
5621;TOI-396A c;HR 858 A;4.1583809617782475;True
5622;TOI-396A d;HR 858 A;4.1583809617782475;True
5623;TOI-3976 Ab;TOI-3976 A;21.42080471304217;True
5624;TOI-3980 b;TOI-3980;5.973371186501221;True
5625;TOI-3984 Ab;TOI-3984 A;211.565382899378;True
5626;TOI-4010 b;TOI-4010;11.573635119386095;True
5627;TOI-4010 c;TOI-4010;11.573635119386095;True
5628;TOI-4010 d;TOI-4010;11.573635119386095;True
5629;TOI-4010 e;TOI-4010;11.573635119386095;True
5630;TOI-402 Ab;TOI-402 A;6.292198437448384;True
5631;TOI-402 Ac;TOI-402 A;6.292198437448384;True
5632;TOI-406 b;TOI-406;168.16299903852214;True
5633;TOI-406 c;TOI-406;168.16299903852214;True
5634;TOI-4087 b;TOI-4087;4.890289958246936;True
5635;TOI-4127 b;TOI-4127;0.9861709475517273;True
5636;TOI-4137 b;TOI-4137;2.1129932964755347;True
5637;TOI-4138 b;TOI-4138;30.719944496423885;True
5638;TOI-4145 Ab;TOI-4145 A;5.329838168684424;True
5639;TOI-4153 b;TOI-4153;0.9861709475517273;True
5640;TOI-4155 b;TOI-4155;2.5228429226352698;True
5641;TOI-4184 b;TOI-4184;1021.8288222673472;True
5642;TOI-4201 b;TOI-4201;277.78849969669864;True
5643;TOI-4214 b;TOI-4214;2.4970446102599952;True
5644;TOI-421 Ab;TOI-421 A;19.23670286470364;True
5645;TOI-421 Ac;TOI-421 A;19.23670286470364;True
5646;TOI-429 b;TOI-429;11.282568337909368;True
5647;TOI-4308 b;TOI-4308;16.518873997277147;True
5648;TOI-431 b;TOI-431;3.185494632668543;True
5649;TOI-431 c;TOI-431;3.185494632668543;True
5650;TOI-431 d;TOI-431;3.185494632668543;True
5651;TOI-4329 b;TOI-4329;11.137529371281143;True
5652;TOI-4336 Ab;TOI-4336 A;397.24452662596315;True
5653;TOI-4342 b;TOI-4342;225.4427403413791;True
5654;TOI-4342 c;TOI-4342;225.4427403413791;True
5655;TOI-4364 b;TOI-4364;147.2343649236921;True
5656;TOI-4377 b;TOI-4377;5.612958626626576;True
5657;TOI-4379 b;TOI-4379;3.0044090422034886;True
5658;TOI-4406 b;TOI-4406;0.9861709475517273;True
5659;TOI-4409 b;TOI-4409;41.12976699427181;True
5660;TOI-4438 b;TOI-4438;316.8603639841294;True
5661;TOI-4443 b;TOI-4443;4.314769054503103;True
5662;TOI-444 Ab;TOI-444 A;17.504738785964808;True
5663;TOI-4463 Ab;TOI-4463 A;10.687846096759264;True
5664;TOI-4465 b;TOI-4465;15.284158110048471;True
5665;TOI-4468 b;TOI-4468;41.12976699427181;True
5666;TOI-4468 c;TOI-4468;41.12976699427181;True
5667;TOI-4479 b;TOI-4479;86.98176001831871;True
5668;TOI-4481 b;TOI-4481;241.26639236019432;True
5669;TOI-4481 c;TOI-4481;241.26639236019432;True
5670;TOI-4487 Ab;TOI-4487 A;2.701524049272221;True
5671;TOI-4495 b;TOI-4495;5.535715109855702;True
5672;TOI-4504 b;TOI-4504;2.9722199168975747;True
5673;TOI-4504 c;TOI-4504;2.9722199168975747;True
5674;TOI-4504 d;TOI-4504;2.9722199168975747;True
5675;TOI-4507 b;TOI-4507;13.171681072006582;True
5676;TOI-4515 b;TOI-4515;1.5165021271666368;True
5677;TOI-451 Ab;TOI-451 A;9.830114155969795;True
5678;TOI-451 Ac;TOI-451 A;9.830114155969795;True
5679;TOI-451 Ad;TOI-451 A;9.830114155969795;True
5680;TOI-4527 b;TOI-4527;193.874693764124;True
5681;TOI-4551 b;TOI-4551;2.371512446515341;True
5682;TOI-4559 b;TOI-4559;235.8245815845291;True
5683;TOI-4562 b;TOI-4562;36.86108566005581;True
5684;TOI-4562 c;TOI-4562;36.86108566005581;True
5685;TOI-4582 Ab;TOI-4582 A;9.095674383048658;True
5686;TOI-4600 b;TOI-4600;2.655368324786669;True
5687;TOI-4600 c;TOI-4600;2.655368324786669;True
5688;TOI-4603 b;TOI-4603;13.65175260124271;True
5689;TOI-4633 Ac;TOI-4633 A;19.02961885958876;True
5690;TOI-4641 b;TOI-4641;2.8119166973187983;True
5691;TOI-4666 b;TOI-4666;114.46559016197136;True
5692;TOI-469 b;TOI-469;4.148444628093995;True
5693;TOI-469 c;TOI-469;4.148444628093995;True
5694;TOI-469 d;TOI-469;4.148444628093995;True
5695;TOI-470 Ab;TOI-470 A;9.746335791333893;True
5696;TOI-4734 b;TOI-4734;2.740605895853919;True
5697;TOI-4773 b;TOI-4773;11.222938042745955;True
5698;TOI-4791 b;TOI-4791;7.156944741537693;True
5699;TOI-4794 b;TOI-4794;8.514405077244476;True
5700;TOI-480 b;TOI-480;7.188940226743326;True
5701;TOI-481 b;TOI-481;0.9538668676984222;True
5702;TOI-4860 b;TOI-4860;173.59075085483084;True
5703;TOI-4914 b;TOI-4914;2.2831933579947767;True
5704;TOI-4961 b;TOI-4961;14.806830924778945;True
5705;TOI-4987 b;TOI-4987;18.755782995512305;True
5706;TOI-4994 b;TOI-4994;3.601350877968172;True
5707;TOI-5005 b;TOI-5005;1.3139343231119989;True
5708;TOI-5007 b;TOI-5007;141.65351662694115;True
5709;TOI-500 b;TOI-500;3.2407678895877603;True
5710;TOI-500 c;TOI-500;3.2407678895877603;True
5711;TOI-500 d;TOI-500;3.2407678895877603;True
5712;TOI-500 e;TOI-500;3.2407678895877603;True
5713;TOI-5027 b;TOI-5027;0.9861709475517273;True
5714;TOI-5076 Ab;TOI-5076 A;24.561431697216687;True
5715;TOI-5082 b;TOI-5082;1.6912228732794197;True
5716;TOI-5108 b;TOI-5108;2.169991138264917;True
5717;TOI-5110 b;TOI-5110;5.676602614086632;True
5718;TOI-5126 b;TOI-5126;27.706068758018127;True
5719;TOI-5126 c;TOI-5126;27.706068758018127;True
5720;TOI-512 b;TOI-512;5.572641460638402;True
5721;TOI-5143 Ac;TOI-5143 A;9.746335791333893;True
5722;TOI-5153 b;TOI-5153;5.134473403955089;True
5723;TOI-5174 b;TOI-5174;2.635190036882323;True
5724;TOI-5181 Ab;TOI-5181 A;13.358823006713097;True
5725;TOI-519 b;TOI-519;256.24194116217035;True
5726;TOI-5205 b;TOI-5205;208.912139627872;True
5727;TOI-5210 b;TOI-5210;18.4626211827487;True
5728;TOI-5218 b;TOI-5218;8.639995514654933;True
5729;TOI-521 b;TOI-521;133.08445122978276;True
5730;TOI-521 c;TOI-521;133.08445122978276;True
5731;TOI-5232 b;TOI-5232;0.9861709475517273;True
5732;TOI-5238 b;TOI-5238;2.635190036882323;True
5733;TOI-5261 b;TOI-5261;7.714531916663249;True
5734;TOI-5292 Ab;TOI-5292 A;135.09278398084845;True
5735;TOI-5293 Ab;TOI-5293 A;171.43171931343105;True
5736;TOI-5300 b;TOI-5300;6.0347044270047006;True
5737;TOI-5301 b;TOI-5301;0.9861709475517273;True
5738;TOI-530 b;TOI-530;78.65391260191949;True
5739;TOI-5319 Ab;TOI-5319 A;248.06475768170705;True
5740;TOI-5322 b;TOI-5322;1.3947065215413126;True
5741;TOI-532 b;TOI-532;233.41282156755636;True
5742;TOI-5340 b;TOI-5340;6.354938298001901;True
5743;TOI-5344 b;TOI-5344;159.16430047067735;True
5744;TOI-5350 b;TOI-5350;6.022696657780032;True
5745;TOI-5386 Ab;TOI-5386 A;4.294446811038887;True
5746;TOI-5388 b;TOI-5388;184.6897869401111;True
5747;TOI-5398 b;TOI-5398;29.22500448013176;True
5748;TOI-5398 c;TOI-5398;29.22500448013176;True
5749;TOI-540 b;TOI-540;767.9980754439647;True
5750;TOI-544 b;TOI-544;4.196199360310874;True
5751;TOI-5473 b;TOI-5473;130.67128229881592;True
5752;TOI-5542 b;TOI-5542;59.30405344656922;True
5753;TOI-554 b;TOI-554;7.156944741537693;True
5754;TOI-554 c;TOI-554;7.156944741537693;True
5755;TOI-5573 b;TOI-5573;175.5460583367638;True
5756;TOI-558 b;TOI-558;2.6716209743581105;True
5757;TOI-5592 b;TOI-5592;3.3687906458330885;True
5758;TOI-559 b;TOI-559;1.2756574736348056;True
5759;TOI-5616 b;TOI-5616;210.53773353890645;True
5760;TOI-561 b;TOI-561;3.687635600821907;True
5761;TOI-561 c;TOI-561;3.687635600821907;True
5762;TOI-561 d;TOI-561;3.687635600821907;True
5763;TOI-561 e;TOI-561;3.687635600821907;True
5764;TOI-561 f;TOI-561;3.687635600821907;True
5765;TOI-5634 Ab;TOI-5634 A;82.954720077375;True
5766;TOI-564 Ab;TOI-564 A;18.4626211827487;True
5767;TOI-5678 b;TOI-5678;41.168171012831486;True
5768;TOI-5688 Ab;TOI-5688 A;148.18147979428295;True
5769;TOI-5713 b;TOI-5713;466.91521967141466;True
5770;TOI-5720 b;TOI-5720;363.443002255377;True
5771;TOI-5786 b;TOI-5786;3.579413150558897;True
5772;TOI-5789 Ab;TOI-5789 A;26.824448421438593;True
5773;TOI-5789 Ac;TOI-5789 A;26.824448421438593;True
5774;TOI-5789 Ad;TOI-5789 A;26.824448421438593;True
5775;TOI-5789 Ae;TOI-5789 A;26.824448421438593;True
5776;TOI-5795 b;TOI-5795;12.96316927776183;True
5777;TOI-5799 b;TOI-5799;174.60898029607336;True
5778;TOI-5799 c;TOI-5799;174.60898029607336;True
5779;TOI-5800 b;TOI-5800;19.142296530863288;True
5780;TOI-5803 b;TOI-5803;9.746335791333893;True
5781;TOI-5817 b;TOI-5817;5.104663917703318;True
5782;TOI-5916 b;TOI-5916;128.71658760267965;True
5783;TOI-6000 b;TOI-6000;316.86036398412966;True
5784;TOI-6002 b;TOI-6002;1021.8288222673472;True
5785;TOI-6008 b;TOI-6008;1900.6279508104;True
5786;TOI-6016 b;TOI-6016;2.072214220842012;True
5787;TOI-6029 b;TOI-6029;7.180627089890533;True
5788;TOI-6034 Bb;TOI-6034 B;321.20938368185216;True
5789;TOI-6035 b;TOI-6035;5.962870310678908;True
5790;TOI-6038 Ab;TOI-6038 A;13.713754773969786;True
5791;TOI-603 b;TOI-603;6.034862993653335;True
5792;TOI-6054 b;TOI-6054;1.4618212603195757;True
5793;TOI-6054 c;TOI-6054;1.4618212603195757;True
5794;TOI-6055 b;TOI-6055;112.16530059765104;True
5795;TOI-6086 b;TOI-6086;1021.8288222673472;True
5796;TOI-6109 b;TOI-6109;14.02624530039238;True
5797;TOI-6109 c;TOI-6109;14.02624530039238;True
5798;TOI-6130 b;TOI-6130;2.072214220842012;True
5799;TOI-6158 b;TOI-6158;168.26225281683915;True
5800;TOI-615 b;TOI-615;0.9861709475517273;True
5801;TOI-620 b;TOI-620;93.14404358822794;True
5802;TOI-6223 b;TOI-6223;77.6270223178214;True
5803;TOI-622 b;TOI-622;0.9861709475517273;True
5804;TOI-6255 b;TOI-6255;195.6517816679004;True
5805;TOI-628 b;TOI-628;12.064790071713087;True
5806;TOI-6303 b;TOI-6303;257.80132872791796;True
5807;TOI-6324 b;TOI-6324;466.9152196714152;True
5808;TOI-6330 b;TOI-6330;169.22814175415468;True
5809;TOI-6383 Ab;TOI-6383 A;72.6577554674601;True
5810;TOI-640 Ab;TOI-640 A;14.852247244161418;True
5811;TOI-6420 b;TOI-6420;5.100618669667966;True
5812;TOI-6448 b;TOI-6448;0.9861709475517273;True
5813;TOI-6478 b;TOI-6478;1900.6279508104;True
5814;TOI-654 b;TOI-654;189.39226414264544;True
5815;TOI-6628 b;TOI-6628;0.9861709475517273;True
5816;TOI-663 b;TOI-663;267.25982797115915;True
5817;TOI-663 c;TOI-663;267.25982797115915;True
5818;TOI-663 d;TOI-663;267.25982797115915;True
5819;TOI-6651 b;TOI-6651;1.4372675944968347;True
5820;TOI-6695 b;TOI-6695;7.596393954812277;True
5821;TOI-6695 c;TOI-6695;7.596393954812277;True
5822;TOI-669 b;TOI-669;91.21488590628934;True
5823;TOI-672 b;TOI-672;149.55743178223716;True
5824;TOI-674 b;TOI-674;128.84446257093236;True
5825;TOI-677 b;TOI-677;5.552611742757164;True
5826;TOI-682 b;TOI-682;16.538372956788532;True
5827;TOI-682 c;TOI-682;16.538372956788532;True
5828;TOI-6883 Ab;TOI-6883 A;20.62249151422996;True
5829;TOI-6883 Ac;TOI-6883 A;20.62249151422996;True
5830;TOI-6894 b;TOI-6894;1038.022369282484;True
5831;TOI-700 b;TOI-700;122.80071913766932;True
5832;TOI-700 c;TOI-700;122.80071913766932;True
5833;TOI-700 d;TOI-700;122.80071913766932;True
5834;TOI-700 e;TOI-700;122.80071913766932;True
5835;TOI-7018 b;TOI-7018;5.705295319516248;True
5836;TOI-7041 b;TOI-7041;32.57497301111025;True
5837;TOI-707 b;TOI-707;1.6912228732794197;True
5838;TOI-7081 b;TOI-7081;4.1583809617782475;True
5839;TOI-712 b;TOI-712;3.7828660442739945;True
5840;TOI-712 c;TOI-712;3.7828660442739945;True
5841;TOI-712 d;TOI-712;3.7828660442739945;True
5842;TOI-7149 b;TOI-7149;144.78674789614686;True
5843;TOI-715 b;TOI-715;1586.9510322348249;True
5844;TOI-7166 b;TOI-7166;374.9239465366897;True
5845;TOI-733 b;TOI-733;3.9101682568425087;True
5846;TOI-756 Ab;TOI-756 A;276.6973493374061;True
5847;TOI-756 Ac;TOI-756 A;276.6973493374061;True
5848;TOI-757 b;TOI-757;5.474166188151881;True
5849;TOI-762 Ab;TOI-762 A;201.82390105814295;True
5850;TOI-763 Ab;TOI-763 A;23.441154879711377;True
5851;TOI-763 Ac;TOI-763 A;23.441154879711377;True
5852;TOI-771 b;TOI-771;1586.9510322348249;True
5853;TOI-771 c;TOI-771;1586.9510322348249;True
5854;TOI-776 b;TOI-776;209.8108417728416;True
5855;TOI-776 c;TOI-776;209.8108417728416;True
5856;TOI-778 b;TOI-778;106.22387320904888;True
5857;TOI-782 b;TOI-782;336.25456490855663;True
5858;TOI-784 b;TOI-784;1.4576492667223953;True
5859;TOI-784 c;TOI-784;1.4576492667223953;True
5860;TOI-813 b;TOI-813;2.8451042517999197;True
5861;TOI-815 Ab;TOI-815 A;16.59746806524845;True
5862;TOI-815 Ac;TOI-815 A;16.59746806524845;True
5863;TOI-824 b;TOI-824;4.18595153508665;True
5864;TOI-833 Ab;TOI-833 A;125.01094450329208;True
5865;TOI-836 b;TOI-836;6.0347044270047006;True
5866;TOI-836 c;TOI-836;6.0347044270047006;True
5867;TOI-837 Ab;TOI-837 A;2.185931684207305;True
5868;TOI-849 b;TOI-849;14.806830924778945;True
5869;TOI-858 Bb;TOI-858 B;10.511143614961323;True
5870;TOI-871 b;TOI-871;16.28995564126966;True
5871;TOI-880 Ab;TOI-880 A;37.621291661521745;True
5872;TOI-880 Ac;TOI-880 A;37.621291661521745;True
5873;TOI-880 Ad;TOI-880 A;37.621291661521745;True
5874;TOI-892 b;TOI-892;12.381010623425473;True
5875;TOI-904 b;TOI-904;277.71061394174365;True
5876;TOI-904 c;TOI-904;277.71061394174365;True
5877;TOI-905 Ab;TOI-905 A;11.400479062873927;True
5878;TOI-907 Ab;TOI-907 A;6.534442889652828;True
5879;TOI-908 b;TOI-908;8.082724784603418;True
5880;TOI-912 b;TOI-912;85.63172659054327;True
5881;TOI-913 b;TOI-913;41.12976699427181;True
5882;TOI-942 b;TOI-942;65.16029908025975;True
5883;TOI-942 c;TOI-942;65.16029908025975;True
5884;TOI-954 Ab;TOI-954 A;3.963373971508084;True
5885;TOI-969 b;TOI-969;3.801708668260484;True
5886;TOI-969 c;TOI-969;3.801708668260484;True
5887;TRAPPIST-1 b;TRAPPIST-1;842.953236526825;True
5888;TRAPPIST-1 c;TRAPPIST-1;842.953236526825;True
5889;TRAPPIST-1 d;TRAPPIST-1;842.953236526825;True
5890;TRAPPIST-1 e;TRAPPIST-1;842.953236526825;True
5891;TRAPPIST-1 f;TRAPPIST-1;842.953236526825;True
5892;TRAPPIST-1 g;TRAPPIST-1;842.953236526825;True
5893;TRAPPIST-1 h;TRAPPIST-1;842.953236526825;True
5894;TrES-1 Ab;TrES-1 A;11.282568337909368;True
5895;TrES-2 Ab;TrES-2 A;3.318348746471478;True
5896;TrES-3 b;TrES-3;9.606668396464851;True
5897;TrES-4 Ab;TrES-4 A;3.0660899503675467;True
5898;TrES-5 b;TrES-5;11.282568337909368;True
5899;TVLM 513-46546 b;TVLM 513-46546;842.953236526825;True
5900;TWA 7 b;TWA 7;146.83748736026607;True
5901;TW Hya b;TW Hya;13.81636933655006;True
5902;TYC 1422-614-1 b;TYC 1422-614-1;2.371512446515341;True
5903;TYC 1422-614-1 c;TYC 1422-614-1;2.371512446515341;True
5904;TYC 2187-512-1 b;TYC 2187-512-1;186.417278834136;True
5905;TYC 3318-01333-1 b;TYC 3318-01333-1;26.853790762105888;True
5906;TYC 3667-1280-1 b;TYC 3667-1280-1;154.45171175140268;True
5907;TYC 4282-605-1 b;TYC 4282-605-1;4.034591376391741;True
5908;TYC 8998-760-1 c;TYC 8998-760-1;76.27957318930669;True
5909;UKIRT-2017-BLG-001 b;UKIRT-2017-BLG-001;17.213770009596853;True
5910;ups And Ab;ups And A;13.806751563865388;True
5911;ups And Ac;ups And A;13.806751563865388;True
5912;ups And Ae;ups And A;13.806751563865388;True
5913;ups Leo b;ups Leo;0.9861709475517273;True
5914;UX Tau Ab;UX Tau A;14.831376367017084;True
5915;UZ For (AB) b;UZ For (AB);33.033986866874834;True
5916;UZ For (AB) c;UZ For (AB);33.033986866874834;True
5917;V2051 Oph (AB)b;V2051 Oph (AB);15.443078668577282;True
5918;V808 Aur (AB)b;V808 Aur (AB);7.51432801580081;True
5919;WASP-100 Ab;WASP-100 A;11.222938042745955;True
5920;WASP-101 b;WASP-101;6.534237419033313;True
5921;WASP-102 b;WASP-102;9.29689518431462;True
5922;WASP-103 b;WASP-103;7.156944741537693;True
5923;WASP-104 Ab;WASP-104 A;10.81155275829569;True
5924;WASP-105 b;WASP-105;27.57686975230543;True
5925;WASP-106 b;WASP-106;2.9225422221086883;True
5926;WASP-107 b;WASP-107;4.18595153508665;True
5927;WASP-107 c;WASP-107;4.18595153508665;True
5928;WASP-108 Ab;WASP-108 A;5.100618669667966;True
5929;WASP-109 b;WASP-109;7.147542881603326;True
5930;WASP-10 b;WASP-10;3.3365156821957984;True
5931;WASP-110 b;WASP-110;20.939434016150457;True
5932;WASP-111 Ab;WASP-111 A;4.6601438682717;True
5933;WASP-112 b;WASP-112;45.82592326728393;True
5934;WASP-113 Ab;WASP-113 A;4.156383958764904;True
5935;WASP-114 Ab;WASP-114 A;13.587064274180614;True
5936;WASP-116 b;WASP-116;10.872543723452578;True
5937;WASP-117 b;WASP-117;5.278505445729815;True
5938;WASP-118 Ab;WASP-118 A;16.31426928662606;True
5939;WASP-119 b;WASP-119;5.718790500457345;True
5940;WASP-120 Ab;WASP-120 A;3.5265058025512745;True
5941;WASP-121 b;WASP-121;2.6716209743581105;True
5942;WASP-122 Ab;WASP-122 A;5.621770178859459;True
5943;WASP-123 Ab;WASP-123 A;10.340625695278629;True
5944;WASP-124 b;WASP-124;9.1152328322296;True
5945;WASP-126 b;WASP-126;1.9481251075565509;True
5946;WASP-126 c;WASP-126;1.9481251075565509;True
5947;WASP-127 Ab;WASP-127 A;4.314769054503103;True
5948;WASP-129 Ab;WASP-129 A;3.667916498166737;True
5949;WASP-12 Ab;WASP-12 A;1.8788989272419885;True
5950;WASP-130 Ab;WASP-130 A;30.096671951174503;True
5951;WASP-131 Ab;WASP-131 A;9.29689518431462;True
5952;WASP-132 b;WASP-132;12.472857741126282;True
5953;WASP-132 c;WASP-132;12.472857741126282;True
5954;WASP-132 d;WASP-132;12.472857741126282;True
5955;WASP-133 b;WASP-133;9.355434942799528;True
5956;WASP-134 b;WASP-134;9.355434942799528;True
5957;WASP-134 c;WASP-134;9.355434942799528;True
5958;WASP-135 b;WASP-135;1.770912169470917;True
5959;WASP-136 Ab;WASP-136 A;5.278505445729815;True
5960;WASP-137 Ab;WASP-137 A;14.341710419270717;True
5961;WASP-138 b;WASP-138;5.026531076858301;True
5962;WASP-139 Ab;WASP-139 A;9.746335791333893;True
5963;WASP-13 b;WASP-13;38.64564988008699;True
5964;WASP-140 Ab;WASP-140 A;5.329838168684424;True
5965;WASP-141 b;WASP-141;22.197171833376913;True
5966;WASP-142 b;WASP-142;1.5982424718313517;True
5967;WASP-143 b;WASP-143;8.746107383904679;True
5968;WASP-144 b;WASP-144;41.12976699427181;True
5969;WASP-145 Ab;WASP-145 A;16.59746806524845;True
5970;WASP-146 b;WASP-146;3.0885812540236106;True
5971;WASP-147 b;WASP-147;7.397736510976321;True
5972;WASP-148 b;WASP-148;1.0632674837963303;True
5973;WASP-148 c;WASP-148;1.0632674837963303;True
5974;WASP-149 b;WASP-149;4.882421977944907;True
5975;WASP-14 Ab;WASP-14 A;17.092695195147236;True
5976;WASP-150 b;WASP-150;12.064790071713087;True
5977;WASP-151 b;WASP-151;4.716514077478763;True
5978;WASP-153 Ab;WASP-153 A;4.075067734999514;True
5979;WASP-154 b;WASP-154;15.277422769865408;True
5980;WASP-155 b;WASP-155;27.179954909100964;True
5981;WASP-156 b;WASP-156;20.711664486875648;True
5982;WASP-157 b;WASP-157;1.2965374872277344;True
5983;WASP-158 b;WASP-158;2.4970446102599952;True
5984;WASP-159 b;WASP-159;3.0044090422034886;True
5985;WASP-15 b;WASP-15;1.121709366362818;True
5986;WASP-160 Bb;WASP-160 B;5.329838168684424;True
5987;WASP-161 b;WASP-161;142.1852918777508;True
5988;WASP-162 b;WASP-162;8.082724784603418;True
5989;WASP-163 Ab;WASP-163 A;17.381613260183634;True
5990;WASP-164 b;WASP-164;1.93405762782388;True
5991;WASP-165 b;WASP-165;3.963373971508084;True
5992;WASP-166 b;WASP-166;1.5032167345094865;True
5993;WASP-167 b;WASP-167;375.1766205492572;True
5994;WASP-168 Ab;WASP-168 A;9.29689518431462;True
5995;WASP-169 b;WASP-169;4.2613712450638745;True
5996;WASP-16 b;WASP-16;44.58687258221274;True
5997;WASP-16 c;WASP-16;44.58687258221274;True
5998;WASP-170 Ab;WASP-170 A;9.830114155969795;True
5999;WASP-171 b;WASP-171;4.6766801605762325;True
6000;WASP-172 b;WASP-172;114.62130741438918;True
6001;WASP-174 b;WASP-174;7.664737607097212;True
6002;WASP-175 Ab;WASP-175 A;6.534442889652826;True
6003;WASP-176 b;WASP-176;1.836827015526608;True
6004;WASP-177 b;WASP-177;37.621291661521745;True
6005;WASP-178 b;WASP-178;1305.5240335548351;True
6006;WASP-17 b;WASP-17;5.552611742757164;True
6007;WASP-180 Ab;WASP-180 A;16.075775338755324;True
6008;WASP-181 b;WASP-181;4.067974707294332;True
6009;WASP-182 b;WASP-182;13.513407092278795;True
6010;WASP-183 b;WASP-183;17.362315715276193;True
6011;WASP-184 b;WASP-184;12.88303754507056;True
6012;WASP-185 b;WASP-185;0.9861709475517273;True
6013;WASP-186 b;WASP-186;6.0301646114347065;True
6014;WASP-187 b;WASP-187;10.49004184042282;True
6015;WASP-188 Ab;WASP-188 A;48.66133969843435;True
6016;WASP-189 Ab;WASP-189 A;206.64396033130367;True
6017;WASP-18 Ab;WASP-18 A;18.249274777236245;True
6018;WASP-18 Ac;WASP-18 A;18.249274777236245;True
6019;WASP-190 b;WASP-190;6.025683993570262;True
6020;WASP-192 b;WASP-192;0.9861709475517273;True
6021;WASP-193 Ab;WASP-193 A;5.278505445729815;True
6022;WASP-194 Ab;WASP-194 A;16.31426928662606;True
6023;WASP-195 b;WASP-195;9.588806185802872;True
6024;WASP-197 b;WASP-197;3.0044090422034886;True
6025;WASP-19 Ab;WASP-19 A;22.254838722486017;True
6026;WASP-1 Ab;WASP-1 A;4.294446811038887;True
6027;WASP-20 Ab;WASP-20 A;6.17606392475813;True
6028;WASP-21 b;WASP-21;1.0632674837963303;True
6029;WASP-22 b;WASP-22;2.1949971416591874;True
6030;WASP-23 b;WASP-23;20.77746469353469;True
6031;WASP-24 Ab;WASP-24 A;5.278505445729815;True
6032;WASP-25 b;WASP-25;4.6599299739100495;True
6033;WASP-26 Ab;WASP-26 A;18.924255539314625;True
6034;WASP-28 b;WASP-28;1.6912228732794197;True
6035;WASP-29 Ab;WASP-29 A;29.560126749753515;True
6036;WASP-2 Ab;WASP-2 A;8.409763187000474;True
6037;WASP-31 b;WASP-31;13.171681072006582;True
6038;WASP-32 b;WASP-32;2.072214220842012;True
6039;WASP-33 Ab;WASP-33 A;112.26124946885858;True
6040;WASP-34 b;WASP-34;3.601350877968173;True
6041;WASP-35 b;WASP-35;0.9861709475517273;True
6042;WASP-36 Ab;WASP-36 A;5.099988492294524;True
6043;WASP-37 b;WASP-37;1.3947065215413126;True
6044;WASP-38 b;WASP-38;7.188940226743326;True
6045;WASP-39 b;WASP-39;4.148444628093995;True
6046;WASP-3 Ab;WASP-3 A;6.929823943704512;True
6047;WASP-41 b;WASP-41;23.84926785779609;True
6048;WASP-41 c;WASP-41;23.84926785779609;True
6049;WASP-42 b;WASP-42;0.9861709475517273;True
6050;WASP-43 b;WASP-43;5.572641460638402;True
6051;WASP-44 b;WASP-44;23.84926785779609;True
6052;WASP-45 Ab;WASP-45 A;13.374036826000834;True
6053;WASP-46 b;WASP-46;5.705295319516248;True
6054;WASP-47 b;WASP-47;1.0703731359649238;True
6055;WASP-47 c;WASP-47;1.0703731359649238;True
6056;WASP-47 d;WASP-47;1.0703731359649238;True
6057;WASP-47 e;WASP-47;1.0703731359649238;True
6058;WASP-48 b;WASP-48;13.171681072006582;True
6059;WASP-49 Ab;WASP-49 A;4.481705126605875;True
6060;WASP-4 b;WASP-4;8.082724784603418;True
6061;WASP-4 c;WASP-4;8.082724784603418;True
6062;WASP-50 b;WASP-50;2.5318171266155356;True
6063;WASP-52 b;WASP-52;11.0712277154921;True
6064;WASP-53 b;WASP-53;25.56339950971699;True
6065;WASP-54 Ab;WASP-54 A;2.185931684207305;True
6066;WASP-55 Ab;WASP-55 A;22.772074700808098;True
6067;WASP-56 Ab;WASP-56 A;10.399733486190453;True
6068;WASP-57 b;WASP-57;0.9861709475517273;True
6069;WASP-58 Ab;WASP-58 A;1.93405762782388;True
6070;WASP-59 Ab;WASP-59 A;3.914092054211561;True
6071;WASP-5 b;WASP-5;1.5392271397582211;True
6072;WASP-60 b;WASP-60;1.3266119383763764;True
6073;WASP-61 b;WASP-61;7.156944741537693;True
6074;WASP-62 b;WASP-62;7.156944741537693;True
6075;WASP-63 b;WASP-63;2.614082228560879;True
6076;WASP-64 Bb;WASP-64 B;3.601350877968172;True
6077;WASP-65 b;WASP-65;13.669985527441874;True
6078;WASP-66 b;WASP-66;7.156944741537693;True
6079;WASP-67 b;WASP-67;3.646851717887781;True
6080;WASP-68 Ab;WASP-68 A;3.601350877968173;True
6081;WASP-69 b;WASP-69;4.811914221820736;True
6082;WASP-6 b;WASP-6;3.2760572448911525;True
6083;WASP-70 Ab;WASP-70 A;18.4626211827487;True
6084;WASP-71 Ab;WASP-71 A;10.490041840422826;True
6085;WASP-72 Ab;WASP-72 A;10.340625695278629;True
6086;WASP-73 b;WASP-73;1.693623019794422;True
6087;WASP-74 b;WASP-74;59.30105296096596;True
6088;WASP-75 Ab;WASP-75 A;2.185931684207305;True
6089;WASP-76 Ab;WASP-76 A;7.415992087904577;True
6090;WASP-77 Ab;WASP-77 A;13.389480125780157;True
6091;WASP-78 b;WASP-78;44.14500808821764;True
6092;WASP-79 b;WASP-79;11.510672128840772;True
6093;WASP-7 b;WASP-7;30.846376727476684;True
6094;WASP-80 b;WASP-80;233.41282156755636;True
6095;WASP-81 b;WASP-81 ;10.511143614961323;True
6096;WASP-82 b;WASP-82;9.24168629040639;True
6097;WASP-83 b;WASP-83;12.930502372097529;True
6098;WASP-84 b;WASP-84;5.225446657870149;True
6099;WASP-84 c;WASP-84;5.225446657870149;True
6100;WASP-85 Ab;WASP-85 A;4.535109572925661;True
6101;WASP-87 Ab;WASP-87 A;17.092695195147236;True
6102;WASP-88 b;WASP-88;7.016834469977972;True
6103;WASP-89 b;WASP-89;26.262018615738953;True
6104;WASP-8 Ab;WASP-8 A;28.375215156263376;True
6105;WASP-90 b;WASP-90;14.852247244161418;True
6106;WASP-91 b;WASP-91;25.56339950971699;True
6107;WASP-92 b;WASP-92;0.9538668676984222;True
6108;WASP-93 b;WASP-93;29.875819471218332;True
6109;WASP-94 Ab;WASP-94 A;13.713754773969786;True
6110;WASP-94 Bb;WASP-94 B;12.88303754507056;True
6111;WASP-95 b;WASP-95;19.544744508160953;True
6112;WASP-96 b;WASP-96;20.3187349466504;True
6113;WASP-97 b;WASP-97;9.437155963761535;True
6114;WASP-98 Ab;WASP-98 A;15.338824938241444;True
6115;WASP-99 b;WASP-99;9.993514485987651;True
6116;WD 0310-688 b;WD 0310-688;218.69389221253948;True
6117;WD 0806-661 B b;WD 0806-661B;127.8781382594606;True
6118;WD 1856+534 Ab;WD 1856+534 A;19.407237800065776;True
6119;Wendelstein-1 Ab;Wendelstein-1 A;73.66002936801222;True
6120;Wendelstein-2 b;Wendelstein-2;5.682970945467606;True
6121;WIS 395 b;WIS 395;17.67059887281646;True
6122;WISE J1355-8258 b;WISE J1355-8258;0.9861709475517273;True
6123;WISPIT 1 (AB)b;WISPIT 1 (AB);19.53277378066385;True
6124;WISPIT 1 (AB)c;WISPIT 1 (AB);19.53277378066385;True
6125;WISPIT 2 b;WISPIT 2;46.26502511132837;True
6126;Wolf 1061 b;Wolf 1061;670.0062669568697;True
6127;Wolf 1061 c;Wolf 1061;670.0062669568697;True
6128;Wolf 1061 d;Wolf 1061;670.0062669568697;True
6129;Wolf 1069 b;Wolf 1069;752.3834632699583;True
6130;Wolf 327 b;Wolf 327;0.9861709475517273;True
6131;Wolf 359 c;Wolf 359;0.9861709475517273;True
6132;Wolf 503 b;Wolf 503;7.380769984185744;True
6133;WTS-1 b;WTS-1;3.123511447228083;True
6134;WTS-2 b;WTS-2;25.56339950971699;True
6135;XO-1 b;XO-1;1.3947065215413126;True
6136;XO-2N b;XO-2N;1.3947065215413126;True
6137;XO-2S b;XO-2S;5.648758695457494;True
6138;XO-2S c;XO-2S;5.648758695457494;True
6139;XO-2S d;XO-2S;5.648758695457494;True
6140;XO-3 Ab;XO-3 A;11.475507201797324;True
6141;XO-4 b;XO-4;12.064790071713087;True
6142;XO-5 b;XO-5;2.9722199168975747;True
6143;XO-6 b;XO-6;14.00335997391898;True
6144;XO-7 b;XO-7;32.749300777460014;True
6145;XTE J0929-314 b;XTE J0929-314;70.89285527274173;True
6146;YBP 1194 b;YBP 1194;4.659929973910049;True
6147;YBP 1514 b;YBP 1514;2.3545585983537074;True
6148;YBP 401 b;YBP 401;2.2579735011659787;True
6149;YZ Cet b;YZ Cet;446.9141528039238;True
6150;YZ Cet c;YZ Cet;446.9141528039238;True
6151;YZ Cet d;YZ Cet;446.9141528039238;True
